reaction,healthy_only,covid_only,shared,n_healthy_active,n_covid_active
HMR_4097,False,False,True,3,4
HMR_4099,False,False,True,5,3
HMR_4108,False,False,True,3,4
HMR_4133,False,False,True,3,4
HMR_4137,False,False,False,0,0
HMR_4281,False,False,True,5,4
HMR_4388,False,False,True,5,4
HMR_4283,False,False,True,3,2
HMR_8357,False,False,True,5,4
HMR_4379,False,False,True,5,4
HMR_4301,False,False,True,5,4
HMR_4355,False,False,True,5,4
HMR_4358,False,False,True,5,4
HMR_4360,False,False,False,0,0
HMR_4363,False,False,True,5,4
HMR_4365,False,False,True,5,4
HMR_4368,False,False,True,5,4
HMR_4370,False,False,True,5,3
HMR_4371,False,False,True,5,4
HMR_4372,False,False,True,4,3
HMR_4373,False,False,True,5,4
HMR_4375,False,False,True,5,4
HMR_4377,False,False,True,4,3
HMR_4381,False,False,True,5,4
HMR_4391,False,False,True,5,4
HMR_4394,False,False,True,5,4
HMR_4396,False,False,True,5,4
HMR_4521,False,False,True,5,4
HMR_6410,False,False,True,5,4
HMR_6412,False,False,True,5,4
HMR_7745,False,False,True,5,4
HMR_7746,False,False,True,4,4
HMR_7747,False,False,True,2,3
HMR_7748,False,False,True,5,4
HMR_7749,False,False,True,5,4
HMR_4122,False,False,True,5,4
HMR_5395,False,False,True,5,4
HMR_5396,False,False,True,5,4
HMR_9727,False,False,True,5,4
HMR_5397,False,False,True,5,4
HMR_5398,False,False,True,5,4
HMR_5399,False,True,False,0,3
HMR_5400,False,True,False,0,3
HMR_5401,False,False,True,5,4
HMR_8585,False,True,False,0,3
HMR_3944,False,False,False,0,0
HMR_4128,False,False,True,5,4
HMR_4130,False,False,True,4,4
HMR_4131,False,False,True,5,4
HMR_4132,False,False,True,5,4
HMR_4414,False,False,True,5,4
HMR_4415,False,False,False,0,0
HMR_4774,False,False,True,5,4
HMR_4775,False,False,True,5,4
HMR_4831,False,False,True,2,3
HMR_4832,False,False,False,0,0
HMR_7674,False,False,True,5,4
HMR_8764,False,False,False,0,0
HMR_8766,False,False,True,5,4
HMR_8767,False,False,True,5,4
HMR_0454,False,False,False,0,0
HMR_4297,False,False,True,5,4
HMR_4315,False,False,True,5,4
HMR_4316,False,False,True,5,4
HMR_4319,False,False,True,4,4
HMR_4383,False,False,True,5,4
HMR_4385,False,False,True,5,4
HMR_4386,False,False,True,5,4
HMR_4387,False,False,True,5,2
HMR_4399,False,False,True,5,4
HMR_4400,False,False,True,4,2
HMR_4401,False,False,False,0,0
HMR_4402,False,False,True,5,4
HMR_4490,False,False,True,4,4
HMR_4706,False,False,True,5,4
HMR_8768,False,False,True,3,2
HMR_4590,False,False,True,5,4
HMR_4591,False,False,True,5,1
HMR_4592,False,False,True,5,4
HMR_4593,True,False,False,1,0
HMR_4595,False,False,True,4,4
HMR_8342,False,False,True,5,4
HMR_8344,False,False,True,5,4
HMR_8352,False,False,True,5,4
HMR_8353,False,False,True,5,4
HMR_8727,False,False,True,5,1
HMR_8728,False,False,False,0,0
HMR_8729,False,False,False,0,0
HMR_6537,False,False,True,5,4
HMR_1568,False,False,True,3,2
HMR_3853,False,False,True,5,4
HMR_3854,False,False,True,5,4
HMR_3855,False,False,True,5,4
HMR_3857,False,False,True,5,4
HMR_3859,False,False,True,5,3
HMR_4087,False,False,True,4,3
HMR_4089,False,False,True,1,4
HMR_4091,False,False,True,4,3
HMR_4093,True,False,False,1,0
HMR_4095,True,False,False,1,0
HMR_4101,False,False,True,3,2
HMR_4103,False,False,True,4,3
HMR_4143,False,False,True,3,1
HMR_4193,False,False,True,5,4
HMR_8497,False,False,True,5,4
HMR_8498,False,False,True,1,1
HMR_8499,False,False,True,1,1
HMR_8500,False,False,True,5,4
HMR_8501,False,False,True,5,4
HMR_8502,False,False,True,5,4
HMR_8503,False,False,True,5,4
HMR_8504,False,False,True,5,4
HMR_8506,False,False,True,5,4
HMR_8507,False,False,True,5,4
HMR_8508,False,False,True,5,4
HMR_8509,False,False,True,5,4
HMR_8511,False,False,True,5,4
HMR_8512,False,False,True,3,3
HMR_8514,False,False,True,5,2
HMR_8516,False,False,True,5,4
HMR_8517,False,False,False,0,0
HMR_4280,False,False,True,5,4
HMR_0153,False,False,True,5,4
HMR_3212,False,False,True,5,4
HMR_3797,False,False,True,5,4
HMR_3800,False,False,False,0,0
HMR_4105,False,False,True,5,2
HMR_4106,False,False,True,5,2
HMR_4107,False,False,True,5,2
HMR_4282,False,False,True,5,4
HMR_4331,False,False,True,5,4
HMR_4459,False,False,True,5,4
HMR_4460,False,False,True,5,4
HMR_4464,False,False,True,5,4
HMR_4497,False,False,True,5,4
HMR_4741,False,False,True,5,4
HMR_8078,False,False,True,5,4
HMR_9803,False,False,True,1,2
HMR_9804,False,False,True,5,4
HMR_1434,False,False,True,2,3
HMR_1436,True,False,False,4,0
HMR_3163,False,False,True,5,4
HMR_4461,False,False,True,5,4
HMR_4604,False,False,True,5,3
HMR_5351,False,False,True,5,4
HMR_7709,False,False,True,5,4
HMR_4052,False,False,True,5,4
HMR_4304,False,False,True,4,2
HMR_4306,False,False,True,5,4
HMR_4350,False,False,True,5,3
HMR_4351,False,False,True,5,4
HMR_4352,False,False,True,5,4
HMR_4354,False,False,True,5,4
HMR_4398,False,False,True,5,4
HMR_4404,False,False,True,4,4
HMR_4473,False,False,True,5,4
HMR_4474,False,False,True,5,4
HMR_4476,False,False,True,5,4
HMR_4477,False,False,True,4,4
HMR_4501,False,False,True,3,4
HMR_4565,False,False,True,4,2
HMR_4567,False,False,True,5,4
HMR_4568,False,False,True,5,4
HMR_4623,False,False,True,5,4
HMR_4625,False,False,True,5,4
HMR_4710,False,False,True,1,4
HMR_4841,False,False,True,5,3
HMR_8074,True,False,False,2,0
HMR_8653,False,False,True,5,4
HMR_3998,False,False,True,5,4
HMR_4000,False,False,True,5,4
HMR_4002,False,False,True,5,4
HMR_4004,False,False,True,5,4
HMR_4010,False,False,True,5,4
HMR_4081,False,False,True,5,4
HMR_4082,False,False,True,5,4
HMR_4012,False,False,True,5,4
HMR_4014,False,False,True,5,4
HMR_4020,False,False,True,5,4
HMR_4022,False,False,True,5,4
HMR_4038,False,False,True,5,4
HMR_4040,False,False,True,5,4
HMR_4042,False,False,True,5,4
HMR_4046,False,False,True,5,3
HMR_4048,False,False,True,5,4
HMR_4080,False,False,True,5,2
HMR_4085,False,False,True,5,4
HMR_4086,False,False,True,5,4
HMR_4135,False,False,True,5,4
HMR_4168,False,False,True,5,2
HMR_4171,False,False,True,5,4
HMR_4406,False,False,True,5,3
HMR_4412,False,False,True,5,4
HMR_4417,False,False,True,5,4
HMR_4418,False,False,True,5,3
HMR_4419,False,False,True,5,3
HMR_4421,False,False,True,5,4
HMR_4449,False,False,True,5,4
HMR_4451,False,False,True,5,4
HMR_4452,False,False,True,5,3
HMR_4453,False,False,True,5,4
HMR_4480,False,False,True,5,4
HMR_4481,False,False,True,3,1
HMR_4482,False,False,True,3,1
HMR_4486,False,False,True,4,4
HMR_4487,False,False,True,4,4
HMR_4488,False,False,True,4,4
HMR_4489,False,False,True,4,4
HMR_4492,False,False,True,4,4
HMR_4493,False,False,True,4,4
HMR_4518,False,False,True,3,1
HMR_4519,False,False,True,5,4
HMR_4520,False,False,False,0,0
HMR_4573,False,False,True,5,4
HMR_4574,False,False,True,5,4
HMR_4600,False,False,True,5,2
HMR_4602,False,False,True,5,4
HMR_4603,False,False,True,5,4
HMR_4611,False,False,True,1,3
HMR_4612,False,False,True,2,2
HMR_4614,False,True,False,0,2
HMR_4615,False,True,False,0,1
HMR_4617,False,False,True,1,4
HMR_4618,False,False,False,0,0
HMR_4619,False,False,True,4,1
HMR_4621,False,False,False,0,0
HMR_4632,False,False,True,5,4
HMR_4646,False,False,True,1,4
HMR_4648,False,False,True,5,4
HMR_4649,False,False,False,0,0
HMR_4650,False,False,False,0,0
HMR_4651,False,False,True,5,4
HMR_4663,False,False,True,5,4
HMR_4664,False,False,True,5,3
HMR_4694,False,False,True,3,1
HMR_4695,False,False,True,5,4
HMR_4705,False,False,True,5,4
HMR_4709,False,False,True,5,4
HMR_4799,False,False,True,5,3
HMR_4802,False,False,True,5,3
HMR_4804,False,False,True,5,2
HMR_4808,False,False,True,5,3
HMR_4810,False,False,True,5,2
HMR_4812,False,False,True,4,4
HMR_4814,False,False,True,5,4
HMR_5301,False,True,False,0,1
HMR_5353,False,False,True,5,4
HMR_6602,False,False,True,5,4
HMR_6603,False,False,True,5,4
HMR_6605,False,False,True,5,4
HMR_6606,False,False,True,5,4
HMR_6607,False,False,True,5,4
HMR_6610,False,False,True,5,4
HMR_6611,False,False,True,5,4
HMR_7144,False,False,True,5,3
HMR_8755,False,False,False,0,0
HMR_9797,False,False,False,0,0
HMR_4016,False,False,True,5,4
HMR_4018,False,False,True,5,4
HMR_4044,False,False,True,5,4
HMR_4291,False,False,True,5,4
HMR_4420,False,False,True,5,4
HMR_4570,False,False,True,5,4
HMR_4572,False,False,True,5,4
HMR_4006,False,False,True,5,4
HMR_4028,False,False,True,5,4
HMR_4030,False,False,True,5,4
HMR_4670,False,False,True,5,4
HMR_4673,False,False,True,5,4
HMR_4675,False,False,True,5,4
HMR_6614,False,False,True,5,4
HMR_6615,False,False,True,5,4
HMR_6616,False,False,True,5,4
HMR_4635,False,False,True,5,4
HMR_3793,False,False,True,2,1
HMR_3931,False,False,True,5,4
HMR_3969,False,False,True,1,2
HMR_3970,False,False,True,5,4
HMR_4008,False,False,True,5,4
HMR_4032,False,False,True,4,2
HMR_4034,False,False,True,5,4
HMR_4036,False,False,False,0,0
HMR_4050,False,False,True,5,4
HMR_4056,False,False,True,5,4
HMR_4059,False,False,True,5,4
HMR_4060,False,False,True,5,4
HMR_4127,False,False,True,5,2
HMR_4177,False,False,True,5,4
HMR_4179,False,False,True,5,4
HMR_4182,False,False,True,5,4
HMR_4183,False,False,True,5,4
HMR_4192,False,False,True,5,4
HMR_4194,False,False,True,5,4
HMR_4210,False,False,True,5,4
HMR_4211,False,False,True,5,3
HMR_4343,False,False,True,3,2
HMR_4345,False,False,True,3,3
HMR_4346,False,False,True,5,4
HMR_4470,False,False,True,3,3
HMR_4471,False,False,True,5,4
HMR_4472,False,False,True,3,3
HMR_4484,False,False,True,5,4
HMR_4485,False,False,True,5,4
HMR_4510,False,False,True,5,4
HMR_4512,False,False,True,5,4
HMR_4513,False,False,True,2,4
HMR_4514,False,False,True,4,1
HMR_4577,False,False,True,3,3
HMR_4579,False,False,True,5,4
HMR_4580,False,False,True,4,1
HMR_4608,False,False,True,5,4
HMR_4575,False,False,True,3,3
HMR_4637,False,False,True,4,3
HMR_4642,False,False,True,5,2
HMR_4643,False,False,True,5,3
HMR_4644,False,False,True,5,4
HMR_4672,False,False,False,0,0
HMR_4676,False,False,False,0,0
HMR_4736,False,False,True,5,4
HMR_4819,False,False,True,2,4
HMR_5299,False,False,True,2,1
HMR_5352,False,True,False,0,1
HMR_6612,False,False,True,5,4
HMR_6621,False,False,True,2,3
HMR_6622,False,False,False,0,0
HMR_6623,False,False,False,0,0
HMR_6624,False,False,False,0,0
HMR_6627,False,False,True,5,4
HMR_8072,False,False,True,5,4
HMR_3965,False,False,True,5,3
HMR_3966,False,False,True,5,2
HMR_3967,False,False,True,5,4
HMR_3968,False,False,True,5,4
HMR_3999,False,False,True,2,2
HMR_4024,False,False,True,5,4
HMR_4026,False,True,False,0,2
HMR_4054,False,False,True,4,3
HMR_4061,False,False,True,5,4
HMR_4083,False,False,True,5,4
HMR_4180,False,False,False,0,0
HMR_4185,False,False,True,5,4
HMR_4186,False,False,True,5,4
HMR_4344,False,False,True,5,4
HMR_4483,False,False,True,2,1
HMR_4507,False,False,True,5,4
HMR_4516,False,False,True,5,2
HMR_4601,False,False,True,5,2
HMR_4633,False,False,True,3,1
HMR_4640,False,False,True,4,3
HMR_4641,False,False,False,0,0
HMR_4680,False,False,True,5,4
HMR_4806,False,False,True,5,3
HMR_5394,False,False,False,0,0
HMR_6625,False,False,False,0,0
HMR_6626,False,False,True,5,2
HMR_7160,False,False,True,5,4
HMR_7161,False,False,False,0,0
HMR_7162,False,False,True,5,4
HMR_7163,False,False,False,0,0
HMR_7164,False,False,False,0,0
HMR_7713,False,False,True,5,4
HMR_7716,False,False,True,5,4
HMR_7717,False,False,True,5,4
HMR_7721,False,False,True,5,4
HMR_7725,False,False,True,5,4
HMR_7728,False,False,True,5,4
HMR_7800,False,False,False,0,0
HMR_7801,False,False,True,5,4
HMR_7802,False,False,False,0,0
HMR_7863,False,False,True,5,4
HMR_7864,False,False,True,5,4
HMR_7865,False,False,True,5,4
HMR_7866,False,False,True,5,4
HMR_7867,False,False,True,5,4
HMR_7868,False,False,True,5,4
HMR_7869,False,False,True,5,4
HMR_7870,False,False,True,5,4
HMR_7871,False,False,True,5,4
HMR_7872,False,False,True,5,4
HMR_7873,False,False,True,5,4
HMR_7874,False,False,True,5,4
HMR_7875,False,False,True,5,4
HMR_7876,False,False,True,5,4
HMR_7878,False,False,True,5,4
HMR_7881,False,False,True,5,4
HMR_7882,False,False,True,5,4
HMR_7883,False,False,True,5,4
HMR_7884,False,False,True,5,4
HMR_7885,False,False,True,5,4
HMR_7886,False,False,True,5,4
HMR_7887,False,False,True,5,4
HMR_7888,False,False,True,5,4
HMR_7889,False,False,True,5,4
HMR_7890,False,False,True,5,4
HMR_7891,False,False,True,5,4
HMR_7892,False,False,True,5,4
HMR_7893,False,False,True,5,4
HMR_8083,False,False,True,5,4
HMR_8085,False,False,True,5,4
HMR_8087,False,False,True,5,4
HMR_8445,False,False,False,0,0
HMR_8446,False,False,False,0,0
HMR_8448,False,False,True,5,4
HMR_8449,False,False,True,5,4
HMR_8450,False,False,True,5,4
HMR_8451,False,False,True,5,4
HMR_8452,False,False,True,5,4
HMR_8453,False,False,True,5,4
HMR_8454,False,False,True,5,4
HMR_8455,False,False,True,5,4
HMR_8456,False,False,True,5,4
HMR_8457,False,False,True,5,4
HMR_8458,False,False,True,5,4
HMR_8459,False,False,True,5,4
HMR_8460,False,False,True,5,4
HMR_8461,False,False,False,0,0
HMR_8462,False,False,True,5,4
HMR_8463,False,False,True,5,4
HMR_8464,False,False,True,5,4
HMR_8465,False,False,True,5,4
HMR_8466,False,False,True,5,4
HMR_8467,False,False,True,5,4
HMR_8468,False,False,True,5,4
HMR_8469,False,False,True,5,4
HMR_8470,False,False,True,5,4
HMR_8471,False,False,True,5,4
HMR_8472,False,False,True,5,4
HMR_8473,False,False,True,3,1
HMR_8474,False,False,True,5,4
HMR_8477,False,False,True,2,4
HMR_8478,False,False,True,2,4
HMR_8479,False,False,True,3,4
HMR_8480,False,False,False,0,0
HMR_8481,False,False,True,3,3
HMR_8482,False,False,False,0,0
HMR_8483,False,False,True,5,3
HMR_8485,False,False,True,5,4
HMR_8486,False,False,True,5,4
HMR_8487,False,False,True,5,4
HMR_3802,False,False,True,5,4
HMR_3804,False,False,True,5,4
HMR_3811,False,False,True,5,4
HMR_3813,False,False,True,5,4
HMR_3822,False,False,True,4,1
HMR_3827,False,False,True,5,4
HMR_3829,False,False,True,5,4
HMR_3831,False,False,True,5,2
HMR_3862,False,False,True,5,2
HMR_3865,False,False,True,5,4
HMR_3870,False,False,True,3,4
HMR_3873,False,False,True,2,1
HMR_8654,False,False,True,2,1
HMR_3890,False,False,True,5,4
HMR_3892,False,False,True,4,3
HMR_9802,True,False,False,1,0
HMR_3899,False,False,True,4,2
HMR_3903,False,False,True,4,3
HMR_4109,False,False,True,2,3
HMR_4114,False,False,True,2,2
HMR_4115,False,False,True,2,1
HMR_4118,False,True,False,0,4
HMR_4172,False,False,True,5,2
HMR_4196,False,False,True,5,4
HMR_4197,False,False,True,3,2
HMR_4287,False,False,True,5,4
HMR_4690,True,False,False,4,0
HMR_4693,False,False,True,5,4
HMR_6780,False,False,True,5,4
HMR_6969,False,False,True,5,3
HMR_6970,False,False,True,4,2
HMR_7642,False,False,True,5,4
HMR_8626,True,False,False,4,0
HMR_8628,True,False,False,3,0
HMR_3806,False,False,True,5,4
HMR_3807,False,False,True,5,4
HMR_3809,False,False,True,2,2
HMR_3816,False,False,True,4,3
HMR_3819,False,False,True,5,4
HMR_3820,False,False,True,5,4
HMR_3832,False,False,True,4,4
HMR_3833,False,False,True,5,4
HMR_3835,False,False,True,5,4
HMR_3837,False,False,True,5,4
HMR_3838,False,False,True,5,4
HMR_3895,False,False,True,5,4
HMR_3897,False,False,True,5,4
HMR_3956,False,False,True,1,1
HMR_3993,False,False,True,2,3
HMR_4073,False,False,True,5,4
HMR_4075,False,False,True,5,4
HMR_4077,False,False,True,5,4
HMR_4190,False,False,True,4,4
HMR_4191,False,False,True,5,3
HMR_4212,False,False,True,5,4
HMR_4422,False,False,True,5,4
HMR_4423,False,False,True,5,4
HMR_4424,True,False,False,2,0
HMR_4583,False,False,True,5,3
HMR_4606,False,False,True,4,3
HMR_4607,False,False,True,4,3
HMR_4776,False,False,True,5,4
HMR_4777,False,False,True,5,4
HMR_4778,False,False,True,5,4
HMR_4779,False,False,True,5,4
HMR_4780,False,False,True,5,4
HMR_4781,False,False,True,5,4
HMR_4784,False,False,True,4,3
HMR_4785,False,False,True,5,2
HMR_4786,False,False,True,4,4
HMR_4787,False,False,True,4,2
HMR_5384,False,False,True,5,4
HMR_6932,False,False,True,5,4
HMR_6935,False,False,True,5,4
HMR_6938,False,False,True,4,3
HMR_6940,False,False,True,2,4
HMR_6942,False,False,True,5,4
HMR_6945,False,False,True,5,4
HMR_6948,False,False,True,5,4
HMR_6951,False,False,True,5,4
HMR_6965,False,False,True,5,4
HMR_6966,False,False,True,5,4
HMR_8096,False,False,True,4,1
HMR_8097,False,False,True,4,1
HMR_8098,False,False,True,5,2
HMR_8416,False,False,True,5,3
HMR_8425,False,False,True,5,1
HMR_8426,False,False,True,4,3
HMR_8427,False,False,True,5,4
HMR_8431,False,False,True,5,3
HMR_8432,False,False,False,0,0
HMR_8603,False,False,True,5,4
HMR_8604,False,False,True,5,4
HMR_8605,False,False,True,5,4
HMR_8606,True,False,False,2,0
HMR_8607,False,False,False,0,0
HMR_8609,False,False,True,5,4
HMR_8610,False,False,True,2,1
HMR_8611,False,False,True,5,1
HMR_4285,False,False,True,1,1
HMR_0457,False,False,True,3,1
HMR_0460,False,False,True,3,1
HMR_3750,False,False,True,2,2
HMR_3752,False,False,True,5,3
HMR_3770,False,False,True,5,3
HMR_3771,False,False,True,2,2
HMR_3772,False,False,True,2,1
HMR_3782,False,False,True,2,2
HMR_3784,False,False,True,5,3
HMR_3839,False,False,True,5,4
HMR_3841,False,False,True,5,4
HMR_3843,False,True,False,0,4
HMR_3845,False,False,True,5,3
HMR_3847,False,False,True,5,4
HMR_3849,False,False,True,2,1
HMR_3852,False,False,True,5,4
HMR_3856,False,False,True,5,4
HMR_3860,False,False,True,5,4
HMR_3883,True,False,False,1,0
HMR_3901,True,False,False,1,0
HMR_3939,False,False,True,5,4
HMR_3974,False,False,False,0,0
HMR_4198,False,False,True,4,1
HMR_4199,False,False,True,5,1
HMR_4200,False,False,True,5,4
HMR_4284,True,False,False,5,0
HMR_4348,False,False,True,5,4
HMR_4467,False,False,True,2,4
HMR_4582,False,False,True,5,4
HMR_4584,False,False,True,4,3
HMR_4696,False,False,True,5,4
HMR_4697,False,False,True,2,2
HMR_4698,False,False,True,5,3
HMR_4699,False,False,True,5,4
HMR_4700,False,False,True,5,4
HMR_4742,False,False,True,5,4
HMR_4788,False,False,True,2,1
HMR_4789,True,False,False,2,0
HMR_4791,False,False,True,1,1
HMR_4792,False,False,True,5,4
HMR_5392,False,False,True,5,4
HMR_5393,True,False,False,2,0
HMR_6409,False,False,True,5,4
HMR_7702,False,False,True,5,4
HMR_7703,False,False,True,2,1
HMR_8433,True,False,False,2,0
HMR_8434,True,False,False,2,0
HMR_8435,True,False,False,2,0
HMR_8436,True,False,False,2,0
HMR_8437,True,False,False,2,0
HMR_8439,False,False,True,2,1
HMR_8440,False,False,True,2,1
HMR_8441,False,False,True,4,2
HMR_8442,False,False,True,3,4
HMR_4428,False,False,True,5,4
HMR_4429,False,False,True,5,2
HMR_4430,False,False,True,5,4
HMR_4431,False,False,True,4,3
HMR_4437,False,False,True,3,2
HMR_4658,False,False,True,2,1
HMR_4660,False,False,True,1,1
HMR_4712,False,False,True,3,2
HMR_5338,False,False,True,5,4
HMR_5339,False,False,True,5,4
HMR_8783,False,False,True,5,4
HMR_8784,False,False,True,5,4
HMR_4239,False,False,True,5,4
HMR_4288,False,False,True,5,4
HMR_4596,False,False,True,5,4
HMR_4597,True,False,False,1,0
HMR_4599,False,False,True,5,4
HMR_4667,False,False,True,2,4
HMR_4668,False,False,True,4,3
HMR_4737,False,False,True,4,2
HMR_4739,False,False,True,3,3
HMR_4740,False,False,True,5,3
HMR_6415,False,False,True,5,4
HMR_6974,False,False,True,5,4
HMR_6975,False,False,True,5,4
HMR_6976,False,False,True,5,4
HMR_6977,False,False,True,5,4
HMR_6978,False,False,True,4,3
HMR_6979,False,False,True,5,4
HMR_6980,False,False,True,5,4
HMR_6981,False,False,True,5,4
HMR_6982,False,False,True,5,4
HMR_8017,False,False,True,5,4
HMR_8018,False,False,True,5,4
HMR_8019,False,False,True,5,4
HMR_8021,False,False,True,2,1
HMR_8025,False,False,True,5,4
HMR_8026,False,False,True,5,4
HMR_8027,False,False,True,5,4
HMR_8029,False,False,True,4,4
HMR_3164,False,False,True,5,4
HMR_3166,False,False,True,5,4
HMR_3885,False,False,True,5,4
HMR_4250,False,False,True,4,2
HMR_8563,False,False,True,5,4
HMR_8564,True,False,False,1,0
HMR_8565,True,False,False,1,0
HMR_8566,True,False,False,2,0
HMR_3935,False,False,True,5,3
HMR_4681,False,False,True,5,4
HMR_4682,False,False,True,5,4
HMR_4683,False,False,True,3,3
HMR_4685,False,False,True,3,2
HMR_4686,False,False,True,5,3
HMR_4687,False,False,True,4,3
HMR_4702,False,False,True,5,2
HMR_4703,False,False,True,5,2
HMR_4704,False,False,True,5,2
HMR_7689,False,False,True,1,2
HMR_7701,False,False,True,2,1
HMR_8094,False,False,False,0,0
HMR_8529,False,False,True,5,4
HMR_8530,False,False,True,5,4
HMR_8533,False,False,False,0,0
HMR_8534,False,False,False,0,0
HMR_8535,True,False,False,3,0
HMR_8537,False,False,False,0,0
HMR_8541,False,False,True,5,4
HMR_8542,False,False,False,0,0
HMR_8540,False,False,False,0,0
HMR_9733,False,False,True,5,4
HMR_9734,False,False,False,0,0
HMR_3206,False,False,True,5,4
HMR_3208,False,False,True,5,3
HMR_3211,False,False,True,5,3
HMR_3213,False,False,True,5,3
HMR_3215,False,False,True,5,4
HMR_3747,False,False,True,1,2
HMR_3744,False,False,True,5,4
HMR_3757,False,False,True,5,4
HMR_3761,False,False,True,5,4
HMR_3777,False,False,True,4,4
HMR_3778,False,False,True,5,3
HMR_3795,False,False,True,5,4
HMR_4797,False,False,True,5,4
HMR_6417,False,False,True,5,3
HMR_6419,False,False,True,5,3
HMR_6420,False,False,True,5,3
HMR_6421,False,False,True,5,3
HMR_6422,False,False,True,5,3
HMR_6923,False,False,True,3,4
HMR_3765,False,False,True,5,3
HMR_6924,False,False,False,0,0
HMR_8088,False,False,True,5,4
HMR_8787,False,False,True,5,2
HMR_3940,False,False,True,2,1
HMR_4214,False,False,True,5,3
HMR_4216,False,False,True,5,3
HMR_4218,False,False,True,5,3
HMR_4219,False,False,True,5,3
HMR_4220,False,False,True,4,2
HMR_4222,True,False,False,1,0
HMR_4224,False,False,True,2,1
HMR_4225,False,False,True,4,2
HMR_4231,True,False,False,2,0
HMR_4232,False,False,True,1,3
HMR_4233,False,False,False,0,0
HMR_4235,False,False,False,0,0
HMR_4242,False,False,True,5,4
HMR_4243,False,False,True,5,4
HMR_4244,True,False,False,1,0
HMR_4245,True,False,False,1,0
HMR_4246,True,False,False,1,0
HMR_6707,False,False,True,5,4
HMR_6713,False,False,True,5,4
HMR_6714,False,False,True,5,4
HMR_6725,False,False,True,5,4
HMR_6726,False,False,True,2,1
HMR_6728,False,False,False,0,0
HMR_6729,False,False,False,0,0
HMR_6730,False,False,True,5,4
HMR_6731,False,False,True,5,4
HMR_6734,False,False,True,5,4
HMR_6736,False,False,True,5,4
HMR_6738,False,False,True,5,4
HMR_6740,True,False,False,3,0
HMR_6741,False,False,True,5,4
HMR_6743,False,False,True,5,4
HMR_6745,False,False,True,5,4
HMR_6746,False,False,True,5,4
HMR_6747,False,False,True,5,4
HMR_6748,False,False,True,4,4
HMR_6749,False,False,True,4,2
HMR_6750,False,False,True,5,4
HMR_6751,False,False,True,5,4
HMR_6752,False,False,True,5,4
HMR_6753,False,False,True,3,2
HMR_6754,False,False,True,3,2
HMR_6755,False,False,True,5,4
HMR_6756,False,False,True,5,4
HMR_6758,False,False,True,5,4
HMR_6760,False,False,True,4,3
HMR_6761,False,False,True,4,3
HMR_6762,False,False,True,5,4
HMR_6763,False,False,True,5,4
HMR_6764,False,False,True,5,4
HMR_6765,False,False,True,4,3
HMR_6766,False,False,True,3,2
HMR_6767,False,False,True,3,2
HMR_6768,False,False,True,5,4
HMR_6770,False,False,False,0,0
HMR_6772,False,False,True,5,2
HMR_6774,False,False,True,4,1
HMR_6776,False,False,True,4,1
HMR_6778,False,False,True,4,1
HMR_6782,False,False,True,3,4
HMR_6783,False,False,True,2,2
HMR_6784,False,False,True,3,3
HMR_6785,False,False,True,3,3
HMR_6786,False,False,True,3,3
HMR_6787,True,False,False,3,0
HMR_6789,False,False,True,5,4
HMR_6790,False,False,True,3,2
HMR_6791,False,False,True,4,2
HMR_6807,False,False,True,5,4
HMR_6808,False,False,True,5,4
HMR_6811,False,False,True,5,4
HMR_6813,False,False,True,5,4
HMR_6817,False,False,True,5,4
HMR_6826,True,False,False,2,0
HMR_6829,False,False,True,5,4
HMR_6831,False,False,True,5,4
HMR_6834,True,False,False,2,0
HMR_6838,False,False,False,0,0
HMR_6839,False,False,False,0,0
HMR_6844,False,False,False,0,0
HMR_6845,False,False,False,0,0
HMR_6850,False,False,False,0,0
HMR_6851,False,False,False,0,0
HMR_6874,False,False,False,0,0
HMR_6875,False,False,True,5,4
HMR_6876,False,False,True,5,4
HMR_6877,False,False,True,5,4
HMR_6883,False,False,True,5,4
HMR_6888,False,False,False,0,0
HMR_7628,False,False,True,5,4
HMR_7756,False,False,False,0,0
HMR_8539,False,False,True,2,1
HMR_8794,False,False,True,4,4
HMR_8795,False,False,True,4,4
HMR_8796,True,False,False,2,0
HMR_3875,False,False,True,5,4
HMR_3877,False,False,True,5,4
HMR_3879,True,False,False,5,0
HMR_3881,True,False,False,1,0
HMR_3912,False,False,True,5,4
HMR_3917,False,False,True,3,3
HMR_3919,True,False,False,5,0
HMR_3920,False,False,True,5,4
HMR_3928,False,False,True,4,4
HMR_3995,False,False,True,5,4
HMR_3996,False,False,True,5,4
HMR_4189,False,False,False,0,0
HMR_4302,False,False,True,4,1
HMR_4323,True,False,False,4,0
HMR_5381,False,False,True,5,4
HMR_5385,False,False,True,5,4
HMR_5386,False,False,True,5,4
HMR_5387,False,False,True,5,4
HMR_5389,False,False,True,5,4
HMR_5390,False,False,False,0,0
HMR_5391,False,False,False,0,0
HMR_5418,False,False,True,2,3
HMR_5419,False,False,True,5,3
HMR_6515,False,False,True,5,4
HMR_6519,False,False,True,5,4
HMR_8062,False,False,True,5,4
HMR_8066,False,False,True,5,4
HMR_8067,False,False,True,5,4
HMR_8068,False,False,True,5,4
HMR_8069,False,False,True,5,4
HMR_8682,False,False,True,5,4
HMR_8685,False,False,True,5,4
HMR_3868,False,True,False,0,4
HMR_3869,False,False,True,2,4
HMR_3889,False,False,True,4,1
HMR_3933,False,False,True,5,4
HMR_3937,False,False,True,5,4
HMR_4116,False,False,True,5,4
HMR_4120,False,False,True,5,4
HMR_4121,False,False,True,5,4
HMR_4175,False,False,True,5,3
HMR_4176,False,False,True,5,3
HMR_4324,False,False,True,5,4
HMR_4326,False,False,True,5,4
HMR_4328,False,False,True,5,4
HMR_4329,False,False,True,5,4
HMR_4708,False,False,True,5,4
HMR_8769,False,False,True,5,4
HMR_8770,False,False,True,5,4
HMR_8771,False,False,False,0,0
HMR_4078,False,False,False,0,0
HMR_4079,False,False,True,5,4
HMR_4174,False,False,False,0,0
HMR_4330,False,False,True,3,1
HMR_4347,False,False,True,3,4
HMR_4425,False,False,True,4,3
HMR_4427,False,False,True,4,3
HMR_4689,False,False,True,5,4
HMR_4735,False,False,True,5,4
HMR_7991,False,False,False,0,0
HMR_7992,False,False,True,5,4
HMR_7993,False,False,True,5,4
HMR_7647,True,False,False,2,0
HMR_3748,False,False,True,5,4
HMR_3751,False,False,True,5,4
HMR_3753,False,False,True,5,4
HMR_3755,False,False,True,5,4
HMR_3759,False,False,True,5,4
HMR_3763,False,False,True,5,4
HMR_3767,False,False,True,5,1
HMR_3769,False,False,True,5,4
HMR_3773,False,False,True,5,1
HMR_3775,False,False,True,5,4
HMR_3780,False,False,True,5,1
HMR_3783,False,False,True,5,4
HMR_3785,False,False,True,5,4
HMR_3790,False,False,True,5,3
HMR_3792,False,False,True,5,4
HMR_3796,False,False,True,5,4
HMR_3823,False,False,True,5,4
HMR_6416,True,False,False,5,0
HMR_4124,False,False,True,5,4
HMR_4158,False,False,True,5,4
HMR_4159,False,False,True,4,2
HMR_4299,False,False,True,4,4
HMR_4300,False,False,True,5,4
HMR_4524,False,False,True,5,3
HMR_4525,False,False,True,5,4
HMR_4526,False,False,True,3,4
HMR_4527,False,False,True,5,4
HMR_4528,False,False,True,5,4
HMR_4529,False,False,True,5,4
HMR_4530,False,False,False,0,0
HMR_4531,False,False,True,4,4
HMR_4532,False,False,True,5,4
HMR_4533,True,False,False,1,0
HMR_4534,False,True,False,0,1
HMR_4536,False,False,True,5,4
HMR_4628,False,False,True,5,4
HMR_4629,True,False,False,3,0
HMR_4631,False,False,True,5,4
HMR_8366,False,False,True,4,3
HMR_8367,False,False,True,2,2
HMR_8368,False,False,True,4,4
HMR_8371,False,False,True,5,4
HMR_8372,False,False,True,5,4
HMR_8373,False,False,True,5,4
HMR_8377,False,False,True,5,4
HMR_5130,False,False,True,5,4
HMR_5131,False,False,True,5,4
HMR_5132,False,False,True,5,4
HMR_5133,False,False,True,5,4
HMR_5134,False,False,True,5,4
HMR_5135,False,False,True,5,4
HMR_5136,False,False,True,5,4
HMR_5137,False,False,True,5,4
HMR_5138,False,False,True,5,4
HMR_5139,False,False,True,5,4
HMR_5140,False,False,True,5,4
HMR_5141,False,False,True,5,4
HMR_5142,False,False,True,5,4
HMR_5143,False,False,True,5,4
HMR_5145,False,False,True,5,4
HMR_5146,False,False,True,5,4
HMR_5147,False,False,True,5,4
HMR_5148,False,False,True,5,4
HMR_5149,False,False,True,5,4
HMR_5150,False,False,True,5,4
HMR_7171,False,False,False,0,0
HMR_7172,False,False,False,0,0
HMR_7174,False,False,True,5,4
HMR_7175,False,False,True,5,4
HMR_7180,False,False,True,3,3
HMR_7181,False,False,True,3,3
HMR_7183,False,True,False,0,1
HMR_7197,False,False,True,5,4
HMR_7436,False,False,True,5,4
HMR_7438,False,False,True,5,4
HMR_7440,False,False,True,5,4
HMR_8254,False,False,False,0,0
HMR_8255,False,False,False,0,0
HMR_8256,False,False,False,0,0
HMR_8257,False,True,False,0,1
HMR_8258,False,True,False,0,1
HMR_8260,False,False,False,0,0
HMR_8261,False,False,False,0,0
HMR_1532,False,False,True,5,4
HMR_7254,False,False,False,0,0
HMR_7258,False,False,False,0,0
HMR_7259,False,False,False,0,0
HMR_7260,False,False,False,0,0
HMR_7261,False,False,True,1,3
HMR_7263,False,False,True,1,3
HMR_7264,False,False,True,5,4
HMR_7265,False,False,True,5,4
HMR_7266,False,False,True,5,4
HMR_7267,False,False,True,5,4
HMR_7268,False,False,True,5,4
HMR_7269,False,False,True,5,4
HMR_7270,False,False,True,5,4
HMR_7271,False,False,True,5,4
HMR_7274,False,False,True,5,4
HMR_7275,False,False,True,5,4
HMR_7276,False,False,True,5,4
HMR_7277,False,False,True,5,4
HMR_7278,False,False,True,5,2
HMR_7279,False,False,True,5,4
HMR_7280,False,False,True,5,4
HMR_7281,False,False,True,5,4
HMR_7285,False,False,True,5,4
HMR_7286,False,False,True,5,4
HMR_7287,False,False,True,5,4
HMR_7288,False,False,True,4,4
HMR_7289,False,False,True,5,4
HMR_7290,False,False,True,5,4
HMR_7291,False,False,True,4,4
HMR_7292,False,False,False,0,0
HMR_7293,False,False,True,5,4
HMR_7294,False,False,True,4,4
HMR_7295,False,False,True,1,1
HMR_7296,False,True,False,0,1
HMR_7297,False,True,False,0,1
HMR_7298,False,False,True,5,4
HMR_7299,False,False,False,0,0
HMR_7300,False,False,True,5,4
HMR_7301,False,False,True,1,1
HMR_7302,False,True,False,0,1
HMR_7303,False,True,False,0,1
HMR_7304,False,False,False,0,0
HMR_7305,False,False,True,5,4
HMR_7306,False,False,True,4,4
HMR_7308,False,False,True,5,4
HMR_7309,False,False,True,5,4
HMR_7310,False,False,True,5,4
HMR_7311,False,False,True,5,4
HMR_7312,False,False,True,5,4
HMR_7313,False,False,True,4,4
HMR_7314,False,False,True,5,4
HMR_7315,False,False,True,5,4
HMR_7316,False,False,True,5,4
HMR_7317,False,False,True,5,4
HMR_7318,False,False,True,5,4
HMR_7319,False,False,True,5,4
HMR_7320,False,False,True,5,4
HMR_7321,False,False,True,5,4
HMR_7322,False,False,True,5,4
HMR_7323,False,False,True,5,4
HMR_7324,False,False,True,5,4
HMR_7325,False,False,True,5,4
HMR_7326,False,False,True,2,3
HMR_7327,False,False,True,5,4
HMR_7328,False,False,True,4,4
HMR_7329,False,False,False,0,0
HMR_7332,False,False,True,5,4
HMR_7333,False,False,True,5,4
HMR_7334,False,False,True,5,4
HMR_7428,False,False,True,5,4
HMR_7429,False,False,True,2,3
HMR_7574,False,False,True,5,4
HMR_7575,False,False,True,5,4
HMR_7576,False,False,True,5,4
HMR_7577,False,False,True,5,4
HMR_7578,False,False,True,5,4
HMR_7580,False,False,True,5,4
HMR_7582,False,False,True,5,4
HMR_7585,False,False,True,2,3
HMR_7586,False,False,True,2,3
HMR_7587,False,False,True,2,3
HMR_8691,False,False,True,5,4
HMR_8692,False,False,False,0,0
HMR_8693,False,False,True,5,4
HMR_8694,False,False,True,4,4
HMR_8695,False,False,False,0,0
HMR_5151,False,False,False,0,0
HMR_5152,False,False,False,0,0
HMR_5153,False,False,False,0,0
HMR_5154,False,False,False,0,0
HMR_5155,False,False,False,0,0
HMR_5156,False,False,True,2,1
HMR_5157,False,False,True,2,1
HMR_5158,False,False,False,0,0
HMR_5159,False,False,False,0,0
HMR_5160,False,False,False,0,0
HMR_5161,False,False,False,0,0
HMR_5162,False,False,False,0,0
HMR_5163,False,False,False,0,0
HMR_5164,False,False,False,0,0
HMR_5165,False,False,False,0,0
HMR_5166,False,False,False,0,0
HMR_5167,False,False,False,0,0
HMR_5168,False,False,True,3,3
HMR_5169,False,False,False,0,0
HMR_5170,False,False,False,0,0
HMR_5171,False,False,False,0,0
HMR_5172,False,False,False,0,0
HMR_5174,False,False,False,0,0
HMR_7282,False,False,True,5,4
HMR_7617,False,False,True,5,4
HMR_7618,False,False,True,5,4
HMR_9735,False,False,True,1,1
HMR_7621,False,False,True,5,4
HMR_7622,False,False,True,3,2
HMR_7624,False,False,True,1,3
HMR_7626,False,False,True,1,2
HMR_5258,False,False,False,0,0
HMR_5259,False,False,False,0,0
HMR_5260,False,False,False,0,0
HMR_5261,False,False,False,0,0
HMR_5262,False,False,False,0,0
HMR_5263,False,False,False,0,0
HMR_5264,False,False,False,0,0
HMR_5265,False,False,False,0,0
HMR_5266,False,False,False,0,0
HMR_5267,False,False,False,0,0
HMR_5268,False,False,False,0,0
HMR_5269,False,False,False,0,0
HMR_5270,False,False,False,0,0
HMR_5271,False,False,False,0,0
HMR_5272,False,False,False,0,0
HMR_5273,False,False,False,0,0
HMR_5274,False,False,False,0,0
HMR_5275,False,False,False,0,0
HMR_5276,False,False,False,0,0
HMR_5277,False,False,False,0,0
HMR_5278,False,False,False,0,0
HMR_5279,False,False,False,0,0
HMR_5280,False,False,False,0,0
HMR_5281,False,False,False,0,0
HMR_5282,False,False,False,0,0
HMR_5283,False,False,False,0,0
HMR_5284,False,False,False,0,0
HMR_5285,False,False,False,0,0
HMR_5286,False,False,False,0,0
HMR_5287,False,False,False,0,0
HMR_5288,False,False,False,0,0
HMR_5291,False,False,False,0,0
HMR_9817,False,False,False,0,0
HMR_9818,False,False,False,0,0
HMR_5407,False,False,True,5,4
HMR_3851,False,False,False,0,0
HMR_3861,False,False,True,5,4
HMR_3866,False,False,False,0,0
HMR_3915,False,False,True,5,2
HMR_4084,False,False,True,5,4
HMR_4187,False,False,True,5,2
HMR_4701,False,False,True,5,4
HMR_4840,False,False,True,1,1
HMR_8662,False,False,True,4,4
HMR_8663,False,False,True,5,4
HMR_8667,False,False,True,5,4
HMR_8668,False,False,True,5,4
HMR_0710,False,False,True,5,4
HMR_3787,False,False,True,4,3
HMR_3957,False,False,True,5,3
HMR_3958,False,False,True,5,4
HMR_4111,False,False,True,5,4
HMR_4112,False,False,True,5,4
HMR_4113,False,False,True,5,4
HMR_4139,False,False,True,5,4
HMR_4141,False,False,True,5,4
HMR_4145,False,False,True,5,4
HMR_4147,False,False,True,4,4
HMR_4149,False,False,True,5,4
HMR_4152,False,False,True,5,4
HMR_4209,False,False,True,5,4
HMR_4408,False,False,True,5,2
HMR_4410,False,False,True,5,3
HMR_4454,False,False,True,5,4
HMR_4456,False,False,True,5,4
HMR_4458,False,False,True,5,4
HMR_4465,False,False,True,5,4
HMR_4585,False,False,True,5,4
HMR_4586,False,False,True,5,4
HMR_4587,False,False,True,5,4
HMR_4588,False,False,True,5,4
HMR_4589,False,False,True,5,4
HMR_4652,False,False,True,3,4
HMR_5294,True,False,False,4,0
HMR_5297,False,False,True,5,4
HMR_6411,False,False,True,5,4
HMR_6413,False,False,True,5,4
HMR_6414,False,False,True,5,4
HMR_7704,False,False,True,2,1
HMR_7706,False,False,True,2,1
HMR_8743,False,False,True,5,3
HMR_8772,False,False,True,3,2
HMR_8773,False,False,True,5,4
HMR_8774,False,False,True,3,2
HMR_8775,False,False,True,5,4
HMR_8777,False,False,True,5,4
HMR_8778,False,False,True,5,4
HMR_8779,False,False,True,5,4
HMR_8780,False,False,True,5,4
HMR_8781,False,False,True,2,4
HMR_8782,False,False,True,5,4
HMR_3975,False,False,True,5,4
HMR_3977,False,False,True,5,4
HMR_3979,False,False,True,5,4
HMR_6911,False,False,True,5,4
HMR_6912,False,False,True,5,4
HMR_6914,False,False,False,0,0
HMR_6916,False,False,True,5,4
HMR_6918,False,False,True,5,4
HMR_6921,False,False,True,5,4
HMR_3960,True,False,False,1,0
HMR_3980,False,False,True,5,4
HMR_3982,False,False,True,5,4
HMR_4767,False,False,True,3,3
HMR_6608,False,False,True,5,4
HMR_8409,False,False,False,0,0
HMR_8410,True,False,False,1,0
HMR_8413,False,False,True,2,1
HMR_8415,False,False,True,1,3
HMR_0156,False,False,True,5,4
HMR_0165,False,False,True,3,2
HMR_0168,False,False,True,4,2
HMR_0171,False,False,True,4,2
HMR_0174,False,False,True,5,4
HMR_0177,False,False,True,4,2
HMR_0180,False,False,True,5,4
HMR_0184,False,False,True,2,2
HMR_0188,False,False,True,5,4
HMR_0192,False,False,True,5,4
HMR_0196,False,False,True,5,4
HMR_0200,False,False,True,5,4
HMR_0204,False,False,True,5,4
HMR_0209,False,False,True,5,4
HMR_0213,False,False,True,5,4
HMR_0217,False,False,True,5,4
HMR_0226,False,False,True,5,4
HMR_0233,False,False,True,5,4
HMR_0237,False,False,True,5,4
HMR_0241,False,False,True,5,4
HMR_0245,False,False,True,5,4
HMR_0249,False,False,True,5,4
HMR_0255,False,False,True,5,4
HMR_0259,False,False,True,5,4
HMR_0263,False,False,True,5,4
HMR_0267,False,False,True,5,4
HMR_0271,False,False,True,5,4
HMR_0275,False,False,True,5,4
HMR_0279,False,False,True,5,4
HMR_0283,False,False,True,5,4
HMR_0289,False,False,True,5,4
HMR_0293,False,False,True,5,4
HMR_0297,False,False,True,5,4
HMR_0301,False,False,True,5,4
HMR_0305,False,False,True,5,4
HMR_0309,False,False,True,5,4
HMR_0313,False,False,True,5,4
HMR_0319,False,False,True,5,4
HMR_0323,False,False,True,5,4
HMR_0327,False,False,True,5,4
HMR_0331,False,False,True,5,4
HMR_0337,False,False,True,5,4
HMR_0341,False,False,True,5,4
HMR_0345,False,False,True,5,4
HMR_0349,False,False,True,5,4
HMR_0353,False,False,True,5,4
HMR_0357,False,False,True,5,4
HMR_0361,False,False,True,5,4
HMR_0365,False,False,True,5,4
HMR_0369,False,False,True,5,4
HMR_0373,False,False,True,5,4
HMR_0377,False,False,True,5,4
HMR_0381,False,False,True,5,4
HMR_0385,False,False,True,5,4
HMR_0389,False,False,True,5,4
HMR_0393,False,False,True,5,4
HMR_0397,False,False,True,5,4
HMR_0401,False,False,True,5,4
HMR_0405,False,False,True,5,4
HMR_0409,False,False,True,5,4
HMR_0413,False,False,True,5,4
HMR_0417,False,False,True,5,4
HMR_0421,False,False,True,5,4
HMR_0425,False,False,True,5,4
HMR_0429,False,False,True,5,4
HMR_0433,False,False,True,5,4
HMR_0437,False,False,True,5,4
HMR_2942,False,False,True,5,4
HMR_2943,False,False,True,5,4
HMR_2944,False,False,True,5,4
HMR_2945,False,False,True,5,4
HMR_2946,False,False,True,5,4
HMR_2947,False,False,True,5,4
HMR_2948,False,False,True,5,4
HMR_2949,False,False,True,5,4
HMR_2951,False,False,True,5,4
HMR_2952,False,False,True,5,4
HMR_2954,False,False,True,5,4
HMR_2955,False,False,True,5,4
HMR_2956,False,False,True,5,4
HMR_2957,False,False,True,5,4
HMR_2959,False,False,True,5,4
HMR_2961,False,False,True,5,4
HMR_2962,False,False,True,5,4
HMR_2963,False,False,True,5,4
HMR_2964,False,False,True,5,4
HMR_2965,False,False,True,5,4
HMR_2966,False,False,True,5,4
HMR_2967,False,False,True,5,4
HMR_2968,False,False,True,5,4
HMR_2969,False,False,True,5,4
HMR_2970,False,False,True,5,4
HMR_2971,False,False,True,5,4
HMR_2972,False,False,True,5,4
HMR_2973,False,False,True,5,4
HMR_2974,False,False,True,5,4
HMR_2975,False,False,True,5,4
HMR_2976,False,False,True,5,4
HMR_2977,False,False,True,5,4
HMR_2978,False,False,True,5,4
HMR_2979,False,False,True,5,4
HMR_2980,False,False,True,5,4
HMR_2981,False,False,True,5,4
HMR_2982,False,False,True,5,4
HMR_2983,False,False,True,5,4
HMR_2984,False,False,True,5,4
HMR_2985,False,False,True,5,4
HMR_2986,False,False,True,5,4
HMR_2987,False,False,True,5,4
HMR_2988,False,False,True,5,4
HMR_2989,False,False,True,5,4
HMR_2990,False,False,True,5,4
HMR_2991,False,False,True,5,4
HMR_2992,False,False,True,5,4
HMR_2994,False,False,True,5,4
HMR_2996,False,False,True,5,4
HMR_2998,False,False,True,5,4
HMR_2999,False,False,True,5,4
HMR_3000,False,False,True,5,4
HMR_3001,False,False,True,5,4
HMR_3002,False,False,True,5,4
HMR_3003,False,False,True,5,4
HMR_2152,False,False,True,5,4
HMR_2153,False,False,True,5,4
HMR_2154,False,False,True,5,4
HMR_2155,False,False,True,5,4
HMR_2156,False,False,True,5,4
HMR_2157,False,False,True,5,4
HMR_2158,False,False,True,5,4
HMR_2159,False,False,True,5,4
HMR_2160,False,False,True,5,4
HMR_2161,False,False,True,5,4
HMR_2162,False,False,True,5,4
HMR_2163,False,False,True,5,4
HMR_2164,False,False,True,5,4
HMR_2165,False,False,True,5,4
HMR_2166,False,False,True,5,4
HMR_2167,False,False,True,5,4
HMR_2168,False,False,True,5,4
HMR_2169,False,False,True,5,4
HMR_2170,False,False,True,5,4
HMR_2171,False,False,True,5,4
HMR_2173,False,False,True,5,4
HMR_2174,False,False,True,5,4
HMR_2175,False,False,True,5,4
HMR_2176,False,False,True,5,4
HMR_2178,False,False,True,5,4
HMR_2179,False,False,True,5,4
HMR_2180,False,False,True,5,4
HMR_2181,False,False,True,5,4
HMR_4156,False,False,True,5,4
HMR_4295,False,False,True,5,4
HMR_2227,False,False,True,5,4
HMR_2228,False,False,True,5,4
HMR_2229,False,False,True,5,4
HMR_2230,False,False,True,5,4
HMR_2231,False,False,True,5,4
HMR_2232,False,False,True,5,4
HMR_2233,False,False,True,5,4
HMR_2234,False,False,True,5,4
HMR_2235,False,False,True,5,4
HMR_2236,False,False,True,5,4
HMR_2237,False,False,True,5,4
HMR_2238,False,False,True,5,4
HMR_2239,False,False,True,5,4
HMR_2240,False,False,True,5,4
HMR_2241,False,False,True,5,4
HMR_2242,False,False,True,5,4
HMR_2243,False,False,True,5,4
HMR_2244,False,False,True,5,4
HMR_2245,False,False,True,5,4
HMR_2246,False,False,True,5,4
HMR_2247,False,False,True,5,4
HMR_2249,False,False,True,5,4
HMR_2250,False,False,True,5,4
HMR_2251,False,False,True,5,4
HMR_2252,False,False,True,5,4
HMR_2254,False,False,True,5,4
HMR_2255,False,False,True,5,4
HMR_2256,False,False,True,5,4
HMR_2257,False,False,True,5,4
HMR_2305,False,False,True,5,4
HMR_2307,False,False,True,5,4
HMR_2309,False,False,True,5,4
HMR_2311,False,False,True,5,4
HMR_2315,False,False,True,5,4
HMR_2317,False,False,True,5,4
HMR_2319,False,False,True,5,4
HMR_2321,False,False,True,5,4
HMR_2324,False,False,True,5,4
HMR_2326,False,False,True,5,4
HMR_2328,False,False,True,5,4
HMR_2330,False,False,True,5,4
HMR_2332,False,False,True,5,4
HMR_2334,False,False,True,5,4
HMR_2336,False,False,True,5,4
HMR_2338,False,False,True,5,4
HMR_2342,False,False,True,5,4
HMR_2343,False,False,True,5,4
HMR_2344,False,False,True,5,4
HMR_2345,False,False,True,5,4
HMR_2347,False,False,True,5,4
HMR_2348,False,False,True,5,4
HMR_2349,False,False,True,5,4
HMR_2350,False,False,True,5,4
HMR_2353,False,False,True,5,4
HMR_2354,False,False,True,5,4
HMR_2355,False,False,True,5,4
HMR_2356,False,False,True,5,4
HMR_2361,False,False,True,5,4
HMR_2362,False,False,True,5,4
HMR_2363,False,False,True,5,4
HMR_2364,False,False,True,5,4
HMR_2190,False,False,True,5,4
HMR_2191,False,False,True,5,4
HMR_2193,False,False,True,5,4
HMR_2194,False,False,False,0,0
HMR_2201,False,False,True,5,4
HMR_2202,False,False,True,5,4
HMR_2203,False,False,True,5,4
HMR_2204,False,False,True,5,4
HMR_2205,False,False,True,5,4
HMR_2208,False,False,True,5,4
HMR_2209,False,False,True,5,4
HMR_2210,False,False,True,5,4
HMR_2211,False,False,True,5,4
HMR_2212,False,False,True,5,4
HMR_2213,False,False,True,5,4
HMR_2214,False,False,True,5,4
HMR_2215,False,False,True,5,4
HMR_2217,False,False,True,5,4
HMR_2218,False,False,True,5,4
HMR_2219,False,False,True,5,4
HMR_2259,False,False,True,5,4
HMR_2260,False,False,True,5,4
HMR_2261,False,False,True,5,4
HMR_2262,False,False,True,5,4
HMR_2263,False,False,True,5,4
HMR_2264,False,False,True,5,4
HMR_2265,False,False,True,5,4
HMR_2266,False,False,True,5,4
HMR_2267,False,False,True,5,4
HMR_2268,False,False,True,5,4
HMR_2269,False,False,True,5,4
HMR_2270,False,False,True,5,4
HMR_2281,False,False,True,2,2
HMR_2282,False,False,True,2,1
HMR_2284,False,False,False,0,0
HMR_2286,False,True,False,0,1
HMR_2287,False,False,False,0,0
HMR_2292,False,False,True,1,1
HMR_2293,False,False,True,5,4
HMR_2294,True,False,False,1,0
HMR_2295,False,False,False,0,0
HMR_2296,False,False,True,5,4
HMR_2359,False,False,True,5,4
HMR_2365,False,False,True,5,4
HMR_2288,False,False,True,5,4
HMR_2289,False,False,True,5,4
HMR_0709,False,False,True,5,4
HMR_2150,False,False,True,5,4
HMR_2151,False,False,True,5,4
HMR_2172,False,False,True,5,4
HMR_2177,False,False,True,5,4
HMR_2182,False,False,True,5,4
HMR_2248,False,False,True,5,4
HMR_2253,False,False,True,5,4
HMR_2258,False,False,True,5,4
HMR_2439,False,False,True,3,4
HMR_2440,False,False,True,5,4
HMR_2441,False,False,True,5,4
HMR_2442,False,False,True,5,4
HMR_2443,False,False,True,1,4
HMR_2445,False,False,True,3,3
HMR_2446,False,False,True,1,2
HMR_2447,False,False,True,2,1
HMR_2449,True,False,False,3,0
HMR_2450,False,False,False,0,0
HMR_2451,False,False,True,5,4
HMR_2452,False,False,True,4,4
HMR_2453,False,False,True,5,4
HMR_2454,False,False,True,5,4
HMR_2455,False,False,True,5,4
HMR_2456,False,False,True,5,4
HMR_2457,False,False,True,5,4
HMR_2458,False,False,True,5,4
HMR_2459,False,False,True,5,4
HMR_2460,False,False,True,5,4
HMR_2463,False,False,True,3,1
HMR_2464,False,False,False,0,0
HMR_2465,False,False,True,5,4
HMR_2466,False,False,True,5,4
HMR_2467,False,False,True,2,1
HMR_2468,False,False,False,0,0
HMR_2469,False,False,True,3,3
HMR_2470,False,False,False,0,0
HMR_6397,False,False,True,5,4
HMR_2472,False,False,True,5,4
HMR_2475,False,False,True,5,4
HMR_2478,False,False,True,5,4
HMR_2480,False,False,True,5,4
HMR_2482,False,False,True,5,4
HMR_2484,False,False,True,5,4
HMR_2486,False,False,True,5,4
HMR_2489,False,False,True,5,4
HMR_2491,False,False,True,5,4
HMR_2493,False,False,True,5,4
HMR_2495,False,False,False,0,0
HMR_2497,False,False,True,5,4
HMR_2499,False,False,True,5,4
HMR_2501,False,False,True,5,4
HMR_2503,False,False,True,5,4
HMR_2505,False,False,True,5,4
HMR_2510,False,False,True,4,2
HMR_2511,False,False,True,4,2
HMR_2512,False,False,True,4,2
HMR_2513,False,False,True,4,2
HMR_2514,False,False,True,2,1
HMR_2515,False,False,True,5,4
HMR_2516,False,False,True,5,4
HMR_2518,False,False,True,5,4
HMR_2520,False,False,True,5,4
HMR_2522,False,False,True,5,4
HMR_2524,False,False,True,5,4
HMR_2526,False,False,True,5,4
HMR_2528,False,False,True,5,4
HMR_2530,False,False,True,5,4
HMR_2533,False,False,True,5,4
HMR_2535,False,False,True,5,4
HMR_2537,False,False,True,5,4
HMR_2540,False,False,True,5,4
HMR_2541,False,False,True,5,4
HMR_2542,False,False,True,5,4
HMR_2543,False,False,True,5,4
HMR_2544,False,False,True,4,3
HMR_2545,False,False,True,1,2
HMR_2546,False,False,True,5,4
HMR_2548,False,False,True,5,4
HMR_2549,False,False,True,3,1
HMR_2550,False,False,False,0,0
HMR_2551,False,False,True,5,4
HMR_2552,True,False,False,2,0
HMR_2553,False,False,True,3,1
HMR_2555,False,False,True,3,1
HMR_2556,False,False,True,5,3
HMR_2557,False,False,True,3,3
HMR_2558,False,True,False,0,1
HMR_2559,False,False,True,3,4
HMR_2560,False,False,True,3,3
HMR_2561,False,False,True,5,3
HMR_2562,False,False,True,5,3
HMR_2563,False,False,True,5,3
HMR_2565,False,False,True,3,2
HMR_2566,False,False,True,3,3
HMR_2567,False,False,True,5,3
HMR_2568,False,False,True,2,2
HMR_2570,False,False,True,5,3
HMR_2571,False,False,True,5,3
HMR_2572,False,False,True,5,3
HMR_2573,False,False,True,5,3
HMR_2574,False,False,True,5,3
HMR_2576,False,False,True,5,3
HMR_2577,False,False,True,5,4
HMR_2578,False,False,True,5,3
HMR_2579,False,False,True,5,3
HMR_2580,False,False,True,5,3
HMR_2581,False,False,True,3,3
HMR_2582,False,False,True,3,3
HMR_2583,False,False,True,5,4
HMR_2584,False,False,True,5,4
HMR_2586,False,False,True,3,2
HMR_2587,False,False,False,0,0
HMR_2588,False,False,True,3,2
HMR_2368,False,False,True,5,4
HMR_2371,False,False,True,5,4
HMR_2374,False,False,True,5,4
HMR_2376,False,False,True,5,4
HMR_2378,False,False,True,5,4
HMR_2380,False,False,True,5,4
HMR_2383,False,False,True,5,4
HMR_2387,False,False,True,5,4
HMR_2389,False,False,True,5,4
HMR_2391,False,False,True,5,4
HMR_2393,False,False,False,0,0
HMR_2395,False,False,True,5,4
HMR_2397,False,False,True,5,4
HMR_2399,False,False,True,5,4
HMR_2401,False,False,True,5,4
HMR_2403,False,False,True,5,4
HMR_2408,False,False,True,3,3
HMR_2409,False,False,True,3,3
HMR_2410,False,False,True,3,3
HMR_2411,False,False,True,5,4
HMR_2412,False,False,True,5,4
HMR_2415,False,False,True,5,4
HMR_2417,False,False,True,5,4
HMR_2419,False,False,True,5,4
HMR_2421,False,False,True,5,4
HMR_2423,False,False,True,5,4
HMR_2426,False,False,True,5,4
HMR_2428,False,False,True,5,4
HMR_2430,False,True,False,0,2
HMR_2433,False,False,True,5,4
HMR_2434,False,False,True,5,4
HMR_2435,False,False,True,5,4
HMR_2436,False,False,True,5,4
HMR_3452,False,False,True,5,4
HMR_3453,False,False,True,5,4
HMR_3454,False,False,True,5,4
HMR_3455,False,False,True,5,4
HMR_3456,False,False,True,5,4
HMR_3457,False,False,True,5,4
HMR_3458,False,False,True,5,4
HMR_0931,False,False,True,5,4
HMR_0932,False,False,True,5,4
HMR_0933,False,False,True,5,4
HMR_0934,False,False,True,5,4
HMR_0935,False,False,True,5,4
HMR_0936,False,False,True,5,4
HMR_0937,False,False,True,5,4
HMR_0938,False,False,True,5,4
HMR_0939,False,False,True,5,4
HMR_0940,False,False,True,5,4
HMR_0941,False,False,True,2,1
HMR_0942,False,False,True,5,4
HMR_0943,False,False,True,5,4
HMR_0944,False,False,True,5,4
HMR_0945,False,False,True,5,4
HMR_0946,False,False,True,5,4
HMR_0947,False,False,True,5,4
HMR_0948,False,False,True,5,4
HMR_0949,False,False,True,5,4
HMR_0950,False,False,True,5,4
HMR_0951,False,False,True,5,4
HMR_0953,False,False,True,5,4
HMR_0954,False,False,True,5,4
HMR_0955,False,False,True,5,4
HMR_0956,False,False,True,5,4
HMR_0957,False,False,True,5,4
HMR_0958,False,False,True,5,4
HMR_0959,False,False,True,3,3
HMR_0960,False,False,True,5,4
HMR_0961,False,False,False,0,0
HMR_0963,False,False,True,5,4
HMR_0964,False,False,False,0,0
HMR_0967,False,False,False,0,0
HMR_0969,False,False,True,3,1
HMR_0971,False,False,True,3,2
HMR_0973,False,False,True,5,4
HMR_0976,False,False,False,0,0
HMR_0979,False,False,True,5,4
HMR_0980,False,False,True,5,4
HMR_0981,False,False,True,3,1
HMR_0983,False,False,True,5,2
HMR_0985,False,False,True,2,2
HMR_0986,False,False,True,2,2
HMR_0987,False,False,True,2,2
HMR_0991,False,False,True,5,4
HMR_0992,False,False,True,5,4
HMR_0993,False,False,True,5,4
HMR_0994,False,False,True,5,4
HMR_0995,False,False,True,3,3
HMR_0996,False,False,True,4,4
HMR_0997,False,False,True,3,3
HMR_0998,False,False,True,2,2
HMR_0999,False,False,True,3,2
HMR_1000,False,False,True,2,2
HMR_1002,False,False,True,5,4
HMR_1003,False,False,True,5,4
HMR_1004,False,False,True,5,4
HMR_1006,False,False,True,5,4
HMR_1007,False,False,True,5,4
HMR_1008,False,False,True,5,4
HMR_1010,False,False,True,1,1
HMR_1011,False,True,False,0,1
HMR_1013,False,False,True,1,1
HMR_1014,False,True,False,0,1
HMR_1015,False,False,True,5,3
HMR_1016,False,False,True,2,2
HMR_1017,False,False,True,2,2
HMR_1018,False,False,True,2,2
HMR_1020,False,False,True,5,4
HMR_1021,False,False,True,5,4
HMR_1022,False,False,True,5,4
HMR_1023,False,False,True,5,4
HMR_1025,False,False,True,5,4
HMR_1026,False,False,True,5,4
HMR_1027,False,False,True,5,4
HMR_1028,False,False,True,5,4
HMR_1029,False,False,False,0,0
HMR_1030,False,True,False,0,1
HMR_1033,False,True,False,0,1
HMR_1034,False,False,False,0,0
HMR_1037,False,True,False,0,1
HMR_1039,False,True,False,0,1
HMR_1040,False,False,False,0,0
HMR_1041,False,False,True,2,2
HMR_1042,False,False,False,0,0
HMR_1043,False,False,True,5,4
HMR_1045,False,False,True,5,4
HMR_1048,False,False,True,5,4
HMR_1049,False,False,True,5,4
HMR_1050,False,False,True,5,4
HMR_1054,False,False,True,5,4
HMR_1055,False,False,True,5,4
HMR_1057,False,False,True,5,4
HMR_1058,False,False,True,5,4
HMR_1059,False,False,False,0,0
HMR_1061,False,False,False,0,0
HMR_1062,False,False,False,0,0
HMR_1063,False,False,False,0,0
HMR_1064,False,False,False,0,0
HMR_1065,False,False,True,5,4
HMR_1066,False,False,True,5,4
HMR_1067,False,False,True,5,4
HMR_1068,False,False,True,5,4
HMR_1069,False,False,True,5,4
HMR_1070,False,False,True,5,4
HMR_1071,False,False,False,0,0
HMR_1072,False,False,False,0,0
HMR_1073,False,False,False,0,0
HMR_1074,False,False,True,5,4
HMR_1075,False,True,False,0,1
HMR_1077,False,True,False,0,1
HMR_3015,False,False,True,5,4
HMR_1080,False,False,True,5,4
HMR_1081,False,False,True,4,4
HMR_1084,False,False,True,5,4
HMR_1085,True,False,False,3,0
HMR_1087,False,False,False,0,0
HMR_1088,False,False,True,5,4
HMR_1091,False,False,True,5,4
HMR_1092,False,False,False,0,0
HMR_1093,False,False,True,5,3
HMR_1096,False,False,True,3,2
HMR_1097,False,False,True,4,2
HMR_1098,False,False,True,5,4
HMR_1099,False,False,True,4,2
HMR_1100,False,False,True,5,4
HMR_1101,False,False,True,5,4
HMR_1102,False,False,True,5,4
HMR_1103,False,False,True,5,4
HMR_1105,False,False,True,5,4
HMR_1106,False,False,True,5,4
HMR_1107,False,False,True,3,1
HMR_1108,False,False,True,3,1
HMR_1109,False,False,True,3,1
HMR_1110,False,False,True,3,1
HMR_1111,False,False,True,3,1
HMR_1112,False,False,True,3,1
HMR_1113,False,False,False,0,0
HMR_1114,False,True,False,0,1
HMR_1115,False,False,False,0,0
HMR_1116,False,False,True,5,4
HMR_1117,False,False,True,5,4
HMR_1119,False,False,True,5,4
HMR_1120,False,False,True,5,4
HMR_1121,False,False,True,5,4
HMR_1122,False,False,True,5,4
HMR_1123,False,False,True,5,4
HMR_1124,False,False,True,5,4
HMR_1125,False,False,True,5,4
HMR_1126,False,False,True,3,1
HMR_1127,False,False,True,2,2
HMR_1128,False,False,True,3,1
HMR_1129,False,False,True,5,4
HMR_1130,False,False,True,5,4
HMR_1131,False,False,True,5,4
HMR_1132,False,False,True,5,4
HMR_1133,False,False,True,5,4
HMR_1134,False,False,True,5,4
HMR_1136,False,True,False,0,1
HMR_1137,False,False,True,3,1
HMR_1138,False,False,True,3,1
HMR_1139,False,False,True,3,1
HMR_1140,False,False,True,3,1
HMR_1142,False,True,False,0,1
HMR_1146,False,False,True,5,4
HMR_1147,False,False,True,5,4
HMR_1148,False,False,True,5,4
HMR_1149,False,False,True,5,4
HMR_1150,False,False,True,5,4
HMR_1151,False,False,True,5,4
HMR_1152,False,False,True,5,4
HMR_1153,False,False,True,5,4
HMR_1154,False,False,True,5,4
HMR_1155,False,False,True,5,4
HMR_1156,False,False,True,5,4
HMR_1157,False,False,True,5,4
HMR_1158,False,False,True,5,4
HMR_1159,False,False,True,5,4
HMR_1160,False,False,True,5,4
HMR_1161,False,False,True,5,4
HMR_1162,False,False,True,5,4
HMR_1163,False,False,True,5,4
HMR_1164,False,False,True,5,3
HMR_1165,False,False,True,5,4
HMR_1166,False,False,True,5,3
HMR_1167,False,False,True,5,4
HMR_1168,False,False,True,5,3
HMR_1170,False,False,True,5,4
HMR_1171,False,False,True,5,3
HMR_1186,False,False,True,5,4
HMR_1190,False,False,True,5,4
HMR_1191,False,False,True,5,4
HMR_1192,False,False,True,5,4
HMR_1193,False,False,True,5,4
HMR_1194,False,False,True,5,4
HMR_1195,False,False,True,5,4
HMR_1196,False,False,True,5,4
HMR_1197,False,False,True,4,1
HMR_1198,False,False,True,1,1
HMR_1199,False,False,True,4,3
HMR_1200,False,False,True,5,4
HMR_1201,False,False,True,5,4
HMR_1202,False,False,True,5,4
HMR_1203,False,False,True,5,4
HMR_1204,False,False,True,5,4
HMR_1205,False,False,True,5,4
HMR_1206,False,False,True,5,4
HMR_1207,False,False,True,5,3
HMR_1208,False,False,True,5,4
HMR_1209,False,False,True,5,3
HMR_1210,False,False,True,5,4
HMR_1211,False,False,True,5,3
HMR_1212,False,False,True,5,4
HMR_1213,False,False,True,5,3
HMR_1228,False,False,True,5,4
HMR_1229,False,False,True,5,4
HMR_1230,False,False,True,5,4
HMR_1231,False,False,True,5,4
HMR_1232,False,False,True,5,4
HMR_1233,False,False,True,5,4
HMR_1234,False,False,True,3,1
HMR_1235,False,False,True,3,1
HMR_1236,False,False,True,5,3
HMR_1237,False,False,True,3,1
HMR_1238,False,False,True,5,3
HMR_1239,False,False,True,3,1
HMR_1241,False,False,True,5,4
HMR_1244,False,False,True,5,3
HMR_1245,False,False,True,5,3
HMR_1246,False,False,True,5,3
HMR_1247,False,False,False,0,0
HMR_1248,False,False,True,5,4
HMR_1249,False,False,True,5,4
HMR_1250,False,False,True,5,4
HMR_1251,False,False,True,5,4
HMR_1253,False,False,True,5,4
HMR_1254,False,False,True,5,3
HMR_1255,False,False,True,5,4
HMR_1256,False,False,True,5,3
HMR_1257,False,False,True,5,4
HMR_1258,False,False,True,5,3
HMR_1259,False,False,True,5,4
HMR_1260,False,False,True,5,3
HMR_1261,False,False,True,5,4
HMR_1262,False,False,True,5,3
HMR_1263,False,False,True,5,4
HMR_1264,False,False,True,5,4
HMR_1265,False,False,True,5,4
HMR_1266,False,False,True,5,4
HMR_1270,False,False,True,5,4
HMR_1271,False,False,True,5,4
HMR_1272,False,False,True,5,4
HMR_1273,False,False,True,5,3
HMR_1274,False,False,True,5,4
HMR_1275,False,False,True,5,3
HMR_1276,False,False,True,5,4
HMR_1277,False,False,True,5,3
HMR_1278,False,False,True,5,4
HMR_1279,False,False,True,5,3
HMR_1280,False,False,True,5,4
HMR_1281,False,False,True,5,4
HMR_1282,False,False,True,5,4
HMR_1285,False,False,True,4,4
HMR_1287,False,False,True,5,4
HMR_1288,False,False,True,5,4
HMR_1289,False,False,True,5,4
HMR_1290,False,False,True,5,4
HMR_1291,False,False,True,5,4
HMR_1292,False,False,True,5,4
HMR_1293,False,False,True,5,4
HMR_1294,False,False,True,5,4
HMR_1295,False,False,True,5,4
HMR_1296,False,False,True,5,4
HMR_1297,False,False,True,5,4
HMR_1298,False,False,True,5,4
HMR_1299,True,False,False,2,0
HMR_1300,True,False,False,2,0
HMR_1301,False,False,True,5,4
HMR_1303,False,False,True,5,4
HMR_1304,False,False,True,5,4
HMR_4796,False,False,True,5,3
HMR_8545,False,False,False,0,0
HMR_8546,False,False,True,5,4
HMR_8547,False,False,True,5,3
HMR_8548,False,False,True,5,3
HMR_8549,False,False,True,5,3
HMR_8550,True,False,False,3,0
HMR_8552,False,False,True,4,4
HMR_8554,False,False,False,0,0
HMR_8555,False,False,False,0,0
HMR_8556,True,False,False,2,0
HMR_8557,False,False,True,3,4
HMR_8558,False,False,True,3,3
HMR_8559,False,False,True,5,4
HMR_8560,False,False,True,5,4
HMR_8561,False,False,False,0,0
HMR_0154,False,False,True,5,4
HMR_0189,False,False,True,5,4
HMR_0193,False,False,True,5,4
HMR_0197,False,False,True,5,4
HMR_0201,False,False,True,5,4
HMR_0206,False,False,True,5,4
HMR_0210,False,False,True,5,4
HMR_0214,False,False,True,5,4
HMR_0223,False,False,True,5,4
HMR_0230,False,False,True,5,4
HMR_0234,False,False,True,5,4
HMR_0238,False,False,True,5,4
HMR_0242,False,False,True,5,4
HMR_0246,False,False,True,5,4
HMR_0250,False,False,True,5,4
HMR_0256,False,False,True,5,4
HMR_0260,False,False,True,5,4
HMR_0264,False,False,True,5,4
HMR_0268,False,False,True,5,4
HMR_0272,False,False,True,5,4
HMR_0276,False,False,True,5,4
HMR_0280,False,False,True,5,4
HMR_0284,False,False,True,5,4
HMR_0290,False,False,True,5,4
HMR_0294,False,False,True,5,4
HMR_0298,False,False,True,5,4
HMR_0302,False,False,True,5,4
HMR_0306,False,False,True,5,4
HMR_0310,False,False,True,5,4
HMR_0314,False,False,True,5,4
HMR_0320,False,False,True,5,4
HMR_0324,False,False,True,5,4
HMR_0328,False,False,True,5,4
HMR_0332,False,False,True,5,4
HMR_0338,False,False,True,5,4
HMR_0342,False,False,True,5,4
HMR_0346,False,False,True,5,4
HMR_0350,False,False,True,5,4
HMR_0354,False,False,True,5,4
HMR_0358,False,False,True,5,4
HMR_0362,False,False,True,5,4
HMR_0366,False,False,True,5,4
HMR_0370,False,False,True,5,4
HMR_0374,False,False,True,5,4
HMR_0378,False,False,True,5,4
HMR_0382,False,False,True,5,4
HMR_0386,False,False,True,5,4
HMR_0390,False,False,True,5,4
HMR_0394,False,False,True,5,4
HMR_0398,False,False,True,5,4
HMR_0402,False,False,True,5,4
HMR_0406,False,False,True,5,4
HMR_0410,False,False,True,5,4
HMR_0414,False,False,True,5,4
HMR_0418,False,False,True,5,4
HMR_0422,False,False,True,5,4
HMR_0426,False,False,True,5,4
HMR_0430,False,False,True,5,4
HMR_0434,False,False,True,5,4
HMR_0438,False,False,True,5,4
HMR_3475,False,False,True,5,2
HMR_0159,False,False,True,5,4
HMR_2591,False,False,True,5,4
HMR_2594,False,False,True,5,4
HMR_2599,False,False,True,5,4
HMR_2602,False,False,True,5,4
HMR_2605,False,False,True,5,4
HMR_2608,False,False,True,5,4
HMR_2611,False,False,True,5,4
HMR_2614,False,False,True,5,4
HMR_2620,False,False,True,5,4
HMR_2623,False,False,True,5,4
HMR_2626,False,False,True,5,4
HMR_2633,False,False,True,5,4
HMR_2636,False,False,True,5,4
HMR_2642,False,False,True,5,4
HMR_2648,False,False,True,5,4
HMR_2651,False,False,True,5,4
HMR_2654,False,False,True,5,4
HMR_2657,False,False,True,5,4
HMR_2660,False,False,True,5,4
HMR_2663,False,False,True,5,4
HMR_2666,False,False,True,5,4
HMR_2669,False,False,True,5,4
HMR_2672,False,False,True,5,4
HMR_2675,False,False,True,5,4
HMR_2678,False,False,True,5,4
HMR_2681,False,False,True,5,4
HMR_2684,False,False,True,5,4
HMR_2687,False,False,True,5,4
HMR_2690,False,False,True,5,4
HMR_2693,False,False,True,5,4
HMR_2699,False,False,True,5,4
HMR_2702,False,False,True,5,4
HMR_2705,False,False,True,5,4
HMR_2708,False,False,True,5,4
HMR_2711,False,False,True,5,4
HMR_2714,False,False,True,5,4
HMR_2717,False,False,True,5,4
HMR_2720,False,False,True,5,4
HMR_2726,False,False,True,5,4
HMR_2730,False,False,True,5,4
HMR_2733,False,False,True,5,4
HMR_2736,False,False,True,5,4
HMR_2739,False,False,True,5,4
HMR_2742,False,False,True,5,4
HMR_2746,False,False,True,5,4
HMR_2752,False,False,True,5,4
HMR_2755,False,False,True,5,4
HMR_2759,False,False,True,5,4
HMR_2762,False,False,True,5,4
HMR_2768,False,False,True,5,4
HMR_2771,False,False,True,5,4
HMR_2774,False,False,True,5,4
HMR_2877,False,False,True,5,4
HMR_3032,False,False,True,5,4
HMR_0160,False,False,True,4,4
HMR_0161,False,False,True,5,3
HMR_0162,False,False,True,2,1
HMR_0163,False,False,True,2,2
HMR_2592,False,True,False,0,1
HMR_2593,False,False,True,5,4
HMR_2596,False,False,True,5,4
HMR_2598,False,False,True,5,3
HMR_2600,False,False,False,0,0
HMR_2601,False,False,True,5,3
HMR_2603,False,False,True,5,4
HMR_2604,False,False,True,5,4
HMR_2606,False,False,True,4,3
HMR_2607,False,False,True,5,3
HMR_2609,False,False,True,5,4
HMR_2610,False,False,True,5,3
HMR_2612,False,False,True,5,4
HMR_2613,False,False,True,5,4
HMR_2616,False,False,True,4,3
HMR_2618,False,False,True,5,4
HMR_2621,False,False,True,5,4
HMR_2622,False,False,True,5,4
HMR_2624,False,False,True,5,4
HMR_2625,False,False,True,5,4
HMR_2629,False,False,True,5,4
HMR_2630,False,False,True,5,4
HMR_2634,False,False,True,5,4
HMR_2635,False,False,True,5,3
HMR_2638,False,False,True,5,4
HMR_2640,False,False,True,5,3
HMR_2644,False,False,True,5,4
HMR_2646,False,False,True,5,4
HMR_2649,False,False,False,0,0
HMR_2650,False,False,True,5,3
HMR_2652,False,False,False,0,0
HMR_2653,False,False,True,5,3
HMR_2655,False,False,True,5,4
HMR_2656,False,False,True,5,4
HMR_2658,False,False,True,4,4
HMR_2659,False,False,True,5,4
HMR_2661,False,False,True,2,3
HMR_2662,False,False,True,5,3
HMR_2664,False,False,True,5,2
HMR_2665,False,False,True,5,3
HMR_2667,False,False,True,5,4
HMR_2668,False,False,True,5,4
HMR_2670,False,False,True,5,4
HMR_2671,False,False,True,5,4
HMR_2673,False,False,True,5,4
HMR_2674,False,False,True,5,4
HMR_2676,False,False,False,0,0
HMR_2677,False,False,True,5,3
HMR_2679,False,False,True,5,4
HMR_2680,False,False,True,5,4
HMR_2682,False,False,True,5,4
HMR_2683,False,False,True,5,4
HMR_2685,False,False,False,0,0
HMR_2686,False,False,True,5,3
HMR_2688,False,False,True,4,4
HMR_2689,False,False,True,5,4
HMR_2691,False,False,True,4,4
HMR_2692,False,False,True,5,4
HMR_2695,False,False,True,3,4
HMR_2697,False,False,True,5,4
HMR_2700,False,False,True,5,4
HMR_2701,False,False,True,5,4
HMR_2703,False,False,True,5,4
HMR_2704,False,False,True,5,4
HMR_2706,False,False,True,5,4
HMR_2707,False,False,True,5,4
HMR_2709,False,False,True,3,3
HMR_2710,False,False,True,5,4
HMR_2712,False,False,True,5,4
HMR_2713,False,False,True,5,4
HMR_2715,False,False,True,5,4
HMR_2716,False,False,True,5,4
HMR_2718,False,False,True,5,4
HMR_2719,False,False,True,5,4
HMR_2722,False,False,True,5,4
HMR_2724,False,False,True,5,3
HMR_2727,False,False,True,5,4
HMR_2729,False,False,True,5,4
HMR_2731,False,False,True,5,4
HMR_2732,False,False,True,5,4
HMR_2734,False,False,True,5,4
HMR_2735,False,False,True,5,4
HMR_2737,False,False,True,5,4
HMR_2738,False,False,True,5,4
HMR_2740,False,False,True,5,4
HMR_2741,False,False,True,5,4
HMR_2744,False,False,True,5,4
HMR_2745,False,False,True,5,4
HMR_2748,False,False,True,5,4
HMR_2750,False,False,True,5,4
HMR_2753,False,False,True,5,4
HMR_2754,False,False,True,5,4
HMR_2757,False,False,True,5,4
HMR_2758,False,False,True,5,3
HMR_2760,False,False,True,5,4
HMR_2761,False,False,True,5,4
HMR_2764,False,False,True,5,4
HMR_2766,False,False,True,5,4
HMR_2769,False,False,True,5,4
HMR_2770,False,False,True,5,4
HMR_2772,False,False,True,5,4
HMR_2773,False,False,True,5,4
HMR_2775,False,False,True,5,4
HMR_2776,False,False,True,5,4
HMR_3520,False,False,True,5,4
HMR_8418,False,False,True,5,4
HMR_3027,False,False,True,5,2
HMR_3028,False,False,True,5,4
HMR_3029,False,False,True,5,3
HMR_3030,False,False,True,5,3
HMR_3033,False,False,True,1,2
HMR_3034,False,False,True,2,2
HMR_3035,False,False,True,5,4
HMR_3037,False,False,True,5,3
HMR_2778,False,False,True,4,3
HMR_2780,False,False,True,5,3
HMR_2783,False,False,True,5,4
HMR_2785,False,False,True,5,4
HMR_2787,False,False,True,5,4
HMR_2788,False,False,True,5,4
HMR_2789,False,False,True,4,3
HMR_2790,False,False,True,5,3
HMR_2791,False,False,True,5,4
HMR_2792,False,False,True,5,4
HMR_2793,False,False,True,5,3
HMR_2794,False,False,True,5,3
HMR_2795,False,False,True,4,4
HMR_2796,False,False,True,5,3
HMR_2797,False,False,True,5,2
HMR_2798,False,False,True,5,3
HMR_2799,False,False,True,5,3
HMR_2800,False,False,True,5,3
HMR_2801,False,False,True,3,3
HMR_2803,False,False,True,5,3
HMR_2805,False,False,True,5,4
HMR_2806,False,False,True,5,3
HMR_2807,False,False,True,4,3
HMR_2809,False,False,True,5,3
HMR_2811,False,False,True,5,3
HMR_2812,False,False,True,5,3
HMR_2813,False,False,True,5,3
HMR_2814,False,False,True,5,3
HMR_2815,False,False,True,4,2
HMR_2816,False,False,True,5,3
HMR_2817,False,False,True,5,4
HMR_2819,False,False,True,5,4
HMR_2821,False,False,True,5,3
HMR_2822,False,False,True,5,3
HMR_2823,False,False,True,5,4
HMR_2824,False,False,True,5,3
HMR_2825,False,False,True,1,1
HMR_2827,False,False,True,5,3
HMR_2829,False,False,True,5,3
HMR_2830,False,False,True,5,3
HMR_2831,False,False,True,3,3
HMR_2832,False,False,True,5,3
HMR_2833,False,False,True,5,3
HMR_2834,False,False,True,5,3
HMR_2835,False,False,True,4,3
HMR_2836,False,False,True,5,3
HMR_2837,False,False,True,5,3
HMR_2838,False,False,True,5,3
HMR_2839,True,False,False,3,0
HMR_2840,False,False,True,5,3
HMR_2841,False,False,True,5,3
HMR_2842,False,False,True,5,3
HMR_2843,False,False,True,5,2
HMR_2844,False,False,True,5,3
HMR_2845,False,False,True,5,3
HMR_2846,False,False,True,5,3
HMR_2847,False,False,True,5,2
HMR_2848,False,False,True,5,3
HMR_2849,False,False,True,5,4
HMR_2850,False,False,True,5,3
HMR_2851,False,False,True,5,4
HMR_2852,False,False,True,5,3
HMR_2853,False,False,True,3,2
HMR_2854,False,False,True,5,3
HMR_2855,False,False,True,5,3
HMR_2856,False,False,True,5,3
HMR_2857,False,False,True,5,4
HMR_2859,False,False,True,5,4
HMR_2861,False,False,True,5,2
HMR_2862,False,False,True,5,3
HMR_2863,False,False,True,2,1
HMR_2864,False,False,True,5,3
HMR_2865,False,False,True,5,3
HMR_2866,False,False,True,5,3
HMR_2867,False,False,True,5,4
HMR_2868,False,False,True,5,3
HMR_2869,False,False,True,5,3
HMR_2870,False,False,True,5,3
HMR_2871,False,False,True,5,4
HMR_2872,False,False,True,5,4
HMR_2873,False,False,True,5,4
HMR_2874,False,False,True,5,4
HMR_2875,False,False,True,4,3
HMR_2876,False,False,True,5,3
HMR_2878,False,False,True,5,4
HMR_2879,False,False,True,5,4
HMR_2880,False,False,True,5,3
HMR_2882,False,False,True,5,3
HMR_2884,False,False,True,5,2
HMR_2886,False,False,True,5,3
HMR_2888,False,False,True,4,3
HMR_2890,False,False,True,5,3
HMR_2892,False,False,True,4,3
HMR_2894,False,False,True,5,3
HMR_2896,False,False,True,4,4
HMR_2897,False,False,True,5,3
HMR_2898,False,False,True,5,4
HMR_2899,False,False,True,5,3
HMR_2900,False,False,True,5,4
HMR_2901,False,False,True,5,3
HMR_2902,False,False,True,5,4
HMR_2903,False,False,True,5,4
HMR_2904,False,False,True,5,4
HMR_2905,False,False,True,5,4
HMR_2906,False,False,True,5,4
HMR_2907,False,False,True,4,3
HMR_2908,False,False,True,5,3
HMR_2909,False,False,True,5,4
HMR_2910,False,False,True,5,2
HMR_2911,False,False,True,5,3
HMR_2912,False,False,True,5,4
HMR_2913,False,False,True,5,4
HMR_2914,False,False,True,5,4
HMR_2915,False,False,True,5,4
HMR_2916,False,False,True,5,3
HMR_2917,False,False,True,5,3
HMR_2918,False,False,True,5,4
HMR_2919,False,False,True,5,4
HMR_2920,False,False,True,5,3
HMR_2921,False,False,True,5,4
HMR_2922,False,False,True,5,3
HMR_2923,False,False,True,5,3
HMR_2924,False,False,True,5,4
HMR_2925,False,False,True,5,4
HMR_2926,False,False,True,5,3
HMR_2927,False,False,True,5,4
HMR_2928,False,False,True,5,3
HMR_2929,False,False,True,5,3
HMR_2930,False,False,True,5,4
HMR_2931,False,False,True,5,3
HMR_2932,False,False,True,5,3
HMR_0449,False,False,True,2,3
HMR_0604,False,False,True,4,3
HMR_0605,False,False,True,5,4
HMR_0665,False,False,True,5,4
HMR_0667,False,False,True,5,4
HMR_0668,False,False,True,5,4
HMR_0669,False,False,True,5,4
HMR_0670,False,False,True,5,4
HMR_0671,False,False,True,5,4
HMR_0672,False,False,True,5,4
HMR_0679,False,False,True,5,4
HMR_0680,False,False,True,5,4
HMR_0681,False,False,True,5,4
HMR_0682,False,False,True,5,4
HMR_0683,False,False,True,5,4
HMR_0684,False,False,True,5,4
HMR_7588,False,False,True,5,4
HMR_3053,False,False,False,0,0
HMR_3054,False,False,False,0,0
HMR_3055,False,False,False,0,0
HMR_3057,False,False,True,4,4
HMR_3058,False,False,True,4,3
HMR_3059,False,False,True,4,3
HMR_3060,False,False,True,4,3
HMR_3062,False,False,True,4,4
HMR_3063,False,False,True,4,3
HMR_3064,False,False,True,4,3
HMR_3065,False,False,True,4,3
HMR_3066,False,False,True,4,3
HMR_3067,False,False,True,4,3
HMR_3068,False,False,True,4,3
HMR_3069,False,False,True,4,3
HMR_3070,False,False,True,5,4
HMR_3071,False,False,True,4,3
HMR_3072,False,False,True,4,3
HMR_3073,False,False,True,4,3
HMR_3074,False,False,True,5,4
HMR_3075,False,False,True,4,3
HMR_3076,False,False,True,4,3
HMR_3077,False,False,True,4,3
HMR_3078,False,False,True,5,4
HMR_3079,False,False,True,4,1
HMR_3080,False,False,True,4,1
HMR_3081,False,False,True,4,1
HMR_3082,False,False,True,5,4
HMR_3083,False,False,True,5,3
HMR_3084,False,False,True,5,3
HMR_3085,False,False,True,5,3
HMR_3086,False,False,True,5,4
HMR_3087,False,False,True,4,1
HMR_3088,False,False,True,4,1
HMR_3089,False,False,True,4,1
HMR_3090,False,False,True,5,4
HMR_3091,False,False,True,4,1
HMR_3092,False,False,True,4,1
HMR_3093,False,False,True,4,1
HMR_3094,False,False,True,5,4
HMR_3095,False,False,True,4,3
HMR_3096,False,False,True,4,3
HMR_3097,False,False,True,4,3
HMR_3098,False,False,True,5,4
HMR_3099,False,False,True,4,1
HMR_3100,False,False,True,4,1
HMR_3101,False,False,True,4,1
HMR_3102,False,False,True,5,4
HMR_3103,False,False,True,5,3
HMR_3104,False,False,True,5,3
HMR_3106,False,False,True,4,4
HMR_3056,False,False,False,0,0
HMR_3326,False,False,True,5,4
HMR_3327,False,False,True,4,3
HMR_3328,False,False,True,4,3
HMR_3329,False,False,True,4,3
HMR_3330,False,False,True,4,3
HMR_3331,False,False,True,4,3
HMR_3332,False,False,True,4,3
HMR_3333,False,False,True,4,3
HMR_3334,False,False,True,4,3
HMR_3335,False,False,True,4,3
HMR_3336,False,False,True,4,3
HMR_3337,False,False,True,4,3
HMR_3338,False,False,True,4,3
HMR_3339,False,False,True,4,3
HMR_3340,False,False,True,4,3
HMR_3341,False,False,True,4,3
HMR_3342,False,False,True,4,4
HMR_3343,False,False,True,4,3
HMR_3344,False,False,True,4,3
HMR_3345,False,False,True,4,3
HMR_3346,False,False,True,4,3
HMR_3347,False,False,True,4,3
HMR_3348,False,False,True,4,3
HMR_3349,False,False,True,4,3
HMR_3350,False,False,True,4,3
HMR_3351,False,False,True,4,1
HMR_3352,False,False,True,4,1
HMR_3353,False,False,True,4,1
HMR_3355,False,False,True,4,1
HMR_3364,False,False,True,5,4
HMR_3365,False,False,True,4,1
HMR_3367,False,False,True,4,1
HMR_3368,False,False,True,4,1
HMR_3369,False,False,True,5,4
HMR_3370,False,False,True,4,1
HMR_3372,False,False,True,4,1
HMR_3373,False,False,True,4,1
HMR_3375,False,False,True,4,1
HMR_3478,False,False,True,3,1
HMR_3480,False,False,True,3,1
HMR_3481,False,False,True,5,4
HMR_3482,False,False,True,3,1
HMR_3488,False,False,True,5,4
HMR_3489,False,False,True,5,4
HMR_3491,True,False,False,3,0
HMR_3493,False,False,True,2,1
HMR_3301,False,False,True,5,4
HMR_3302,False,False,True,4,2
HMR_3304,False,False,True,4,2
HMR_3305,False,False,True,4,2
HMR_3306,False,False,True,5,4
HMR_3307,False,False,True,4,2
HMR_3309,False,False,True,4,2
HMR_3310,False,False,True,4,2
HMR_3311,False,False,True,5,4
HMR_3312,False,False,True,4,2
HMR_3314,False,False,True,4,2
HMR_3315,False,False,True,4,2
HMR_3316,False,False,True,4,2
HMR_3317,False,False,True,4,2
HMR_3319,False,False,True,4,2
HMR_3320,False,False,True,4,2
HMR_3321,False,False,True,5,4
HMR_3322,False,False,True,5,4
HMR_3323,False,False,True,5,4
HMR_3107,False,False,True,5,4
HMR_3108,False,False,True,5,4
HMR_3109,False,False,True,5,4
HMR_3110,False,False,True,5,4
HMR_3111,False,False,True,5,4
HMR_3112,False,False,True,5,4
HMR_3113,False,False,True,5,4
HMR_3114,False,False,True,5,4
HMR_3115,False,False,True,5,4
HMR_3116,False,False,True,5,4
HMR_3117,False,False,True,5,4
HMR_3118,False,False,True,5,4
HMR_3121,False,False,True,5,4
HMR_3122,False,False,True,5,4
HMR_3123,False,False,True,5,4
HMR_3125,False,False,True,5,4
HMR_3128,False,False,True,5,4
HMR_3129,True,False,False,2,0
HMR_3130,False,False,True,5,4
HMR_3132,False,False,True,5,4
HMR_3135,False,False,True,5,4
HMR_3136,False,False,True,2,1
HMR_3137,False,False,True,5,4
HMR_3139,False,False,True,5,4
HMR_3142,False,False,True,5,3
HMR_3143,False,False,True,2,1
HMR_3144,False,False,True,5,4
HMR_3146,False,False,True,5,4
HMR_3149,False,False,True,5,3
HMR_3150,False,False,True,5,4
HMR_3151,False,False,True,5,4
HMR_3153,False,False,True,5,4
HMR_3156,False,False,True,5,3
HMR_3157,False,False,True,5,4
HMR_3158,False,False,True,5,4
HMR_3160,False,False,True,5,4
HMR_3398,False,False,True,5,4
HMR_3406,False,False,True,4,4
HMR_3407,False,False,True,5,4
HMR_3408,False,False,True,4,4
HMR_3409,False,False,True,4,4
HMR_3411,False,False,True,4,4
HMR_3413,False,False,True,4,4
HMR_3414,False,False,True,3,3
HMR_3416,False,False,True,3,3
HMR_3421,False,False,True,5,4
HMR_3422,False,False,True,5,4
HMR_3423,False,False,True,5,4
HMR_3424,False,False,True,5,4
HMR_3425,False,False,True,5,4
HMR_3426,False,False,True,5,4
HMR_9719,False,False,True,5,4
HMR_3427,False,False,True,5,4
HMR_3428,False,False,True,5,4
HMR_3429,False,False,True,5,4
HMR_3430,False,False,True,5,4
HMR_3431,False,False,True,5,4
HMR_3432,False,False,True,5,4
HMR_3433,False,False,True,5,4
HMR_3170,False,False,True,5,4
HMR_3171,False,False,True,5,4
HMR_3172,False,False,True,5,4
HMR_3173,False,False,True,5,4
HMR_3174,False,False,True,5,4
HMR_3175,False,False,True,5,4
HMR_3176,False,False,True,5,4
HMR_3177,False,False,True,5,4
HMR_3178,False,False,True,5,4
HMR_3179,False,False,True,5,4
HMR_3180,False,False,True,5,4
HMR_3181,False,False,True,5,4
HMR_3182,False,False,True,5,4
HMR_3183,False,False,True,5,4
HMR_3184,False,False,True,5,4
HMR_3185,False,False,True,5,4
HMR_3186,False,False,True,5,4
HMR_3187,False,False,True,5,4
HMR_3188,False,False,True,5,4
HMR_3189,False,False,True,5,4
HMR_3190,False,False,True,5,4
HMR_3191,False,False,True,5,4
HMR_3192,False,False,True,5,4
HMR_3193,False,False,True,5,4
HMR_3194,False,False,True,5,4
HMR_3195,False,False,True,5,4
HMR_3196,False,False,True,5,4
HMR_3197,False,False,True,5,4
HMR_3198,False,False,True,5,4
HMR_3199,False,False,True,5,4
HMR_3200,False,False,True,5,4
HMR_3201,False,False,True,5,4
HMR_3202,False,False,True,5,4
HMR_3203,False,False,True,5,4
HMR_3204,False,False,True,5,4
HMR_3205,False,False,True,5,4
HMR_3396,False,False,False,0,0
HMR_3397,False,False,False,0,0
HMR_3240,False,False,True,5,4
HMR_3241,False,False,True,5,4
HMR_3242,False,False,True,5,4
HMR_3243,False,False,True,5,4
HMR_3244,False,False,True,5,4
HMR_3245,False,False,True,5,4
HMR_3246,False,False,True,5,4
HMR_3247,False,False,True,5,4
HMR_3250,False,False,True,5,4
HMR_3252,False,False,True,5,4
HMR_3254,False,False,True,5,4
HMR_3256,False,False,True,5,4
HMR_3258,False,False,True,5,4
HMR_3260,False,False,True,5,4
HMR_3262,False,False,True,5,4
HMR_3264,False,False,True,5,4
HMR_3272,False,False,True,5,4
HMR_3356,False,False,True,5,4
HMR_3357,False,False,True,4,3
HMR_3358,False,False,True,4,3
HMR_3359,False,False,True,4,3
HMR_3360,False,False,True,4,3
HMR_3361,False,False,True,4,1
HMR_3362,False,False,True,4,1
HMR_3363,False,False,True,4,1
HMR_3218,False,False,True,5,4
HMR_3219,False,False,True,5,4
HMR_3220,False,False,True,5,4
HMR_3221,False,False,True,5,4
HMR_3222,False,False,True,5,4
HMR_3223,False,False,True,5,4
HMR_3224,False,False,True,5,4
HMR_3225,False,False,True,5,4
HMR_3226,False,False,True,5,4
HMR_3227,False,False,True,5,4
HMR_3228,False,False,True,5,4
HMR_3229,False,False,True,5,4
HMR_3230,False,False,True,5,4
HMR_3231,False,False,True,5,4
HMR_3232,False,False,True,5,4
HMR_3233,False,False,True,5,4
HMR_3234,False,False,True,5,4
HMR_3235,False,False,True,5,4
HMR_3236,False,False,True,5,4
HMR_3237,False,False,True,5,4
HMR_3239,False,False,True,5,4
HMR_3275,False,False,True,5,4
HMR_3277,False,False,True,5,4
HMR_3278,False,False,True,5,4
HMR_3279,False,False,True,5,4
HMR_3280,False,False,True,5,4
HMR_3281,False,False,True,5,4
HMR_3282,False,False,True,5,4
HMR_3283,False,False,True,5,4
HMR_3284,False,False,True,5,4
HMR_3285,False,False,True,5,4
HMR_3286,False,False,True,5,4
HMR_3287,False,False,True,5,4
HMR_3288,False,False,True,5,4
HMR_3290,False,False,True,5,4
HMR_3292,False,False,True,5,4
HMR_3293,False,False,True,5,4
HMR_3294,False,False,True,5,4
HMR_3296,False,False,True,5,4
HMR_3298,False,False,True,5,4
HMR_1174,False,False,True,5,4
HMR_1175,False,False,True,5,4
HMR_1176,False,False,True,5,4
HMR_1177,False,False,True,5,4
HMR_1178,False,False,True,5,4
HMR_1179,False,False,True,5,4
HMR_1180,False,False,True,5,4
HMR_1181,False,False,True,5,4
HMR_1182,False,False,True,5,4
HMR_1183,False,False,True,5,4
HMR_1184,False,False,True,5,4
HMR_1216,False,False,True,5,4
HMR_1217,False,False,True,5,4
HMR_1218,False,False,True,5,4
HMR_1219,False,False,True,5,4
HMR_1220,False,False,True,5,4
HMR_1221,False,False,True,5,4
HMR_1222,False,False,True,5,4
HMR_1223,False,False,True,5,4
HMR_1224,False,False,True,5,4
HMR_1225,False,False,True,5,4
HMR_1226,False,False,True,5,4
HMR_1573,False,False,True,4,2
HMR_6901,False,False,True,5,4
HMR_6903,False,False,True,5,4
HMR_6904,True,False,False,5,0
HMR_6905,False,False,True,5,4
HMR_6906,False,False,True,5,4
HMR_6907,False,False,True,5,4
HMR_6908,False,False,True,5,4
HMR_6909,False,False,True,5,4
HMR_6910,False,False,True,5,4
HMR_1644,False,False,True,2,1
HMR_1651,False,False,True,5,3
HMR_1920,False,False,False,0,0
HMR_1924,True,False,False,1,0
HMR_1926,True,False,False,1,0
HMR_1927,True,False,False,1,0
HMR_1928,True,False,False,1,0
HMR_1929,True,False,False,1,0
HMR_1940,False,False,False,0,0
HMR_1941,False,False,False,0,0
HMR_1948,False,False,False,0,0
HMR_1949,False,False,False,0,0
HMR_1989,False,False,False,0,0
HMR_1990,False,False,False,0,0
HMR_1991,False,False,False,0,0
HMR_1992,False,False,False,0,0
HMR_1993,False,False,False,0,0
HMR_2002,False,False,True,2,2
HMR_2004,False,False,True,1,1
HMR_2005,False,False,False,0,0
HMR_2007,False,False,False,0,0
HMR_2009,False,False,False,0,0
HMR_2010,False,False,False,0,0
HMR_2011,False,False,False,0,0
HMR_4766,True,False,False,1,0
HMR_7648,False,False,False,0,0
HMR_7928,False,False,False,0,0
HMR_7930,False,False,True,1,1
HMR_7931,False,True,False,0,1
HMR_7932,False,False,False,0,0
HMR_7934,False,False,False,0,0
HMR_7935,False,False,True,4,2
HMR_7936,True,False,False,1,0
HMR_7937,False,True,False,0,1
HMR_7938,False,True,False,0,1
HMR_7939,False,False,False,0,0
HMR_7940,False,False,False,0,0
HMR_7941,True,False,False,1,0
HMR_7942,False,False,True,2,4
HMR_7943,True,False,False,2,0
HMR_7945,False,False,False,0,0
HMR_7948,False,False,False,0,0
HMR_7950,False,False,False,0,0
HMR_7952,False,False,False,0,0
HMR_7954,False,False,False,0,0
HMR_7955,False,False,True,1,1
HMR_7957,False,False,True,4,2
HMR_7958,False,False,False,0,0
HMR_7959,False,False,False,0,0
HMR_7962,False,False,False,0,0
HMR_7965,False,False,False,0,0
HMR_7968,False,False,True,2,1
HMR_2041,True,False,False,1,0
HMR_7970,False,False,True,5,2
HMR_7971,False,False,True,4,1
HMR_7972,False,False,True,2,1
HMR_7973,True,False,False,2,0
HMR_7974,False,False,False,0,0
HMR_7976,False,False,True,5,3
HMR_7978,False,False,False,0,0
HMR_7984,False,False,True,1,1
HMR_7987,False,False,False,0,0
HMR_1944,True,False,False,4,0
HMR_1945,True,False,False,1,0
HMR_1952,False,False,False,0,0
HMR_1953,False,False,False,0,0
HMR_1958,False,False,False,0,0
HMR_1959,True,False,False,2,0
HMR_1960,False,False,True,3,1
HMR_1962,False,False,False,0,0
HMR_1963,False,False,False,0,0
HMR_1967,True,False,False,2,0
HMR_1968,True,False,False,1,0
HMR_1969,False,False,False,0,0
HMR_1970,True,False,False,2,0
HMR_1971,True,False,False,1,0
HMR_1973,False,False,True,4,1
HMR_1974,True,False,False,1,0
HMR_1976,False,False,False,0,0
HMR_1977,False,False,False,0,0
HMR_1978,False,False,True,1,1
HMR_1982,True,False,False,1,0
HMR_1983,True,False,False,1,0
HMR_2014,False,False,True,1,1
HMR_2015,False,False,True,3,2
HMR_2016,False,False,True,5,2
HMR_2017,False,False,True,5,2
HMR_2018,False,False,True,5,2
HMR_2019,False,False,True,5,2
HMR_2020,False,False,True,3,3
HMR_2025,False,False,False,0,0
HMR_1440,False,False,True,4,3
HMR_1445,False,False,True,5,1
HMR_1448,False,False,True,5,3
HMR_1454,False,False,True,5,2
HMR_1465,False,False,True,5,4
HMR_1467,False,False,True,5,4
HMR_1470,False,False,True,5,4
HMR_1473,False,False,True,5,4
HMR_1477,False,False,True,5,1
HMR_1478,False,False,True,5,1
HMR_1479,False,False,True,5,1
HMR_1484,False,False,True,5,4
HMR_1490,False,False,True,5,4
HMR_1493,False,False,True,5,4
HMR_1494,False,False,True,5,4
HMR_1495,False,False,True,5,4
HMR_1496,False,False,True,5,4
HMR_1500,False,False,True,5,4
HMR_1502,False,False,True,5,4
HMR_1503,False,False,True,5,4
HMR_1504,False,False,True,5,4
HMR_1505,False,False,True,5,4
HMR_1509,False,False,True,5,4
HMR_1512,False,False,True,5,4
HMR_1516,False,False,True,1,1
HMR_1519,False,False,True,1,1
HMR_1526,False,False,True,5,2
HMR_1533,False,False,True,5,4
HMR_1557,False,False,True,3,2
HMR_1558,False,False,True,2,3
HMR_1565,False,False,True,2,1
HMR_1535,False,False,True,5,4
HMR_1536,False,False,True,5,4
HMR_1538,False,False,True,5,4
HMR_1539,False,False,True,5,4
HMR_1540,False,False,True,5,4
HMR_1543,False,False,True,5,4
HMR_1544,False,False,True,5,4
HMR_1545,False,False,True,5,4
HMR_1546,False,False,True,5,4
HMR_1547,False,False,True,5,4
HMR_1548,False,False,True,5,4
HMR_1549,False,False,True,5,4
HMR_1550,False,False,True,5,4
HMR_1551,False,False,True,5,4
HMR_1552,False,False,True,5,4
HMR_1553,False,False,True,5,4
HMR_1437,False,False,True,5,3
HMR_1451,False,False,True,5,1
HMR_1457,False,False,True,5,4
HMR_1460,False,False,True,5,4
HMR_1570,False,False,True,5,3
HMR_1576,True,False,False,3,0
HMR_1577,False,False,True,5,3
HMR_3105,False,True,False,0,2
HMR_4630,False,False,True,5,3
HMR_2029,True,False,False,1,0
HMR_2030,False,False,True,5,2
HMR_2031,False,False,True,5,2
HMR_2032,False,False,True,5,2
HMR_2033,False,False,True,5,2
HMR_2034,False,False,True,5,2
HMR_2036,True,False,False,1,0
HMR_2037,False,False,True,4,1
HMR_2038,False,False,True,4,1
HMR_2042,False,False,True,5,2
HMR_2045,False,False,True,5,4
HMR_2046,True,False,False,2,0
HMR_2047,True,False,False,1,0
HMR_2053,False,False,False,0,0
HMR_2054,False,False,True,1,1
HMR_2055,False,False,False,0,0
HMR_2058,False,False,True,5,4
HMR_2088,False,False,True,5,4
HMR_2089,False,False,True,5,4
HMR_3538,False,False,False,0,0
HMR_3539,False,False,False,0,0
HMR_3540,False,False,False,0,0
HMR_3541,False,False,False,0,0
HMR_3542,False,False,False,0,0
HMR_3543,False,False,False,0,0
HMR_3544,False,False,False,0,0
HMR_3545,False,True,False,0,1
HMR_3546,False,False,False,0,0
HMR_3547,False,False,False,0,0
HMR_3548,False,False,False,0,0
HMR_3549,False,False,False,0,0
HMR_3550,False,False,False,0,0
HMR_3551,False,True,False,0,1
HMR_3552,False,True,False,0,1
HMR_3553,False,False,False,0,0
HMR_3554,False,False,False,0,0
HMR_3555,False,False,False,0,0
HMR_3556,False,False,False,0,0
HMR_3557,False,False,False,0,0
HMR_3558,False,False,False,0,0
HMR_3559,False,False,False,0,0
HMR_3560,False,False,False,0,0
HMR_3561,False,False,False,0,0
HMR_3562,False,False,False,0,0
HMR_3563,False,False,False,0,0
HMR_3564,False,False,False,0,0
HMR_3565,False,False,False,0,0
HMR_3566,False,False,False,0,0
HMR_3567,False,False,False,0,0
HMR_3568,False,False,False,0,0
HMR_3569,False,False,False,0,0
HMR_3570,False,False,False,0,0
HMR_3571,False,False,False,0,0
HMR_3572,False,False,False,0,0
HMR_3573,False,False,False,0,0
HMR_3574,False,False,False,0,0
HMR_3575,False,False,False,0,0
HMR_3576,False,False,False,0,0
HMR_3577,False,False,False,0,0
HMR_3578,False,False,False,0,0
HMR_3579,False,False,False,0,0
HMR_3580,False,False,False,0,0
HMR_3581,False,False,False,0,0
HMR_3582,False,False,False,0,0
HMR_3583,False,False,False,0,0
HMR_3584,False,False,False,0,0
HMR_3585,False,False,False,0,0
HMR_3586,False,True,False,0,1
HMR_3587,False,False,False,0,0
HMR_3588,False,False,False,0,0
HMR_3589,False,True,False,0,1
HMR_3590,False,False,False,0,0
HMR_3591,False,False,False,0,0
HMR_3592,False,False,False,0,0
HMR_3593,False,False,False,0,0
HMR_3594,False,False,False,0,0
HMR_3595,False,False,False,0,0
HMR_3596,False,False,False,0,0
HMR_3625,False,False,True,5,3
HMR_3626,False,False,True,5,3
HMR_3627,False,False,True,5,3
HMR_3628,False,False,True,5,3
HMR_3629,False,False,True,5,3
HMR_3630,False,False,True,5,3
HMR_3631,False,False,True,5,3
HMR_3632,False,False,True,4,4
HMR_3633,False,False,True,5,3
HMR_3634,False,False,False,0,0
HMR_3635,False,False,True,5,3
HMR_3636,False,False,True,5,3
HMR_3637,False,False,True,5,3
HMR_3638,False,False,True,4,4
HMR_3639,False,False,True,5,3
HMR_3640,False,False,True,5,3
HMR_3641,False,False,True,4,4
HMR_3642,False,False,True,5,3
HMR_3643,False,False,False,0,0
HMR_3644,False,False,True,5,3
HMR_3645,False,False,True,5,3
HMR_3646,False,False,True,5,3
HMR_3647,False,False,True,5,3
HMR_3648,False,False,True,5,3
HMR_3649,False,False,True,5,3
HMR_3650,False,False,True,5,3
HMR_3651,False,False,True,5,3
HMR_3652,False,False,True,5,3
HMR_3653,False,False,True,5,3
HMR_3654,False,False,True,5,3
HMR_3655,False,False,True,5,3
HMR_3656,False,False,True,5,3
HMR_3657,False,False,True,5,3
HMR_3658,False,False,True,5,3
HMR_3659,False,False,True,5,3
HMR_3660,False,False,True,5,3
HMR_3661,False,False,True,5,3
HMR_3662,False,False,True,5,3
HMR_3663,False,False,True,5,3
HMR_3664,False,False,True,5,3
HMR_3665,False,False,True,5,3
HMR_3666,False,False,True,5,3
HMR_3667,False,False,True,5,3
HMR_3668,False,False,True,5,3
HMR_3669,False,False,True,5,3
HMR_3670,False,False,True,5,3
HMR_3671,False,False,False,0,0
HMR_3672,False,False,False,0,0
HMR_3673,False,False,True,4,4
HMR_3674,False,False,True,5,3
HMR_3675,False,False,True,5,3
HMR_3676,False,False,True,5,4
HMR_3677,False,False,True,5,3
HMR_3678,False,False,True,5,3
HMR_3679,False,False,True,5,3
HMR_3680,False,False,True,5,3
HMR_3681,False,False,True,5,3
HMR_3682,False,False,True,5,3
HMR_3683,False,False,False,0,0
HMR_3684,False,False,True,5,3
HMR_3685,False,False,True,5,3
HMR_3686,False,False,True,5,3
HMR_3687,False,False,True,5,3
HMR_3688,False,False,True,5,3
HMR_3689,False,False,True,5,3
HMR_3690,False,False,True,5,3
HMR_3691,False,False,True,5,4
HMR_3692,False,False,True,5,3
HMR_3693,False,False,True,5,4
HMR_3694,False,False,True,5,3
HMR_3695,False,False,True,5,3
HMR_3696,False,False,True,5,3
HMR_3697,False,False,True,5,4
HMR_3698,False,False,True,5,3
HMR_3699,False,False,True,5,3
HMR_3700,False,False,True,5,4
HMR_3701,False,False,True,5,3
HMR_3703,False,False,True,5,3
HMR_3704,False,False,True,5,3
HMR_3705,False,False,True,5,3
HMR_3706,False,False,True,5,3
HMR_3707,False,False,True,5,3
HMR_3708,False,False,True,5,3
HMR_3709,False,False,True,5,3
HMR_3710,False,False,True,5,3
HMR_3711,False,False,True,5,3
HMR_3712,False,False,True,5,3
HMR_3713,False,False,True,5,3
HMR_3714,False,False,True,5,3
HMR_3715,False,False,True,5,3
HMR_3716,False,False,True,5,3
HMR_3717,False,False,True,5,3
HMR_3718,False,False,True,5,3
HMR_3719,False,False,True,5,3
HMR_3720,False,False,True,5,3
HMR_3721,False,False,True,5,3
HMR_3722,False,False,True,5,3
HMR_3723,False,False,True,5,3
HMR_3724,False,False,True,5,3
HMR_3725,False,False,True,5,3
HMR_3726,False,False,True,5,3
HMR_3727,False,False,True,5,3
HMR_3728,False,False,True,5,3
HMR_3729,False,False,True,5,3
HMR_3732,False,False,True,5,4
HMR_3733,False,False,True,5,3
HMR_3734,False,False,True,5,3
HMR_3735,False,False,True,5,4
HMR_3736,False,False,True,5,3
HMR_3737,False,False,True,5,3
HMR_3738,False,False,True,5,3
HMR_3739,False,False,True,5,3
HMR_3740,False,False,True,5,3
HMR_3741,False,False,True,5,3
HMR_0735,True,False,False,2,0
HMR_0736,False,False,True,3,4
HMR_0738,False,False,True,5,4
HMR_0741,False,False,True,5,4
HMR_0744,True,False,False,5,0
HMR_0746,False,False,True,5,4
HMR_0748,False,False,True,5,4
HMR_0750,False,False,True,5,4
HMR_0753,False,False,True,5,4
HMR_0754,False,False,True,5,3
HMR_0758,False,False,True,5,4
HMR_0760,False,False,True,5,4
HMR_0761,False,False,True,5,4
HMR_0762,False,False,True,5,3
HMR_0763,False,False,True,5,4
HMR_0765,False,False,True,5,4
HMR_0766,False,False,True,5,4
HMR_0767,False,False,True,5,4
HMR_0773,False,False,True,5,4
HMR_0775,False,False,True,5,4
HMR_0779,False,False,True,5,4
HMR_0781,False,False,True,5,4
HMR_0783,False,False,False,0,0
HMR_0795,False,False,False,0,0
HMR_8147,True,False,False,1,0
HMR_8148,False,False,True,4,3
HMR_8149,False,False,True,4,2
HMR_8150,True,False,False,1,0
HMR_8151,True,False,False,1,0
HMR_8152,True,False,False,1,0
HMR_8155,False,False,False,0,0
HMR_8156,False,False,False,0,0
HMR_8159,False,False,False,0,0
HMR_8162,False,False,False,0,0
HMR_8165,False,False,False,0,0
HMR_8166,True,False,False,2,0
HMR_8167,True,False,False,2,0
HMR_8168,False,False,False,0,0
HMR_8169,False,False,False,0,0
HMR_8170,False,False,False,0,0
HMR_8171,True,False,False,2,0
HMR_8172,True,False,False,1,0
HMR_8173,True,False,False,1,0
HMR_8174,False,False,False,0,0
HMR_8175,False,False,False,0,0
HMR_8176,False,False,False,0,0
HMR_8177,False,False,False,0,0
HMR_8178,False,False,False,0,0
HMR_8179,False,False,False,0,0
HMR_8180,False,False,False,0,0
HMR_8181,False,False,False,0,0
HMR_8182,False,False,False,0,0
HMR_8183,False,False,False,0,0
HMR_8184,False,False,False,0,0
HMR_8185,False,False,False,0,0
HMR_8186,False,False,False,0,0
HMR_8187,False,False,False,0,0
HMR_8188,False,False,False,0,0
HMR_8189,False,False,False,0,0
HMR_8190,False,False,False,0,0
HMR_8191,False,False,False,0,0
HMR_8192,False,False,False,0,0
HMR_8194,True,False,False,2,0
HMR_8197,True,False,False,2,0
HMR_8198,False,False,True,4,2
HMR_8201,False,False,True,4,2
HMR_0786,False,False,False,0,0
HMR_8206,True,False,False,4,0
HMR_8209,True,False,False,4,0
HMR_8210,False,False,True,3,2
HMR_8211,False,False,True,5,3
HMR_8212,True,False,False,1,0
HMR_8217,False,False,True,5,3
HMR_8219,False,False,True,5,4
HMR_8220,False,False,True,5,3
HMR_8221,False,False,False,0,0
HMR_8224,False,False,False,0,0
HMR_8226,False,False,False,0,0
HMR_8227,False,False,False,0,0
HMR_8228,False,False,False,0,0
HMR_8233,False,False,True,1,1
HMR_8235,False,False,False,0,0
HMR_8238,False,True,False,0,1
HMR_8242,False,False,False,0,0
HMR_8245,False,False,False,0,0
HMR_8246,False,False,False,0,0
HMR_8248,False,False,True,1,2
HMR_8249,True,False,False,1,0
HMR_8250,True,False,False,1,0
HMR_8251,True,False,False,1,0
HMR_0453,False,False,True,5,4
HMR_0456,False,False,True,5,4
HMR_0458,False,False,True,5,4
HMR_0459,False,False,True,5,4
HMR_0486,False,False,True,2,1
HMR_0487,False,False,True,2,1
HMR_0488,False,False,True,2,1
HMR_0489,False,False,True,2,1
HMR_0490,False,False,True,2,1
HMR_0491,False,False,True,2,1
HMR_0492,False,False,True,2,1
HMR_0493,False,False,True,2,1
HMR_0494,False,False,True,2,1
HMR_0495,False,False,True,5,4
HMR_0496,False,False,True,2,1
HMR_0497,False,False,True,2,1
HMR_0498,False,False,True,2,1
HMR_0499,False,False,True,2,1
HMR_0500,False,False,True,2,1
HMR_0501,False,False,True,2,1
HMR_0502,False,False,True,2,1
HMR_0503,False,False,True,2,1
HMR_0504,False,False,True,2,1
HMR_0505,False,False,True,2,1
HMR_0506,False,False,True,2,1
HMR_0507,False,False,True,2,1
HMR_0508,False,False,True,2,1
HMR_0509,False,False,True,2,1
HMR_0510,False,False,True,2,1
HMR_0511,False,False,True,2,1
HMR_0512,False,False,True,2,1
HMR_0513,False,False,True,2,1
HMR_0514,False,False,True,2,1
HMR_0515,False,False,True,2,1
HMR_0516,False,False,True,2,1
HMR_0517,False,False,True,2,1
HMR_0518,False,False,True,2,1
HMR_0519,False,False,True,2,1
HMR_0520,False,False,True,2,1
HMR_0521,False,False,True,2,1
HMR_0522,False,False,True,2,1
HMR_0523,False,False,True,2,1
HMR_0524,False,False,True,2,1
HMR_0525,False,False,True,2,1
HMR_0526,False,False,True,2,1
HMR_0527,False,False,True,2,1
HMR_0528,False,False,True,2,1
HMR_0529,False,False,True,2,1
HMR_0530,False,False,True,2,1
HMR_0531,False,False,True,2,1
HMR_0532,False,False,True,2,1
HMR_0533,False,False,True,2,1
HMR_0534,False,False,True,2,1
HMR_0535,False,False,True,2,1
HMR_0536,False,False,True,2,1
HMR_0537,False,False,True,2,1
HMR_0538,False,False,True,2,1
HMR_0539,False,False,True,2,1
HMR_0540,False,False,True,2,1
HMR_0541,False,False,True,2,1
HMR_0542,False,False,True,2,1
HMR_0543,False,False,True,2,1
HMR_0544,False,False,True,2,1
HMR_0588,False,False,True,5,4
HMR_0596,False,False,True,5,4
HMR_0673,False,False,True,4,3
HMR_0674,False,False,True,4,3
HMR_0675,False,False,True,4,3
HMR_0676,False,False,True,4,3
HMR_0677,False,False,True,4,3
HMR_0678,False,False,True,4,3
HMR_4296,True,False,False,1,0
HMR_4390,False,False,True,5,3
HMR_5254,False,False,False,0,0
HMR_0448,False,False,True,4,2
HMR_0450,False,False,True,4,2
HMR_0468,False,False,True,5,4
HMR_0478,False,False,True,4,2
HMR_0479,False,False,True,5,4
HMR_0481,False,False,True,5,4
HMR_0483,False,False,True,2,3
HMR_0482,False,False,True,2,3
HMR_0579,False,False,True,5,4
HMR_0580,False,False,True,5,4
HMR_0581,False,False,True,5,4
HMR_0582,False,False,True,1,3
HMR_0584,False,False,True,1,4
HMR_0586,False,False,True,2,2
HMR_0589,False,False,True,5,4
HMR_0590,False,False,True,5,4
HMR_0591,False,False,True,5,4
HMR_0592,False,False,True,5,4
HMR_0593,False,False,True,5,4
HMR_0594,False,False,True,5,4
HMR_0597,False,False,True,5,4
HMR_0598,False,False,True,5,4
HMR_0599,False,False,True,5,4
HMR_0600,False,False,True,5,4
HMR_0601,False,False,True,5,4
HMR_0602,False,False,True,5,4
HMR_0607,False,False,True,3,4
HMR_0610,False,False,True,5,4
HMR_0614,False,False,True,5,4
HMR_0615,False,False,True,3,3
HMR_0616,False,False,True,3,3
HMR_0622,False,False,True,5,3
HMR_0623,False,True,False,0,3
HMR_0625,False,False,True,5,4
HMR_0627,False,False,True,5,3
HMR_0629,False,False,True,5,3
HMR_0630,False,False,True,5,4
HMR_0632,False,False,True,5,4
HMR_0633,False,False,True,5,4
HMR_0634,False,False,True,5,3
HMR_0635,False,False,True,4,3
HMR_0636,False,False,True,5,4
HMR_0638,False,False,True,5,4
HMR_0640,True,False,False,2,0
HMR_0641,False,False,True,4,1
HMR_0642,False,False,True,5,4
HMR_0643,False,False,True,5,4
HMR_0644,False,False,True,5,4
HMR_0645,False,False,True,5,4
HMR_0646,False,False,True,4,3
HMR_0647,False,False,False,0,0
HMR_0648,False,False,True,5,4
HMR_0649,False,False,False,0,0
HMR_0651,False,False,True,5,4
HMR_0653,True,False,False,5,0
HMR_0654,True,False,False,5,0
HMR_0657,True,False,False,5,0
HMR_0660,False,False,True,5,4
HMR_4627,False,False,True,5,4
HMR_4838,False,False,True,5,4
HMR_4839,False,False,True,5,4
HMR_7591,False,False,True,5,4
HMR_7594,False,False,True,5,4
HMR_7597,False,False,True,5,4
HMR_7611,False,False,True,5,4
HMR_7612,False,False,True,1,1
HMR_7613,False,False,True,3,4
HMR_7755,False,False,False,0,0
HMR_8362,False,False,True,2,1
HMR_8421,False,False,True,4,1
HMR_8424,False,False,False,0,0
HMR_8518,False,False,True,5,4
HMR_8519,False,False,True,1,1
HMR_8521,False,False,True,5,4
HMR_8522,True,False,False,2,0
HMR_8523,False,False,True,5,3
HMR_8525,False,False,True,5,3
HMR_9805,False,False,False,0,0
HMR_0815,False,False,True,5,4
HMR_0816,False,False,True,5,4
HMR_0817,False,False,True,4,4
HMR_0819,False,False,False,0,0
HMR_0820,False,False,True,4,4
HMR_0821,False,False,True,5,4
HMR_0822,False,False,True,2,4
HMR_0823,False,False,True,2,1
HMR_0824,False,False,False,0,0
HMR_0825,False,False,True,5,4
HMR_0827,False,False,False,0,0
HMR_0828,False,False,True,5,4
HMR_0829,True,False,False,2,0
HMR_0830,False,False,False,0,0
HMR_0837,False,False,True,4,4
HMR_0838,False,False,True,5,4
HMR_0839,False,False,True,2,2
HMR_0841,False,False,False,0,0
HMR_0842,True,False,False,2,0
HMR_0843,True,False,False,2,0
HMR_0844,False,False,True,3,3
HMR_0845,False,False,True,5,4
HMR_0846,False,False,True,5,4
HMR_0847,False,False,True,5,4
HMR_0848,False,False,False,0,0
HMR_0849,False,False,True,5,4
HMR_0850,False,False,True,5,4
HMR_0851,False,False,False,0,0
HMR_0852,False,False,True,2,3
HMR_0853,False,False,True,2,2
HMR_0854,False,False,True,2,2
HMR_0855,False,False,False,0,0
HMR_0801,False,False,True,5,4
HMR_0803,False,False,True,3,1
HMR_0805,False,False,True,3,3
HMR_0806,False,False,True,2,1
HMR_0807,False,False,True,5,3
HMR_0809,False,False,False,0,0
HMR_0810,False,False,True,4,2
HMR_0811,False,False,True,4,2
HMR_0812,False,False,False,0,0
HMR_0814,False,False,False,0,0
HMR_0859,False,False,True,5,4
HMR_0860,False,False,True,3,1
HMR_0864,True,False,False,2,0
HMR_0865,False,False,True,1,1
HMR_0866,False,False,True,1,1
HMR_0867,True,False,False,2,0
HMR_0868,False,False,False,0,0
HMR_0870,True,False,False,2,0
HMR_0873,True,False,False,3,0
HMR_0875,False,False,True,5,4
HMR_0876,False,False,False,0,0
HMR_0877,False,False,False,0,0
HMR_0878,False,False,False,0,0
HMR_0883,False,False,True,2,1
HMR_0884,False,False,True,2,1
HMR_0885,False,False,True,2,1
HMR_0886,False,False,True,2,1
HMR_0887,False,False,False,0,0
HMR_0889,False,False,True,5,4
HMR_0890,False,False,True,5,4
HMR_0891,False,False,True,5,2
HMR_0892,True,False,False,3,0
HMR_0893,True,False,False,3,0
HMR_0894,True,False,False,3,0
HMR_0895,True,False,False,3,0
HMR_0898,False,False,True,3,1
HMR_0899,True,False,False,3,0
HMR_0900,True,False,False,3,0
HMR_0901,False,False,False,0,0
HMR_0902,False,True,False,0,1
HMR_0903,False,True,False,0,1
HMR_0904,False,True,False,0,1
HMR_0905,False,False,False,0,0
HMR_0906,False,False,True,1,1
HMR_0907,False,False,True,1,1
HMR_0908,False,False,True,2,1
HMR_0909,False,False,True,2,1
HMR_0910,False,False,False,0,0
HMR_0911,False,False,False,0,0
HMR_0912,False,False,True,5,3
HMR_0787,False,False,True,5,3
HMR_0790,True,False,False,3,0
HMR_0792,True,False,False,3,0
HMR_0793,False,False,True,3,2
HMR_0794,False,False,False,0,0
HMR_0797,False,False,False,0,0
HMR_0804,False,False,True,5,4
HMR_0808,False,False,True,5,3
HMR_0826,False,False,True,5,4
HMR_0832,False,False,False,0,0
HMR_0835,False,False,True,5,4
HMR_0836,False,False,True,5,4
HMR_0914,False,False,True,3,2
HMR_0919,False,False,True,2,3
HMR_0920,False,False,False,0,0
HMR_0921,True,False,False,1,0
HMR_0924,False,False,True,5,4
HMR_0925,False,False,True,5,4
HMR_0926,False,False,True,5,4
HMR_1979,False,False,False,0,0
HMR_1980,False,False,False,0,0
HMR_1981,False,False,True,1,1
HMR_1985,False,False,True,4,1
HMR_1987,False,False,True,3,1
HMR_1988,False,False,False,0,0
HMR_1995,False,False,False,0,0
HMR_1996,False,False,True,2,4
HMR_1999,False,False,False,0,0
HMR_2000,False,False,False,0,0
HMR_2001,False,False,False,0,0
HMR_1305,False,False,True,3,3
HMR_1307,False,False,True,3,3
HMR_1308,False,False,True,3,4
HMR_1310,False,False,True,5,4
HMR_1312,False,False,True,5,4
HMR_1313,False,False,True,1,3
HMR_1315,False,False,True,4,4
HMR_1317,False,False,True,4,4
HMR_1318,False,False,True,5,4
HMR_1319,False,False,True,3,1
HMR_1320,False,True,False,0,1
HMR_1321,False,False,True,4,3
HMR_1322,False,False,True,5,2
HMR_1323,False,False,True,4,2
HMR_1324,False,False,True,5,2
HMR_1325,False,False,True,5,4
HMR_1326,False,False,True,5,4
HMR_1327,False,False,True,5,4
HMR_1328,False,False,True,4,2
HMR_1329,False,False,True,5,4
HMR_1330,False,False,True,5,4
HMR_1332,False,False,True,2,3
HMR_1333,False,False,True,5,4
HMR_1334,False,False,False,0,0
HMR_1335,False,False,True,5,4
HMR_1336,False,True,False,0,1
HMR_1337,False,False,False,0,0
HMR_1338,False,False,False,0,0
HMR_1339,False,False,True,4,4
HMR_1341,False,True,False,0,1
HMR_1342,False,False,True,4,1
HMR_1343,False,False,True,1,1
HMR_1344,False,False,True,4,2
HMR_1345,False,True,False,0,1
HMR_1346,True,False,False,4,0
HMR_1347,False,False,True,5,2
HMR_1350,False,False,True,3,2
HMR_1364,False,False,False,0,0
HMR_1365,False,False,False,0,0
HMR_1366,False,False,True,4,2
HMR_1367,False,False,True,5,4
HMR_1370,False,False,True,5,4
HMR_1373,False,False,True,5,4
HMR_1374,False,False,False,0,0
HMR_1375,False,False,True,5,4
HMR_1376,False,False,True,5,4
HMR_1379,False,False,True,5,4
HMR_1382,False,False,True,5,4
HMR_1383,False,False,False,0,0
HMR_1384,False,False,True,5,4
HMR_1387,False,False,True,5,4
HMR_1388,False,False,True,1,1
HMR_1389,False,False,True,3,4
HMR_1390,False,False,True,3,3
HMR_1391,False,False,True,3,3
HMR_1393,False,False,True,3,3
HMR_1394,False,False,True,5,4
HMR_1395,False,False,True,2,4
HMR_1398,False,False,True,5,4
HMR_1401,False,False,True,3,2
HMR_1402,False,False,True,1,1
HMR_7598,False,False,True,5,4
HMR_7600,False,False,True,5,4
HMR_7602,False,False,True,5,4
HMR_7603,False,False,True,5,4
HMR_7610,False,False,True,5,4
HMR_7614,False,False,True,5,4
HMR_7615,False,False,True,5,4
HMR_0025,False,False,True,5,4
HMR_0030,False,False,True,5,4
HMR_7200,False,False,True,5,4
HMR_7202,False,False,True,5,4
HMR_7203,False,False,True,5,4
HMR_7205,False,False,True,5,4
HMR_7206,False,False,True,5,4
HMR_7207,False,False,True,5,3
HMR_7208,False,False,True,5,3
HMR_7209,False,False,True,5,3
HMR_7210,False,False,True,5,3
HMR_7211,False,False,True,5,3
HMR_7212,False,False,True,5,3
HMR_7213,False,False,True,5,3
HMR_7214,False,False,True,5,3
HMR_7215,False,False,True,5,3
HMR_7216,False,False,True,5,3
HMR_7217,False,False,True,5,2
HMR_7218,False,False,True,5,2
HMR_7219,False,False,True,5,2
HMR_7220,False,False,True,5,2
HMR_7221,False,False,True,5,2
HMR_7222,False,False,True,5,2
HMR_7490,False,False,True,4,2
HMR_7491,False,False,True,5,4
HMR_7492,False,False,True,1,2
HMR_7493,False,False,True,5,4
HMR_7494,False,False,True,5,4
HMR_7495,False,False,True,5,4
HMR_7496,False,False,True,5,4
HMR_7497,False,False,True,5,2
HMR_7498,False,False,True,5,4
HMR_7509,False,False,True,5,2
HMR_7510,False,False,True,5,2
HMR_7519,False,False,True,5,4
HMR_7520,False,False,True,5,4
HMR_7521,False,False,True,5,4
HMR_7522,False,False,True,5,4
HMR_7534,False,False,True,5,4
HMR_7535,False,False,True,5,4
HMR_7536,False,False,True,5,4
HMR_7537,False,False,True,5,4
HMR_7538,False,False,True,5,4
HMR_7551,False,False,True,2,3
HMR_7552,False,False,True,4,4
HMR_7553,False,False,True,2,3
HMR_7554,False,False,True,4,4
HMR_7501,False,False,True,5,4
HMR_7502,False,True,False,0,2
HMR_7503,False,False,True,5,2
HMR_7504,False,True,False,0,2
HMR_7505,False,False,True,4,4
HMR_7506,False,False,True,5,4
HMR_7507,False,False,True,5,4
HMR_7508,False,False,False,0,0
HMR_7513,False,False,True,5,2
HMR_7514,False,True,False,0,2
HMR_7515,True,False,False,5,0
HMR_7516,False,True,False,0,2
HMR_7517,False,False,True,5,2
HMR_7518,False,False,True,5,2
HMR_7525,False,False,True,5,4
HMR_7526,False,False,True,4,3
HMR_7527,False,False,True,4,4
HMR_7528,False,False,True,4,3
HMR_7529,False,False,True,5,4
HMR_7530,False,False,True,4,3
HMR_7531,False,False,True,4,4
HMR_7532,False,False,True,4,3
HMR_7533,False,False,True,3,4
HMR_7541,False,False,True,5,4
HMR_7542,False,False,True,2,1
HMR_7543,False,False,True,3,3
HMR_7544,False,False,True,2,1
HMR_7545,False,False,True,5,4
HMR_7546,False,False,True,5,4
HMR_7547,False,False,True,2,1
HMR_7548,False,False,True,3,3
HMR_7549,False,False,True,2,1
HMR_7550,False,False,False,0,0
HMR_7557,False,False,True,5,4
HMR_7558,False,False,True,3,3
HMR_7559,False,False,True,3,4
HMR_7560,False,False,True,3,3
HMR_7561,False,False,True,3,3
HMR_7562,False,False,True,5,4
HMR_7563,False,False,True,1,3
HMR_7564,False,False,True,5,4
HMR_7565,False,False,True,5,4
HMR_7566,False,False,True,5,4
HMR_7567,False,False,True,1,3
HMR_7225,False,False,True,5,2
HMR_7226,False,False,True,5,2
HMR_7227,False,False,True,5,2
HMR_7228,False,False,True,5,2
HMR_7229,False,False,True,5,2
HMR_7230,False,False,True,5,2
HMR_7231,False,False,True,5,2
HMR_7232,False,False,True,5,2
HMR_7233,False,False,True,5,2
HMR_7234,False,False,True,5,2
HMR_7235,False,False,True,5,2
HMR_7236,False,False,True,5,2
HMR_7237,False,False,True,5,2
HMR_7238,False,False,True,5,2
HMR_7239,False,False,True,5,2
HMR_7240,False,False,True,5,2
HMR_7241,False,False,True,5,2
HMR_7242,False,False,True,5,2
HMR_7243,False,False,True,5,2
HMR_7244,False,False,True,5,2
HMR_7245,False,False,True,5,2
HMR_7246,False,False,True,5,2
HMR_7247,False,False,True,5,2
HMR_7248,False,False,True,5,1
HMR_7249,False,False,True,5,1
HMR_7250,False,False,True,5,1
HMR_7251,True,False,False,2,0
HMR_7571,False,False,True,5,4
HMR_7572,False,False,True,5,4
HMR_7573,False,False,True,5,4
HMR_7335,False,False,True,5,4
HMR_7336,False,False,True,5,4
HMR_7337,False,False,True,5,4
HMR_7338,False,False,True,5,4
HMR_7339,False,False,True,5,4
HMR_7340,False,False,True,5,4
HMR_7341,False,False,True,5,4
HMR_7342,False,False,True,5,4
HMR_7343,False,False,True,5,4
HMR_7344,False,False,True,5,4
HMR_7345,False,False,True,5,4
HMR_7346,False,False,True,5,4
HMR_7347,False,False,True,5,4
HMR_7348,False,False,True,5,4
HMR_7349,False,False,True,5,4
HMR_7350,False,False,True,5,4
HMR_7351,False,False,True,5,4
HMR_7352,False,False,True,5,4
HMR_7353,False,False,True,5,4
HMR_7354,False,False,True,5,4
HMR_7355,False,False,True,5,4
HMR_7356,False,False,True,5,4
HMR_7357,False,False,True,5,4
HMR_7358,False,False,True,5,4
HMR_7359,False,False,True,5,4
HMR_7360,False,False,True,5,4
HMR_7361,False,False,True,5,4
HMR_7362,False,False,True,5,4
HMR_7363,False,False,True,5,4
HMR_7364,False,False,True,5,4
HMR_7365,False,False,True,5,4
HMR_7366,False,False,True,5,4
HMR_7367,False,False,True,5,4
HMR_7368,False,False,True,5,4
HMR_7369,False,False,True,5,4
HMR_7370,False,False,True,5,4
HMR_7371,False,False,True,5,4
HMR_7442,False,False,True,5,4
HMR_7443,False,False,True,5,4
HMR_7444,False,False,True,5,4
HMR_7445,False,False,True,5,4
HMR_7446,False,False,True,5,4
HMR_7447,False,False,True,5,4
HMR_7448,False,False,True,5,4
HMR_7449,False,False,True,5,4
HMR_7450,False,False,True,5,4
HMR_7451,False,False,True,5,4
HMR_7452,False,False,True,5,4
HMR_7471,False,False,True,5,4
HMR_7472,False,False,True,5,4
HMR_7473,False,False,True,5,4
HMR_7474,False,False,True,5,4
HMR_7475,False,False,True,5,4
HMR_7476,False,False,True,5,4
HMR_7477,False,False,True,5,4
HMR_7478,False,False,True,5,4
HMR_7479,False,False,True,5,4
HMR_7480,False,False,True,5,4
HMR_7481,False,False,True,5,4
HMR_7373,False,False,False,0,0
HMR_7375,False,False,True,5,4
HMR_7376,False,False,True,5,4
HMR_7377,False,False,True,5,4
HMR_7378,False,False,True,5,4
HMR_7379,False,False,True,5,4
HMR_7380,False,False,True,5,4
HMR_7381,False,False,True,5,4
HMR_7382,False,False,True,5,4
HMR_7383,False,False,True,5,4
HMR_7384,False,False,True,5,4
HMR_7385,False,False,True,5,4
HMR_7386,False,False,True,5,4
HMR_7387,False,False,True,5,4
HMR_7388,False,False,True,5,4
HMR_7389,False,False,True,5,4
HMR_7390,False,False,True,5,4
HMR_7391,False,False,True,5,4
HMR_7392,False,False,True,5,4
HMR_7393,False,False,True,5,4
HMR_7394,False,False,True,5,4
HMR_7395,False,False,True,5,4
HMR_7396,False,False,True,5,4
HMR_7397,False,False,True,5,4
HMR_7398,False,False,True,5,4
HMR_7399,False,False,True,5,4
HMR_7400,False,False,True,5,4
HMR_7401,False,False,True,5,4
HMR_7402,False,False,True,5,4
HMR_7403,False,False,True,5,4
HMR_7404,False,False,True,5,4
HMR_7405,False,False,True,5,4
HMR_7406,False,False,True,5,4
HMR_7407,False,False,True,5,4
HMR_7408,False,False,True,5,4
HMR_7409,False,False,True,5,4
HMR_7410,False,False,True,5,4
HMR_7411,False,False,True,5,4
HMR_7412,False,False,True,5,4
HMR_7413,False,False,True,5,4
HMR_7414,False,False,True,5,4
HMR_7415,False,False,True,5,4
HMR_7416,False,False,True,5,4
HMR_7417,False,False,True,5,4
HMR_7418,False,False,True,5,4
HMR_7419,False,False,True,5,4
HMR_7420,False,False,True,5,4
HMR_7421,False,False,True,5,4
HMR_7422,False,False,True,5,4
HMR_7423,False,False,True,5,4
HMR_7424,False,False,True,5,4
HMR_7425,False,False,True,5,4
HMR_7426,False,False,True,5,4
HMR_7427,False,False,True,5,4
HMR_7455,False,False,True,5,4
HMR_7456,False,False,True,5,4
HMR_7457,False,False,True,5,4
HMR_7458,False,False,True,5,4
HMR_7459,False,False,False,0,0
HMR_7460,False,False,True,5,4
HMR_7461,False,False,True,5,4
HMR_7462,False,False,True,5,4
HMR_7463,False,False,True,5,4
HMR_7464,False,False,True,5,4
HMR_7465,False,False,True,5,4
HMR_7466,False,False,True,5,4
HMR_7467,False,False,True,5,4
HMR_7468,False,False,True,5,4
HMR_7469,False,False,True,5,3
HMR_7484,False,False,True,5,4
HMR_7485,False,False,True,5,4
HMR_7486,False,False,True,5,4
HMR_7487,False,False,True,5,4
HMR_7488,False,False,False,0,0
HMR_7489,False,False,True,5,4
HMR_1581,True,False,False,4,0
HMR_1584,True,False,False,4,0
HMR_1585,True,False,False,4,0
HMR_1589,False,False,True,1,1
HMR_1590,False,False,True,2,1
HMR_1592,False,False,False,0,0
HMR_1593,False,False,True,2,1
HMR_1595,False,False,True,2,1
HMR_1598,False,False,True,1,1
HMR_1599,False,False,True,2,1
HMR_1604,False,False,True,5,4
HMR_1605,False,False,True,5,4
HMR_1608,False,False,True,5,4
HMR_1609,False,False,True,5,4
HMR_1610,False,False,True,5,4
HMR_1611,False,False,True,5,4
HMR_1613,False,False,True,5,4
HMR_1614,False,False,True,5,4
HMR_1619,False,True,False,0,1
HMR_1620,False,False,True,5,4
HMR_1622,False,False,True,5,4
HMR_1623,False,False,True,4,4
HMR_1624,False,True,False,0,1
HMR_1625,False,False,True,1,1
HMR_1627,False,False,True,2,1
HMR_1629,False,False,True,1,1
HMR_1630,False,False,True,2,1
HMR_1631,False,False,True,1,1
HMR_1632,False,False,True,2,1
HMR_1635,False,False,True,2,1
HMR_1637,False,False,True,2,1
HMR_1638,False,False,True,1,1
HMR_1639,False,False,True,2,1
HMR_1642,False,False,True,2,1
HMR_1646,False,False,True,2,1
HMR_1652,False,False,True,2,1
HMR_1653,False,False,True,2,1
HMR_1656,False,False,True,2,2
HMR_1659,False,False,True,5,4
HMR_1660,False,False,True,5,2
HMR_1662,False,False,True,5,4
HMR_1663,False,False,True,5,2
HMR_1665,False,False,True,5,2
HMR_1666,False,False,True,5,4
HMR_1667,False,True,False,0,1
HMR_1668,False,False,False,0,0
HMR_1670,False,False,True,1,1
HMR_1673,False,False,True,3,1
HMR_1676,False,False,True,3,1
HMR_1678,False,False,True,1,1
HMR_1679,False,False,True,4,3
HMR_1681,False,False,False,0,0
HMR_1682,False,False,False,0,0
HMR_1684,False,False,True,5,4
HMR_1685,False,False,True,5,4
HMR_1687,False,False,True,5,3
HMR_1689,False,False,True,5,3
HMR_1691,False,False,True,5,3
HMR_1692,False,False,True,5,4
HMR_1693,False,False,True,5,4
HMR_1694,False,False,True,5,4
HMR_1695,False,False,False,0,0
HMR_1696,False,False,True,5,4
HMR_1697,True,False,False,1,0
HMR_1699,False,False,False,0,0
HMR_1700,False,False,True,4,2
HMR_1701,False,False,True,2,1
HMR_1702,False,False,False,0,0
HMR_1703,False,False,True,3,2
HMR_1704,False,False,True,2,2
HMR_1706,False,False,True,3,1
HMR_1708,False,False,True,5,2
HMR_1710,False,False,True,5,2
HMR_1717,False,False,True,5,2
HMR_1718,False,False,True,5,4
HMR_1720,True,False,False,1,0
HMR_1722,True,False,False,1,0
HMR_1723,False,False,False,0,0
HMR_1725,False,False,True,5,4
HMR_1726,False,False,True,5,4
HMR_1727,False,False,True,5,4
HMR_1729,False,False,False,0,0
HMR_1730,False,False,False,0,0
HMR_1735,False,False,False,0,0
HMR_1737,True,False,False,1,0
HMR_1738,True,False,False,1,0
HMR_1739,True,False,False,1,0
HMR_1740,True,False,False,1,0
HMR_1741,True,False,False,1,0
HMR_1742,True,False,False,1,0
HMR_1743,True,False,False,1,0
HMR_1744,True,False,False,1,0
HMR_1745,True,False,False,1,0
HMR_1746,True,False,False,1,0
HMR_1747,True,False,False,1,0
HMR_1748,True,False,False,1,0
HMR_1749,True,False,False,1,0
HMR_1750,True,False,False,1,0
HMR_1751,True,False,False,1,0
HMR_1752,True,False,False,1,0
HMR_1753,True,False,False,1,0
HMR_1754,True,False,False,1,0
HMR_1756,True,False,False,1,0
HMR_1758,True,False,False,1,0
HMR_1759,True,False,False,1,0
HMR_1760,True,False,False,1,0
HMR_1761,True,False,False,1,0
HMR_1762,True,False,False,1,0
HMR_1764,False,False,True,1,1
HMR_1765,True,False,False,1,0
HMR_1766,False,False,True,1,1
HMR_1767,False,False,True,1,1
HMR_1768,False,False,True,1,1
HMR_1769,True,False,False,1,0
HMR_1770,False,False,True,1,1
HMR_1771,True,False,False,1,0
HMR_1772,False,False,True,5,2
HMR_1774,False,False,True,1,3
HMR_1776,False,False,True,2,1
HMR_1777,False,False,False,0,0
HMR_1781,True,False,False,1,0
HMR_1783,True,False,False,1,0
HMR_1784,False,False,True,2,1
HMR_1785,False,False,True,2,3
HMR_1786,False,False,True,4,1
HMR_1787,False,False,True,1,1
HMR_1797,False,False,True,1,1
HMR_1802,False,False,True,5,4
HMR_1803,False,False,True,5,4
HMR_1804,False,False,True,5,4
HMR_1805,False,False,True,5,4
HMR_1806,False,False,True,5,4
HMR_1807,False,False,True,5,4
HMR_1830,True,False,False,1,0
HMR_1831,True,False,False,1,0
HMR_1832,False,False,False,0,0
HMR_1833,False,False,False,0,0
HMR_1834,False,False,False,0,0
HMR_1835,False,False,True,1,1
HMR_1841,False,False,True,1,1
HMR_1842,False,False,True,1,1
HMR_1846,False,False,False,0,0
HMR_3799,False,False,True,5,4
HMR_3908,False,False,True,5,4
HMR_3910,False,False,True,5,1
HMR_3911,False,False,True,2,3
HMR_4679,False,False,True,1,3
HMR_8063,False,False,False,0,0
HMR_8064,False,False,False,0,0
HMR_8065,False,False,True,5,4
HMR_8759,False,False,False,0,0
HMR_1847,False,False,False,0,0
HMR_1848,False,False,True,5,4
HMR_1850,False,False,True,5,4
HMR_1852,False,False,True,5,4
HMR_1853,False,False,True,3,4
HMR_1854,False,False,True,5,4
HMR_1855,False,False,True,1,2
HMR_1857,False,False,False,0,0
HMR_1859,False,False,True,5,4
HMR_1861,False,False,False,0,0
HMR_1862,False,True,False,0,1
HMR_1863,False,False,False,0,0
HMR_1864,True,False,False,1,0
HMR_1865,False,True,False,0,1
HMR_1866,False,False,False,0,0
HMR_1867,False,False,False,0,0
HMR_1868,False,False,True,3,3
HMR_1870,False,False,True,3,3
HMR_1872,False,False,True,4,4
HMR_1874,False,False,True,3,3
HMR_1875,False,False,True,4,4
HMR_1876,False,False,True,5,4
HMR_1877,False,False,True,5,4
HMR_1878,True,False,False,1,0
HMR_1879,False,False,True,5,4
HMR_1880,False,False,True,4,4
HMR_1881,False,False,True,5,4
HMR_1882,False,False,True,5,3
HMR_1883,False,False,True,5,4
HMR_1884,False,False,True,5,3
HMR_1885,False,False,True,5,4
HMR_1886,False,False,True,4,1
HMR_1887,False,False,True,4,4
HMR_1888,False,False,True,3,4
HMR_1889,False,False,True,4,4
HMR_1890,False,False,True,5,3
HMR_1891,False,False,True,5,3
HMR_1892,False,False,True,5,1
HMR_1893,False,False,True,4,4
HMR_1894,False,False,True,4,4
HMR_1895,False,False,True,4,4
HMR_1896,False,False,True,4,4
HMR_1897,False,False,True,3,4
HMR_8262,True,False,False,1,0
HMR_8263,False,False,False,0,0
HMR_8264,False,False,False,0,0
HMR_8267,False,False,False,0,0
HMR_8268,False,False,False,0,0
HMR_8271,False,False,False,0,0
HMR_8275,False,False,True,2,1
HMR_8276,True,False,False,1,0
HMR_8277,False,False,True,1,1
HMR_8278,False,False,True,1,1
HMR_8279,False,False,True,1,1
HMR_8280,True,False,False,1,0
HMR_8281,False,False,False,0,0
HMR_8284,True,False,False,1,0
HMR_8285,True,False,False,1,0
HMR_8286,True,False,False,1,0
HMR_8287,False,False,False,0,0
HMR_8288,False,False,False,0,0
HMR_8291,True,False,False,1,0
HMR_8292,True,False,False,1,0
HMR_8293,True,False,False,1,0
HMR_8294,True,False,False,1,0
HMR_8295,False,False,False,0,0
HMR_8298,False,False,False,0,0
HMR_8302,False,False,False,0,0
HMR_8305,False,False,False,0,0
HMR_8306,False,False,False,0,0
HMR_8307,False,False,False,0,0
HMR_8308,False,False,False,0,0
HMR_8309,False,False,False,0,0
HMR_8316,True,False,False,1,0
HMR_8317,True,False,False,1,0
HMR_8318,False,False,False,0,0
HMR_8319,False,False,False,0,0
HMR_8322,False,False,False,0,0
HMR_8325,False,False,False,0,0
HMR_8326,False,False,False,0,0
HMR_8327,False,False,False,0,0
HMR_8330,False,False,False,0,0
HMR_8331,False,False,False,0,0
HMR_8332,False,False,False,0,0
HMR_8333,False,False,False,0,0
HMR_8334,False,False,False,0,0
HMR_8337,False,False,False,0,0
HMR_0712,False,False,True,5,4
HMR_3992,False,False,True,5,4
HMR_4228,False,False,True,4,2
HMR_4251,False,False,True,4,2
HMR_4252,False,False,True,5,4
HMR_4253,False,False,True,5,3
HMR_4254,False,False,True,4,2
HMR_4255,False,False,True,1,2
HMR_4257,False,False,True,2,3
HMR_4259,False,False,True,5,4
HMR_4260,False,False,True,5,2
HMR_4261,False,False,True,5,2
HMR_4262,False,False,True,5,4
HMR_4263,False,False,True,1,2
HMR_4264,False,False,True,5,4
HMR_4265,False,False,True,5,3
HMR_4267,False,False,True,1,3
HMR_4269,False,False,True,5,4
HMR_4270,False,False,True,5,4
HMR_4271,False,False,True,5,4
HMR_4276,False,False,True,3,3
HMR_4278,False,False,True,5,2
HMR_4662,False,False,True,5,4
HMR_7142,False,False,True,3,1
HMR_7143,False,False,True,5,1
HMR_7623,False,False,True,3,3
HMR_7625,False,False,True,3,3
HMR_7627,False,False,True,3,1
HMR_7676,False,False,True,5,4
HMR_8790,False,False,True,1,4
HMR_8791,False,False,True,5,4
HMR_3871,False,False,True,5,4
HMR_4058,False,False,True,5,4
HMR_4498,False,False,True,5,3
HMR_4500,False,False,True,5,3
HMR_4714,False,False,True,5,4
HMR_4715,False,False,True,5,4
HMR_4716,False,False,True,5,4
HMR_4717,False,False,True,5,4
HMR_4718,False,False,True,5,4
HMR_4723,False,False,True,5,4
HMR_4725,True,False,False,3,0
HMR_4727,False,False,True,5,4
HMR_4730,False,False,True,5,4
HMR_4731,False,False,True,5,4
HMR_4732,True,False,False,1,0
HMR_4733,True,False,False,3,0
HMR_4734,False,False,True,5,4
HMR_7731,False,False,True,5,3
HMR_8792,False,False,False,0,0
HMR_0663,False,False,True,4,4
HMR_4308,False,False,True,4,3
HMR_6539,True,False,False,1,0
HMR_6540,False,False,True,5,4
HMR_6542,False,False,True,4,4
HMR_6543,False,False,True,3,4
HMR_6544,False,False,True,2,4
HMR_6545,False,False,True,5,4
HMR_6546,False,False,True,5,4
HMR_6547,False,False,True,5,4
HMR_6548,False,False,True,2,4
HMR_6549,False,False,True,2,2
HMR_6550,False,False,True,5,4
HMR_6551,False,False,True,5,4
HMR_6552,False,False,True,5,3
HMR_6553,False,False,True,1,1
HMR_6554,False,False,True,5,4
HMR_6555,False,False,True,5,4
HMR_6556,False,False,True,5,4
HMR_6557,False,False,True,5,4
HMR_6558,False,False,True,5,4
HMR_6559,False,False,True,5,4
HMR_6560,False,False,True,4,3
HMR_6561,False,False,True,5,4
HMR_6562,False,False,True,5,4
HMR_6563,False,False,True,5,4
HMR_6564,False,False,True,3,2
HMR_6565,False,False,True,5,4
HMR_6566,False,False,True,5,4
HMR_6567,False,False,True,5,4
HMR_6568,False,True,False,0,2
HMR_6569,False,False,True,5,3
HMR_6570,False,False,True,1,2
HMR_6571,False,False,True,5,4
HMR_6572,False,False,True,5,4
HMR_6573,False,True,False,0,2
HMR_6574,False,True,False,0,2
HMR_6576,False,False,True,5,3
HMR_6579,False,False,True,5,4
HMR_6580,False,False,True,5,4
HMR_6581,False,False,True,5,4
HMR_6583,False,False,True,5,4
HMR_6584,False,False,True,5,4
HMR_6585,False,False,True,5,4
HMR_6587,False,False,True,5,2
HMR_6591,False,False,True,5,4
HMR_6592,False,False,True,5,4
HMR_6595,False,False,True,5,4
HMR_7652,False,False,True,5,4
HMR_7654,False,False,True,5,4
HMR_7655,False,False,True,5,3
HMR_7656,False,False,True,5,3
HMR_8799,False,True,False,0,2
HMR_8800,False,True,False,0,2
HMR_8801,False,False,True,2,3
HMR_8802,False,False,True,2,3
HMR_8803,False,True,False,0,2
HMR_8804,False,True,False,0,2
HMR_8805,False,True,False,0,2
HMR_8806,True,False,False,1,0
HMR_8807,False,False,True,5,4
HMR_8808,False,False,True,5,4
HMR_8809,False,False,True,2,4
HMR_8810,False,False,True,2,2
HMR_8811,False,False,True,5,4
HMR_8812,False,False,True,2,3
HMR_8813,False,False,True,5,4
HMR_8814,False,False,True,5,4
HMR_8815,False,False,True,5,4
HMR_8816,False,False,True,2,3
HMR_8817,False,False,True,5,3
HMR_8818,False,False,True,4,4
HMR_8819,False,False,True,2,4
HMR_8820,False,False,False,0,0
HMR_8821,False,False,True,5,4
HMR_8822,False,False,True,5,4
HMR_8823,False,True,False,0,2
HMR_8824,False,False,True,2,2
HMR_8826,False,False,True,5,4
HMR_8829,False,False,True,5,4
HMR_8830,False,False,True,5,4
HMR_8831,False,False,True,5,4
HMR_8833,False,True,False,0,2
HMR_8835,False,False,True,5,3
HMR_8836,False,False,True,5,3
HMR_3923,True,False,False,2,0
HMR_3925,False,False,True,5,4
HMR_3929,False,False,True,2,1
HMR_3972,False,False,False,0,0
HMR_4332,False,False,True,2,2
HMR_4333,False,False,True,2,2
HMR_4335,False,False,True,2,2
HMR_4336,False,False,True,3,3
HMR_4338,False,False,True,5,4
HMR_4340,False,False,True,4,3
HMR_4440,False,False,True,4,2
HMR_4442,False,False,True,5,4
HMR_4444,False,False,True,5,4
HMR_4446,False,False,True,4,4
HMR_4448,False,False,True,5,3
HMR_4503,False,False,True,5,4
HMR_4505,False,False,True,4,3
HMR_4654,False,False,True,2,4
HMR_4655,False,False,True,2,2
HMR_4656,False,False,True,5,2
HMR_4665,False,False,True,3,1
HMR_4666,False,False,True,3,1
HMR_7908,False,False,True,5,4
HMR_7909,False,False,True,5,4
HMR_7910,False,False,True,5,4
HMR_7911,False,False,True,5,4
HMR_7912,False,False,True,5,4
HMR_7913,False,False,True,5,4
HMR_7916,True,False,False,2,0
HMR_7919,True,False,False,2,0
HMR_7925,True,False,False,2,0
HMR_8105,False,False,True,5,4
HMR_8106,False,False,True,5,4
HMR_8107,False,False,True,5,4
HMR_8108,False,False,True,5,4
HMR_8109,False,False,True,5,4
HMR_8110,False,False,True,5,4
HMR_8112,False,False,True,5,4
HMR_8113,False,False,True,5,4
HMR_8114,False,False,True,5,4
HMR_8115,False,False,True,5,4
HMR_8116,False,False,True,5,4
HMR_8117,False,False,True,5,4
HMR_8130,True,False,False,2,0
HMR_8133,True,False,False,2,0
HMR_8136,False,False,True,3,2
HMR_8138,True,False,False,2,0
HMR_8140,True,False,False,3,0
HMR_8142,True,False,False,2,0
HMR_8144,False,False,True,5,4
HMR_8758,False,False,True,3,3
HMR_7661,True,False,False,4,0
HMR_7662,True,False,False,4,0
HMR_7668,False,False,True,4,3
HMR_7669,False,False,True,4,3
HMR_7670,False,False,True,4,3
HMR_7671,False,False,True,4,3
HMR_7672,False,False,True,5,4
HMR_7673,False,False,True,5,4
HMR_4160,False,False,True,4,4
HMR_4162,False,False,True,5,2
HMR_4163,False,False,True,4,4
HMR_4165,False,False,True,4,4
HMR_4166,False,False,True,1,2
HMR_4167,False,False,True,1,2
HMR_4169,False,False,True,2,1
HMR_4170,False,False,True,2,1
HMR_4523,False,False,True,5,4
HMR_4539,False,False,True,5,4
HMR_4540,False,False,True,5,4
HMR_4541,False,False,True,5,4
HMR_4542,False,False,True,5,4
HMR_4543,False,False,True,5,4
HMR_4544,False,False,True,5,4
HMR_4816,False,False,True,4,3
HMR_4817,False,False,True,2,1
HMR_4818,False,False,True,2,1
HMR_4833,False,False,True,2,1
HMR_4834,False,False,True,2,1
HMR_4835,False,False,True,2,1
HMR_4836,False,False,True,2,1
HMR_8538,False,False,True,5,4
HMR_8738,False,False,True,5,2
HMR_8739,False,False,True,3,1
HMR_8740,True,False,False,3,0
HMR_6393,False,True,False,0,1
HMR_6394,False,False,True,4,2
HMR_6396,False,False,True,5,4
HMR_8345,False,False,True,5,4
HMR_8346,False,False,True,4,1
HMR_8348,False,False,True,5,4
HMR_8349,False,False,True,5,4
HMR_8619,False,False,False,0,0
HMR_8620,False,False,True,2,1
HMR_3991,False,False,True,5,4
HMR_4657,False,False,True,5,4
HMR_4744,False,False,True,5,4
HMR_4746,False,False,True,5,4
HMR_4748,False,False,True,5,4
HMR_4750,False,False,True,5,4
HMR_4752,False,False,True,5,4
HMR_4755,True,False,False,3,0
HMR_4757,True,False,False,3,0
HMR_4758,False,False,True,5,1
HMR_4764,False,False,True,5,4
HMR_4769,False,False,True,5,4
HMR_4770,False,False,True,5,4
HMR_4771,False,False,True,5,4
HMR_4772,False,False,True,5,4
HMR_4773,False,False,True,5,4
HMR_6395,False,False,True,4,3
HMR_8634,False,False,True,5,4
HMR_6630,False,False,True,5,4
HMR_6631,False,False,True,5,4
HMR_6632,False,False,True,5,4
HMR_6633,False,False,True,5,4
HMR_6634,False,False,True,5,4
HMR_6636,False,False,True,5,4
HMR_6637,False,False,False,0,0
HMR_6638,False,False,True,5,4
HMR_6641,False,False,True,5,4
HMR_6642,False,False,True,5,4
HMR_6643,False,False,True,5,2
HMR_6644,False,False,True,5,4
HMR_6645,False,False,True,5,4
HMR_6646,False,False,True,5,4
HMR_6647,False,False,True,5,4
HMR_6649,False,False,True,5,4
HMR_6650,False,False,True,5,2
HMR_6651,False,False,True,5,4
HMR_6652,False,False,True,5,4
HMR_6654,False,False,True,5,4
HMR_6655,False,False,True,5,4
HMR_6656,False,False,True,5,4
HMR_6657,False,False,True,5,4
HMR_6658,False,False,True,5,4
HMR_6659,False,False,True,5,4
HMR_6660,False,False,True,3,4
HMR_6661,False,False,True,5,1
HMR_6662,False,False,True,5,3
HMR_6664,False,False,True,5,4
HMR_6665,False,False,True,5,4
HMR_6668,False,False,True,5,4
HMR_6669,False,False,True,5,4
HMR_6672,False,False,True,5,4
HMR_6673,False,False,True,4,4
HMR_6674,False,False,True,5,4
HMR_6675,False,False,True,5,4
HMR_6676,False,False,True,5,4
HMR_6677,False,False,True,5,4
HMR_6678,False,False,True,5,4
HMR_6679,False,False,True,5,4
HMR_6680,False,False,True,5,4
HMR_6682,False,False,True,5,4
HMR_6687,False,False,True,5,4
HMR_6690,False,False,True,5,4
HMR_6691,False,False,True,5,4
HMR_6692,False,False,True,5,4
HMR_6693,False,False,True,5,4
HMR_6700,False,False,True,5,4
HMR_6701,False,False,True,5,4
HMR_6702,False,False,True,5,4
HMR_6703,False,False,True,5,4
HMR_8698,False,False,True,5,3
HMR_8699,False,False,True,5,4
HMR_8700,False,False,True,3,2
HMR_8702,False,False,True,4,4
HMR_8709,False,False,True,5,4
HMR_8710,True,False,False,2,0
HMR_8711,False,False,True,5,4
HMR_8713,False,False,True,5,4
HMR_8717,False,False,True,5,4
HMR_6506,False,False,True,5,4
HMR_6507,False,False,True,5,4
HMR_6508,False,False,True,5,4
HMR_6509,True,False,False,1,0
HMR_6510,False,False,False,0,0
HMR_6511,False,False,True,5,4
HMR_4537,False,False,True,3,4
HMR_4545,False,False,True,5,4
HMR_4546,False,False,False,0,0
HMR_4547,False,False,False,0,0
HMR_4548,True,False,False,2,0
HMR_4550,False,False,False,0,0
HMR_4552,False,False,True,5,4
HMR_4553,False,False,True,2,2
HMR_4558,False,False,True,5,4
HMR_4559,False,False,True,5,4
HMR_4560,False,False,True,5,3
HMR_4561,False,False,True,5,4
HMR_4563,False,False,True,5,4
HMR_4204,False,False,True,5,4
HMR_4206,False,False,True,3,4
HMR_4207,False,False,False,0,0
HMR_4208,False,True,False,0,1
HMR_8744,False,False,True,4,4
HMR_8748,False,False,False,0,0
HMR_8613,False,False,True,5,4
HMR_8615,False,False,True,5,4
HMR_8616,False,False,True,5,4
HMR_4064,False,False,True,5,2
HMR_4065,False,False,True,5,4
HMR_4066,False,False,True,5,4
HMR_4067,False,False,True,4,4
HMR_4068,False,False,True,5,1
HMR_4071,False,False,True,5,4
HMR_8102,False,False,True,5,3
HMR_8724,False,False,True,5,1
HMR_8725,False,False,True,5,1
HMR_2114,False,False,True,4,2
HMR_2115,False,False,False,0,0
HMR_2117,False,False,True,5,4
HMR_2118,False,False,True,4,2
HMR_2129,False,False,True,5,4
HMR_2130,False,False,True,5,4
HMR_2131,False,False,True,5,4
HMR_2132,False,False,True,5,4
HMR_2133,False,False,True,5,4
HMR_2134,False,False,True,5,4
HMR_2135,False,False,True,5,4
HMR_2136,False,False,True,5,4
HMR_2137,False,False,True,2,2
HMR_2138,False,False,True,3,2
HMR_2139,False,False,True,5,4
HMR_2142,False,False,True,5,4
HMR_2143,False,False,True,5,4
HMR_2144,False,False,True,5,4
HMR_2145,False,False,True,5,4
HMR_8008,False,False,True,1,2
HMR_8011,False,False,True,3,4
HMR_8014,False,False,True,5,3
HMR_6436,False,False,True,5,4
HMR_6453,False,False,True,5,4
HMR_6457,False,False,True,5,3
HMR_6465,False,False,True,5,4
HMR_6467,False,False,True,5,4
HMR_6470,False,False,True,5,4
HMR_6471,False,False,True,5,4
HMR_6472,False,False,True,5,4
HMR_6473,False,False,True,5,4
HMR_6500,False,False,True,5,4
HMR_6477,False,False,True,5,4
HMR_6479,False,False,True,5,4
HMR_6482,False,False,True,5,4
HMR_6484,False,False,True,5,4
HMR_6486,False,False,True,5,4
HMR_6488,False,False,True,5,4
HMR_6490,True,False,False,1,0
HMR_6492,False,False,True,4,4
HMR_6495,False,False,True,4,4
HMR_6496,False,False,True,4,4
HMR_8036,False,False,True,2,1
HMR_8037,False,False,True,2,1
HMR_8038,False,False,True,3,4
HMR_3955,False,False,True,5,4
HMR_3984,False,False,True,5,4
HMR_5127,False,False,True,5,4
HMR_5128,False,False,True,4,4
HMR_5363,False,False,True,2,1
HMR_5406,False,False,True,5,4
HMR_5409,False,False,False,0,0
HMR_7794,False,False,True,5,4
HMR_8617,False,False,True,5,4
HMR_8749,False,False,True,5,4
HMR_8750,False,False,True,4,4
HMR_8751,False,False,True,1,1
HMR_9488,False,False,True,5,4
HMR_9489,False,False,True,5,4
HMR_9493,False,False,True,5,4
HMR_9494,False,False,True,5,4
HMR_9516,False,False,True,5,4
HMR_9517,False,False,True,5,4
HMR_9577,False,False,True,5,4
HMR_9578,False,False,True,5,4
HMR_9581,False,False,False,0,0
HMR_9582,False,False,False,0,0
HMR_9583,False,False,False,0,0
HMR_9584,False,False,False,0,0
HMR_0013,False,False,False,0,0
HMR_0014,False,False,False,0,0
HMR_0477,False,False,False,0,0
HMR_0553,False,False,True,5,4
HMR_0561,False,False,True,5,4
HMR_1185,False,False,True,5,4
HMR_1227,False,False,True,5,4
HMR_5233,False,False,False,0,0
HMR_5234,False,False,False,0,0
HMR_5238,False,False,False,0,0
HMR_5239,False,False,False,0,0
HMR_5243,False,False,False,0,0
HMR_5244,False,False,False,0,0
HMR_0006,False,False,False,0,0
HMR_0016,False,False,False,0,0
HMR_0018,True,False,False,1,0
HMR_0019,False,False,True,4,4
HMR_0155,False,False,True,5,4
HMR_0164,False,False,True,5,4
HMR_0167,False,False,True,5,4
HMR_0170,False,False,True,5,4
HMR_0173,False,False,True,5,4
HMR_0176,False,False,True,5,4
HMR_0179,False,False,True,5,4
HMR_0183,False,False,True,5,4
HMR_0187,False,False,True,5,4
HMR_0190,False,False,True,5,4
HMR_0191,False,False,True,5,4
HMR_0194,False,False,True,5,4
HMR_0195,False,False,True,5,4
HMR_0198,False,False,True,5,4
HMR_0199,False,False,True,5,4
HMR_0202,False,False,True,5,4
HMR_0203,False,False,True,5,4
HMR_0207,False,False,True,5,4
HMR_0208,False,False,True,5,4
HMR_0211,False,False,True,5,4
HMR_0212,False,False,True,5,4
HMR_0215,False,False,True,5,4
HMR_0216,False,False,True,5,4
HMR_0224,False,False,True,5,4
HMR_0225,False,False,True,5,4
HMR_0231,False,False,True,3,4
HMR_0232,False,False,True,5,4
HMR_0235,False,False,True,5,4
HMR_0236,False,False,True,5,4
HMR_0239,False,False,True,5,4
HMR_0240,False,False,True,5,4
HMR_0243,False,False,True,5,4
HMR_0244,False,False,True,5,4
HMR_0247,False,False,True,5,4
HMR_0248,False,False,True,5,4
HMR_0253,False,False,True,5,4
HMR_0254,False,False,True,5,4
HMR_0257,False,False,True,5,4
HMR_0258,False,False,True,5,4
HMR_0261,False,False,True,5,4
HMR_0262,False,False,True,5,4
HMR_0265,False,False,True,5,4
HMR_0266,False,False,True,5,4
HMR_0269,False,False,True,5,4
HMR_0270,False,False,True,5,4
HMR_0273,False,False,True,5,4
HMR_0274,False,False,True,5,4
HMR_0277,False,False,True,5,4
HMR_0278,False,False,True,5,4
HMR_0281,False,False,True,5,4
HMR_0282,False,False,True,5,4
HMR_0287,False,False,True,5,4
HMR_0288,False,False,True,5,4
HMR_0291,False,False,True,5,4
HMR_0292,False,False,True,5,4
HMR_0295,False,False,True,5,4
HMR_0296,False,False,True,5,4
HMR_0299,False,False,True,5,4
HMR_0300,False,False,True,5,4
HMR_0303,False,False,True,5,4
HMR_0304,False,False,True,5,4
HMR_0307,False,False,True,5,4
HMR_0308,False,False,True,5,4
HMR_0311,False,False,True,5,4
HMR_0312,False,False,True,5,4
HMR_0317,False,False,True,5,4
HMR_0318,False,False,True,5,4
HMR_0321,False,False,True,5,4
HMR_0322,False,False,True,5,4
HMR_0325,False,False,True,5,4
HMR_0326,False,False,True,5,4
HMR_0329,False,False,True,5,4
HMR_0330,False,False,True,5,4
HMR_0335,False,False,True,5,4
HMR_0336,False,False,True,5,4
HMR_0339,False,False,True,5,4
HMR_0340,False,False,True,5,4
HMR_0343,False,False,True,5,4
HMR_0344,False,False,True,5,4
HMR_0347,False,False,True,5,4
HMR_0348,False,False,True,5,4
HMR_0351,False,False,True,3,4
HMR_0352,False,False,True,5,4
HMR_0355,False,False,True,5,4
HMR_0356,False,False,True,5,4
HMR_0359,False,False,True,5,4
HMR_0360,False,False,True,5,4
HMR_0363,False,False,True,5,4
HMR_0364,False,False,True,5,4
HMR_0367,False,False,True,5,4
HMR_0368,False,False,True,5,4
HMR_0371,False,False,True,5,4
HMR_0372,False,False,True,5,4
HMR_0375,False,False,True,5,4
HMR_0376,False,False,True,5,4
HMR_0379,False,False,True,5,4
HMR_0380,False,False,True,5,4
HMR_0383,False,False,True,5,4
HMR_0384,False,False,True,5,4
HMR_0387,False,False,True,5,4
HMR_0388,False,False,True,5,4
HMR_0391,False,False,True,5,4
HMR_0392,False,False,True,5,4
HMR_0395,False,False,True,5,4
HMR_0396,False,False,True,5,4
HMR_0399,False,False,True,3,4
HMR_0400,False,False,True,5,4
HMR_0403,False,False,True,5,4
HMR_0404,False,False,True,5,4
HMR_0407,False,False,True,5,4
HMR_0408,False,False,True,5,4
HMR_0411,False,False,True,3,4
HMR_0412,False,False,True,5,4
HMR_0415,False,False,True,5,4
HMR_0416,False,False,True,5,4
HMR_0419,False,False,True,5,4
HMR_0420,False,False,True,5,4
HMR_0423,False,False,True,5,4
HMR_0424,False,False,True,5,4
HMR_0427,False,False,True,5,4
HMR_0428,False,False,True,5,4
HMR_0431,False,False,True,5,4
HMR_0432,False,False,True,5,4
HMR_0435,False,False,True,5,4
HMR_0436,False,False,True,5,4
HMR_0439,False,False,True,5,4
HMR_0444,False,False,True,5,4
HMR_0469,False,False,False,0,0
HMR_0470,False,False,True,1,1
HMR_0476,False,False,True,3,4
HMR_0770,False,False,True,5,4
HMR_0782,False,False,True,4,4
HMR_1082,False,False,True,1,3
HMR_1086,False,False,True,4,3
HMR_1898,False,False,True,5,4
HMR_1899,False,False,True,5,4
HMR_1900,False,False,True,5,4
HMR_1901,False,False,True,5,4
HMR_1902,False,False,True,4,4
HMR_1903,False,False,True,5,4
HMR_1904,False,False,True,5,4
HMR_1905,False,False,True,4,4
HMR_1906,False,False,True,5,4
HMR_1907,False,False,True,5,4
HMR_1908,False,False,True,4,4
HMR_1909,False,False,True,5,3
HMR_1910,False,False,False,0,0
HMR_1911,False,False,True,5,4
HMR_1913,False,False,False,0,0
HMR_1914,False,False,True,2,1
HMR_1919,False,False,False,0,0
HMR_2013,False,False,False,0,0
HMR_3916,False,False,True,2,1
HMR_3951,False,False,True,4,4
HMR_3959,False,False,True,5,4
HMR_3964,False,False,False,0,0
HMR_4062,False,False,True,5,4
HMR_4063,False,False,True,5,4
HMR_4249,False,False,False,0,0
HMR_4321,False,False,True,5,4
HMR_4432,False,False,True,4,3
HMR_4433,False,False,True,5,4
HMR_4434,False,False,True,4,4
HMR_4435,False,False,True,5,4
HMR_4436,False,False,True,5,4
HMR_4691,False,True,False,0,1
HMR_4721,False,True,False,0,1
HMR_4844,False,False,True,5,4
HMR_4845,False,True,False,0,1
HMR_4847,False,False,True,4,3
HMR_4848,False,False,True,5,4
HMR_4849,False,False,True,3,4
HMR_4858,False,False,True,5,4
HMR_4861,False,False,True,5,3
HMR_4873,False,False,False,0,0
HMR_4875,False,False,True,5,3
HMR_4882,False,False,True,5,4
HMR_4885,False,False,True,5,4
HMR_4896,False,False,True,5,4
HMR_4910,False,False,False,0,0
HMR_4911,False,True,False,0,1
HMR_4912,False,True,False,0,1
HMR_4919,False,False,True,5,4
HMR_4928,False,True,False,0,1
HMR_4932,False,True,False,0,1
HMR_4933,False,False,True,1,1
HMR_4934,False,True,False,0,1
HMR_4935,False,True,False,0,1
HMR_4946,False,False,True,2,2
HMR_4947,False,False,True,5,4
HMR_4948,False,False,True,5,4
HMR_4949,False,False,True,2,2
HMR_4952,False,True,False,0,1
HMR_4954,False,False,True,5,3
HMR_4956,False,True,False,0,1
HMR_4958,False,False,True,5,3
HMR_4969,False,False,True,5,4
HMR_4973,False,False,True,5,4
HMR_4975,False,True,False,0,1
HMR_4976,False,True,False,0,3
HMR_4980,False,False,True,5,4
HMR_4982,False,False,True,5,4
HMR_4983,False,False,True,1,1
HMR_4985,False,False,True,5,4
HMR_4989,False,False,True,4,4
HMR_4990,False,False,True,5,4
HMR_4992,False,False,True,5,3
HMR_4993,False,False,True,5,4
HMR_4994,False,False,True,5,4
HMR_4995,True,False,False,1,0
HMR_4999,False,False,True,3,2
HMR_5002,False,False,True,5,3
HMR_5003,False,False,True,5,4
HMR_5005,False,False,True,5,3
HMR_5007,False,False,True,4,3
HMR_5008,False,False,True,5,4
HMR_5009,False,False,True,4,3
HMR_5011,False,False,True,5,4
HMR_5013,False,False,True,5,4
HMR_5018,True,False,False,1,0
HMR_5020,False,False,True,5,4
HMR_5021,False,False,True,2,1
HMR_5023,False,False,False,0,0
HMR_5029,False,False,True,5,4
HMR_5032,False,False,True,3,3
HMR_5034,False,False,True,5,4
HMR_5035,False,False,True,5,4
HMR_5037,False,False,True,5,4
HMR_5038,False,False,True,1,2
HMR_5039,False,False,False,0,0
HMR_5040,False,True,False,0,1
HMR_5041,False,False,False,0,0
HMR_5042,False,False,True,2,3
HMR_5068,False,False,True,2,1
HMR_5070,False,False,True,4,4
HMR_5071,False,False,True,1,1
HMR_5073,False,False,True,2,3
HMR_5074,False,False,True,5,3
HMR_5076,False,False,True,3,2
HMR_5077,False,False,True,2,1
HMR_5078,False,False,True,5,4
HMR_5079,False,False,True,3,3
HMR_5080,False,False,True,5,4
HMR_5082,False,False,True,5,4
HMR_5084,True,False,False,3,0
HMR_5085,False,False,True,4,4
HMR_5087,True,False,False,2,0
HMR_5088,False,False,True,1,1
HMR_5089,False,False,True,5,4
HMR_5091,False,False,True,1,2
HMR_5092,False,False,True,5,3
HMR_5094,False,True,False,0,2
HMR_5129,False,False,False,0,0
HMR_5198,False,False,True,1,2
HMR_5200,False,True,False,0,2
HMR_5202,False,True,False,0,2
HMR_5206,False,True,False,0,2
HMR_5213,False,False,True,2,3
HMR_5215,False,False,True,4,4
HMR_5216,False,True,False,0,2
HMR_5219,False,True,False,0,2
HMR_5221,False,False,True,1,2
HMR_5231,False,True,False,0,2
HMR_5232,False,False,False,0,0
HMR_5236,False,False,False,0,0
HMR_5237,False,False,False,0,0
HMR_5240,False,False,False,0,0
HMR_5241,False,False,False,0,0
HMR_5295,True,False,False,2,0
HMR_5303,False,False,True,5,4
HMR_5305,False,True,False,0,1
HMR_5307,False,False,False,0,0
HMR_5308,False,True,False,0,1
HMR_5310,False,True,False,0,1
HMR_5311,False,False,False,0,0
HMR_5313,False,True,False,0,1
HMR_5314,False,False,True,1,2
HMR_5315,True,False,False,1,0
HMR_5316,True,False,False,1,0
HMR_5317,False,True,False,0,2
HMR_5318,False,False,True,1,1
HMR_5319,False,True,False,0,1
HMR_5320,False,False,False,0,0
HMR_5322,False,True,False,0,1
HMR_5324,False,False,False,0,0
HMR_5326,False,True,False,0,1
HMR_5328,False,True,False,0,2
HMR_5330,False,False,True,2,1
HMR_5332,False,False,False,0,0
HMR_5333,False,True,False,0,1
HMR_5335,False,False,False,0,0
HMR_5413,False,False,True,3,4
HMR_5429,True,False,False,2,0
HMR_5430,True,False,False,2,0
HMR_5432,False,False,True,4,4
HMR_5433,False,False,True,2,3
HMR_5435,False,False,False,0,0
HMR_5436,False,False,False,0,0
HMR_5437,False,False,False,0,0
HMR_5438,False,True,False,0,1
HMR_5439,True,False,False,1,0
HMR_5440,False,False,False,0,0
HMR_5441,False,False,True,5,4
HMR_5442,False,False,True,4,3
HMR_5443,False,False,True,4,3
HMR_5444,False,False,True,4,3
HMR_5445,False,False,True,4,3
HMR_5446,False,True,False,0,2
HMR_5447,False,False,True,1,2
HMR_5448,False,False,True,5,4
HMR_5450,False,True,False,0,2
HMR_5451,False,False,False,0,0
HMR_5454,False,True,False,0,1
HMR_5455,False,True,False,0,1
HMR_5457,False,False,False,0,0
HMR_5458,False,False,True,5,4
HMR_5459,False,False,True,5,4
HMR_5460,False,False,True,5,4
HMR_5461,False,False,True,5,4
HMR_5462,False,False,True,4,4
HMR_5463,False,False,True,5,4
HMR_5464,False,False,True,5,4
HMR_5465,False,False,True,5,2
HMR_5466,False,False,True,5,4
HMR_5467,False,False,True,5,4
HMR_5468,False,False,True,5,4
HMR_5469,False,False,True,5,3
HMR_5470,False,False,True,5,4
HMR_5471,False,False,True,5,4
HMR_5472,False,False,True,5,4
HMR_5473,False,False,True,5,4
HMR_5474,False,False,True,5,4
HMR_5475,False,False,True,5,4
HMR_5476,False,False,True,5,4
HMR_5477,False,False,True,5,4
HMR_5478,False,False,True,5,4
HMR_5479,False,False,True,4,4
HMR_5480,False,False,True,5,4
HMR_5481,False,False,True,5,4
HMR_5482,False,False,True,5,4
HMR_5483,False,False,True,5,4
HMR_5484,False,False,True,4,4
HMR_5485,False,False,True,5,4
HMR_5486,False,False,True,5,4
HMR_5487,False,False,True,5,4
HMR_5488,False,False,True,5,4
HMR_5489,False,False,True,5,4
HMR_5490,False,False,True,5,4
HMR_5491,False,False,True,5,4
HMR_5492,False,False,True,5,4
HMR_5493,False,False,True,5,4
HMR_5494,False,False,True,5,3
HMR_5495,False,False,True,5,4
HMR_5496,False,False,True,5,4
HMR_5497,False,False,True,5,4
HMR_5498,False,False,True,5,4
HMR_5499,False,False,True,5,4
HMR_5500,False,False,True,5,4
HMR_5501,False,False,True,5,4
HMR_5502,False,False,True,5,4
HMR_5503,False,False,True,5,4
HMR_5504,False,False,True,5,4
HMR_5505,False,False,True,5,4
HMR_5506,False,False,True,5,4
HMR_5507,False,False,True,5,3
HMR_5508,False,False,True,5,4
HMR_5509,False,False,True,5,4
HMR_5510,False,False,True,5,4
HMR_5511,False,False,True,5,4
HMR_5512,False,False,True,5,4
HMR_5513,False,False,True,5,4
HMR_5514,False,False,True,5,3
HMR_5515,False,False,True,5,4
HMR_5516,False,False,True,5,4
HMR_5517,False,False,True,4,4
HMR_5518,False,False,True,5,4
HMR_5519,False,False,True,5,4
HMR_5520,False,False,True,5,4
HMR_5521,False,False,True,5,4
HMR_5522,False,False,True,5,4
HMR_5523,False,False,True,5,4
HMR_5524,False,False,True,5,4
HMR_5525,False,False,True,5,4
HMR_5526,False,False,True,5,4
HMR_5527,False,False,True,3,4
HMR_5528,False,False,True,3,4
HMR_5529,False,False,True,3,4
HMR_5530,False,False,True,3,4
HMR_5531,False,False,True,3,4
HMR_5532,False,False,True,3,4
HMR_5533,False,False,True,3,4
HMR_5534,False,False,True,3,4
HMR_5535,False,False,True,3,4
HMR_5536,False,False,True,3,4
HMR_5537,False,False,True,3,4
HMR_5538,False,False,True,3,4
HMR_5539,False,False,True,3,4
HMR_5540,False,False,True,3,4
HMR_5541,False,False,True,3,4
HMR_5542,False,False,True,5,4
HMR_5543,False,False,True,5,4
HMR_5544,False,False,True,5,4
HMR_5545,False,False,True,5,4
HMR_5546,False,False,True,5,4
HMR_5547,False,False,True,5,4
HMR_5548,False,False,True,5,4
HMR_5549,False,False,True,5,4
HMR_5550,False,False,False,0,0
HMR_5551,False,False,True,5,4
HMR_5552,False,False,True,5,4
HMR_5553,False,False,True,5,4
HMR_5554,False,False,True,5,4
HMR_5555,False,False,True,4,4
HMR_5556,False,False,True,5,4
HMR_5557,False,False,True,5,4
HMR_5558,False,False,True,5,4
HMR_5559,False,False,True,5,4
HMR_5560,False,False,True,5,4
HMR_5561,False,False,True,5,4
HMR_5562,False,False,True,5,4
HMR_5563,False,False,True,5,4
HMR_5564,False,False,True,5,4
HMR_5565,False,False,True,4,4
HMR_5566,False,False,True,5,4
HMR_5567,False,False,True,5,4
HMR_5568,False,False,True,5,4
HMR_5569,False,False,True,5,4
HMR_5570,False,False,True,5,4
HMR_5571,False,False,True,5,4
HMR_5572,False,False,True,5,4
HMR_5573,False,False,True,4,4
HMR_5574,False,False,True,5,4
HMR_5575,False,False,True,5,4
HMR_5576,False,False,True,5,4
HMR_5577,False,False,True,5,4
HMR_5578,False,False,True,5,3
HMR_5579,False,False,True,5,4
HMR_5580,False,False,True,5,3
HMR_5581,False,False,True,5,4
HMR_5582,False,False,True,5,4
HMR_5583,False,False,True,5,3
HMR_5584,False,False,True,4,4
HMR_5585,False,False,True,5,4
HMR_5586,False,False,True,5,4
HMR_5587,False,False,True,1,2
HMR_5588,False,False,False,0,0
HMR_5589,False,True,False,0,2
HMR_5590,False,True,False,0,1
HMR_5591,False,True,False,0,1
HMR_5592,False,True,False,0,1
HMR_5593,False,True,False,0,1
HMR_5594,False,False,False,0,0
HMR_5595,False,True,False,0,1
HMR_5596,False,True,False,0,1
HMR_5597,False,False,False,0,0
HMR_5598,True,False,False,1,0
HMR_5599,True,False,False,1,0
HMR_5600,False,True,False,0,1
HMR_5601,True,False,False,1,0
HMR_5602,False,False,False,0,0
HMR_5603,False,False,False,0,0
HMR_5604,False,False,False,0,0
HMR_5605,False,True,False,0,1
HMR_5606,False,False,False,0,0
HMR_5607,False,True,False,0,1
HMR_5608,False,False,False,0,0
HMR_5609,False,False,False,0,0
HMR_5610,False,False,False,0,0
HMR_5611,False,False,False,0,0
HMR_5612,False,False,False,0,0
HMR_5613,False,False,False,0,0
HMR_5614,False,True,False,0,1
HMR_5615,False,True,False,0,1
HMR_5616,False,True,False,0,1
HMR_5617,False,False,True,1,2
HMR_5618,False,True,False,0,1
HMR_5619,False,False,False,0,0
HMR_5620,False,True,False,0,1
HMR_5621,False,True,False,0,1
HMR_5622,False,False,False,0,0
HMR_5623,False,False,False,0,0
HMR_5624,False,False,False,0,0
HMR_5625,False,False,False,0,0
HMR_5626,False,False,False,0,0
HMR_5627,False,False,False,0,0
HMR_5628,False,False,False,0,0
HMR_5629,False,True,False,0,1
HMR_5630,False,True,False,0,1
HMR_5631,False,True,False,0,1
HMR_5632,False,False,False,0,0
HMR_5633,False,False,False,0,0
HMR_5634,False,True,False,0,1
HMR_5635,False,False,False,0,0
HMR_5636,False,False,False,0,0
HMR_5637,False,True,False,0,1
HMR_5638,False,False,False,0,0
HMR_5639,False,False,False,0,0
HMR_5640,False,False,False,0,0
HMR_5641,False,True,False,0,1
HMR_5642,False,True,False,0,1
HMR_5643,False,False,False,0,0
HMR_5644,False,False,False,0,0
HMR_5645,False,True,False,0,1
HMR_5646,False,False,False,0,0
HMR_5647,False,False,True,2,1
HMR_5648,False,True,False,0,1
HMR_5649,False,False,False,0,0
HMR_5650,False,False,False,0,0
HMR_5651,False,False,False,0,0
HMR_5652,False,False,False,0,0
HMR_5653,False,False,False,0,0
HMR_5654,False,False,False,0,0
HMR_5655,False,False,False,0,0
HMR_5656,False,True,False,0,1
HMR_5657,False,False,False,0,0
HMR_5658,False,False,False,0,0
HMR_5659,False,False,False,0,0
HMR_5660,False,False,False,0,0
HMR_5661,False,True,False,0,1
HMR_5662,False,False,False,0,0
HMR_5663,False,False,False,0,0
HMR_5664,False,False,False,0,0
HMR_5665,False,True,False,0,1
HMR_5666,False,False,False,0,0
HMR_5667,False,False,False,0,0
HMR_5668,False,False,False,0,0
HMR_5669,False,True,False,0,1
HMR_5670,False,False,False,0,0
HMR_5671,False,False,False,0,0
HMR_5672,False,True,False,0,1
HMR_5673,False,True,False,0,1
HMR_5674,False,False,False,0,0
HMR_5675,False,False,False,0,0
HMR_5676,False,True,False,0,1
HMR_5677,False,False,True,3,2
HMR_5678,True,False,False,1,0
HMR_5679,False,False,False,0,0
HMR_5680,False,False,False,0,0
HMR_5681,False,False,False,0,0
HMR_5682,False,False,False,0,0
HMR_5683,False,True,False,0,1
HMR_5684,False,False,False,0,0
HMR_5685,False,False,False,0,0
HMR_5686,False,False,False,0,0
HMR_5687,False,False,False,0,0
HMR_5688,False,True,False,0,1
HMR_5689,False,False,False,0,0
HMR_5690,False,False,False,0,0
HMR_5691,False,True,False,0,1
HMR_5692,False,True,False,0,1
HMR_5693,True,False,False,2,0
HMR_5694,False,True,False,0,1
HMR_5695,False,True,False,0,1
HMR_5696,False,False,False,0,0
HMR_5697,False,False,False,0,0
HMR_5698,False,True,False,0,1
HMR_5699,False,False,False,0,0
HMR_5700,False,True,False,0,1
HMR_5701,False,False,False,0,0
HMR_5702,False,False,False,0,0
HMR_5703,False,False,False,0,0
HMR_5704,False,False,False,0,0
HMR_5705,False,False,False,0,0
HMR_5706,False,False,False,0,0
HMR_5707,True,False,False,2,0
HMR_5708,False,True,False,0,1
HMR_5709,True,False,False,1,0
HMR_5710,True,False,False,1,0
HMR_5711,False,False,False,0,0
HMR_5712,False,False,False,0,0
HMR_5713,False,False,False,0,0
HMR_5714,False,True,False,0,1
HMR_5715,False,False,False,0,0
HMR_5716,False,True,False,0,1
HMR_5717,False,True,False,0,1
HMR_5718,False,True,False,0,1
HMR_5719,False,False,False,0,0
HMR_5720,False,True,False,0,1
HMR_5721,False,False,False,0,0
HMR_5722,False,True,False,0,1
HMR_5723,False,False,False,0,0
HMR_5724,False,True,False,0,1
HMR_5725,False,False,False,0,0
HMR_5726,False,True,False,0,1
HMR_5727,False,False,False,0,0
HMR_5728,False,False,False,0,0
HMR_5729,False,True,False,0,1
HMR_5730,False,False,False,0,0
HMR_5731,False,False,False,0,0
HMR_5732,False,False,False,0,0
HMR_5733,False,False,False,0,0
HMR_5734,False,True,False,0,1
HMR_5735,False,False,False,0,0
HMR_5736,False,False,False,0,0
HMR_5737,False,True,False,0,1
HMR_5738,False,False,False,0,0
HMR_5739,False,False,False,0,0
HMR_5740,False,True,False,0,1
HMR_5741,False,False,False,0,0
HMR_5742,False,True,False,0,1
HMR_5743,True,False,False,1,0
HMR_5744,False,False,False,0,0
HMR_5745,False,True,False,0,1
HMR_5746,False,False,False,0,0
HMR_5747,False,True,False,0,1
HMR_5748,False,True,False,0,1
HMR_5749,True,False,False,1,0
HMR_5750,False,True,False,0,1
HMR_5751,False,False,False,0,0
HMR_5752,False,False,False,0,0
HMR_5753,False,False,True,1,1
HMR_5754,False,False,False,0,0
HMR_5755,False,False,False,0,0
HMR_5756,False,True,False,0,1
HMR_5757,False,False,False,0,0
HMR_5758,False,False,False,0,0
HMR_5759,False,False,False,0,0
HMR_5760,False,False,False,0,0
HMR_5761,False,False,False,0,0
HMR_5762,False,False,False,0,0
HMR_5763,False,True,False,0,1
HMR_5764,False,False,False,0,0
HMR_5765,False,False,False,0,0
HMR_5766,False,True,False,0,1
HMR_5767,False,True,False,0,2
HMR_5768,False,False,False,0,0
HMR_5769,False,False,False,0,0
HMR_5770,False,False,False,0,0
HMR_5771,False,False,False,0,0
HMR_5772,False,False,False,0,0
HMR_5773,False,True,False,0,1
HMR_5774,False,False,False,0,0
HMR_5775,False,True,False,0,1
HMR_5776,False,False,True,1,2
HMR_5777,False,True,False,0,1
HMR_5778,False,False,False,0,0
HMR_5779,False,False,False,0,0
HMR_5780,False,True,False,0,1
HMR_5781,False,False,False,0,0
HMR_5782,False,False,True,1,1
HMR_5783,False,False,False,0,0
HMR_5784,False,False,False,0,0
HMR_5785,False,False,False,0,0
HMR_5786,False,False,False,0,0
HMR_5787,False,False,False,0,0
HMR_5788,False,True,False,0,1
HMR_5789,False,True,False,0,1
HMR_5790,False,False,False,0,0
HMR_5791,False,False,False,0,0
HMR_5792,False,False,False,0,0
HMR_5793,False,False,False,0,0
HMR_5794,False,False,False,0,0
HMR_5795,False,False,False,0,0
HMR_5796,False,False,False,0,0
HMR_5797,False,False,False,0,0
HMR_5798,False,False,False,0,0
HMR_5799,False,True,False,0,1
HMR_5800,False,True,False,0,1
HMR_5801,False,True,False,0,1
HMR_5802,False,False,False,0,0
HMR_5803,False,False,False,0,0
HMR_5804,False,False,False,0,0
HMR_5805,False,False,False,0,0
HMR_5806,False,False,False,0,0
HMR_5807,False,False,False,0,0
HMR_5808,False,False,False,0,0
HMR_5809,False,False,False,0,0
HMR_5810,False,False,False,0,0
HMR_5811,False,False,False,0,0
HMR_5812,False,True,False,0,1
HMR_5813,False,False,False,0,0
HMR_5814,False,False,False,0,0
HMR_5815,False,False,False,0,0
HMR_5816,False,False,False,0,0
HMR_5817,False,False,False,0,0
HMR_5818,False,False,False,0,0
HMR_5819,False,True,False,0,1
HMR_5820,False,False,False,0,0
HMR_5821,False,False,False,0,0
HMR_5822,False,False,False,0,0
HMR_5823,False,True,False,0,2
HMR_5824,False,False,False,0,0
HMR_5825,False,True,False,0,1
HMR_5826,False,True,False,0,1
HMR_5827,True,False,False,1,0
HMR_5828,False,False,False,0,0
HMR_5829,False,False,False,0,0
HMR_5830,False,False,False,0,0
HMR_5831,False,False,False,0,0
HMR_5832,False,False,False,0,0
HMR_5833,False,False,False,0,0
HMR_5834,False,False,False,0,0
HMR_5835,False,True,False,0,1
HMR_5836,False,False,False,0,0
HMR_5837,False,False,False,0,0
HMR_5838,True,False,False,1,0
HMR_5839,False,True,False,0,1
HMR_5840,False,False,False,0,0
HMR_5841,False,False,False,0,0
HMR_5842,False,False,False,0,0
HMR_5843,False,False,False,0,0
HMR_5844,False,False,False,0,0
HMR_5845,False,False,False,0,0
HMR_5846,False,False,False,0,0
HMR_5847,False,False,False,0,0
HMR_5848,False,False,False,0,0
HMR_5849,False,False,False,0,0
HMR_5850,False,False,False,0,0
HMR_5851,False,False,False,0,0
HMR_5852,False,False,False,0,0
HMR_5853,False,True,False,0,1
HMR_5854,False,True,False,0,1
HMR_5855,False,False,False,0,0
HMR_5856,False,False,False,0,0
HMR_5857,False,True,False,0,1
HMR_5858,False,False,False,0,0
HMR_5859,False,False,False,0,0
HMR_5860,False,False,False,0,0
HMR_5861,True,False,False,1,0
HMR_5862,False,False,False,0,0
HMR_5863,False,True,False,0,1
HMR_5864,False,False,False,0,0
HMR_5865,False,False,False,0,0
HMR_5866,False,False,False,0,0
HMR_5867,False,False,False,0,0
HMR_5868,False,False,False,0,0
HMR_5869,False,False,False,0,0
HMR_5870,False,False,False,0,0
HMR_5871,False,True,False,0,1
HMR_5872,False,False,False,0,0
HMR_5873,False,False,False,0,0
HMR_5874,False,False,False,0,0
HMR_5875,False,True,False,0,1
HMR_5876,False,False,False,0,0
HMR_5877,False,False,False,0,0
HMR_5878,False,False,False,0,0
HMR_5879,False,False,False,0,0
HMR_5880,False,False,False,0,0
HMR_5881,False,False,True,1,1
HMR_5882,False,False,False,0,0
HMR_5883,False,False,False,0,0
HMR_5884,False,True,False,0,1
HMR_5885,False,False,False,0,0
HMR_5886,True,False,False,1,0
HMR_5887,False,False,False,0,0
HMR_5888,False,False,False,0,0
HMR_5889,False,True,False,0,1
HMR_5890,True,False,False,2,0
HMR_5891,True,False,False,1,0
HMR_5892,False,False,False,0,0
HMR_5893,False,True,False,0,1
HMR_5894,False,False,False,0,0
HMR_5895,False,False,False,0,0
HMR_5896,False,False,False,0,0
HMR_5897,False,True,False,0,2
HMR_5898,False,False,False,0,0
HMR_5899,False,True,False,0,2
HMR_5900,False,False,False,0,0
HMR_5901,False,False,True,1,1
HMR_5902,False,False,False,0,0
HMR_5903,False,False,False,0,0
HMR_5904,False,False,False,0,0
HMR_5905,False,False,False,0,0
HMR_5906,False,False,False,0,0
HMR_5907,False,False,False,0,0
HMR_5908,False,False,True,1,3
HMR_5909,False,True,False,0,1
HMR_5910,False,False,False,0,0
HMR_5911,False,False,False,0,0
HMR_5912,False,True,False,0,1
HMR_5913,False,False,False,0,0
HMR_5914,False,False,True,1,1
HMR_5915,True,False,False,1,0
HMR_5916,False,True,False,0,1
HMR_5917,False,True,False,0,1
HMR_5918,False,False,False,0,0
HMR_5919,False,False,False,0,0
HMR_5920,False,False,False,0,0
HMR_5921,False,True,False,0,1
HMR_5922,False,True,False,0,1
HMR_5923,False,False,True,1,2
HMR_5924,False,False,True,1,3
HMR_5925,False,True,False,0,1
HMR_5926,False,False,True,1,1
HMR_5927,False,True,False,0,1
HMR_5928,True,False,False,1,0
HMR_5929,False,False,False,0,0
HMR_5930,False,False,False,0,0
HMR_5931,False,False,True,1,1
HMR_5932,True,False,False,1,0
HMR_5933,False,False,False,0,0
HMR_5934,False,False,False,0,0
HMR_5935,False,False,False,0,0
HMR_5936,False,False,False,0,0
HMR_5937,False,False,True,1,1
HMR_5938,False,False,False,0,0
HMR_5939,False,False,True,1,2
HMR_5940,True,False,False,1,0
HMR_5941,False,False,False,0,0
HMR_5942,True,False,False,1,0
HMR_5943,False,False,False,0,0
HMR_5944,False,True,False,0,2
HMR_5945,True,False,False,1,0
HMR_5946,False,False,False,0,0
HMR_5947,False,False,False,0,0
HMR_5948,True,False,False,1,0
HMR_5949,False,False,True,1,1
HMR_5950,False,False,True,1,1
HMR_5951,False,False,False,0,0
HMR_5952,False,True,False,0,1
HMR_5953,False,False,True,1,1
HMR_5954,False,True,False,0,1
HMR_5955,False,False,True,1,1
HMR_5956,True,False,False,1,0
HMR_5957,False,True,False,0,1
HMR_5958,False,False,False,0,0
HMR_5959,False,False,False,0,0
HMR_5960,True,False,False,2,0
HMR_5961,False,False,False,0,0
HMR_5962,False,False,False,0,0
HMR_5963,False,True,False,0,1
HMR_5964,False,True,False,0,1
HMR_5965,False,False,False,0,0
HMR_5966,False,True,False,0,1
HMR_5967,False,False,False,0,0
HMR_5968,False,True,False,0,1
HMR_5969,False,False,True,1,1
HMR_5970,False,False,False,0,0
HMR_5971,False,False,False,0,0
HMR_5972,False,False,False,0,0
HMR_5973,False,False,False,0,0
HMR_5974,False,False,False,0,0
HMR_5975,False,False,False,0,0
HMR_5976,False,False,False,0,0
HMR_5977,False,False,False,0,0
HMR_5978,False,True,False,0,1
HMR_5979,True,False,False,1,0
HMR_5980,False,True,False,0,1
HMR_5981,False,True,False,0,2
HMR_5982,False,False,False,0,0
HMR_5983,False,True,False,0,3
HMR_5984,False,True,False,0,1
HMR_5985,False,False,True,1,1
HMR_5986,False,False,False,0,0
HMR_5987,False,False,True,5,4
HMR_5989,True,False,False,1,0
HMR_5990,False,False,True,3,3
HMR_5992,False,False,False,0,0
HMR_5998,False,False,True,4,2
HMR_6000,False,False,True,5,3
HMR_6001,False,False,True,5,4
HMR_6002,False,False,True,5,4
HMR_6003,False,False,True,5,3
HMR_6004,False,False,True,5,4
HMR_6005,False,False,True,5,4
HMR_6006,False,False,True,5,4
HMR_6007,False,False,True,5,4
HMR_6008,False,False,True,5,4
HMR_6009,False,False,True,5,4
HMR_6010,False,False,True,5,4
HMR_6011,False,False,True,5,4
HMR_6012,False,False,True,5,4
HMR_6013,False,False,True,5,4
HMR_6014,False,False,True,4,3
HMR_6015,False,False,True,5,4
HMR_6016,False,False,True,4,3
HMR_6017,False,False,True,5,4
HMR_6018,False,False,True,4,4
HMR_6019,False,False,True,5,4
HMR_6020,False,False,True,5,4
HMR_6021,False,False,True,5,3
HMR_6022,False,False,True,5,4
HMR_6023,False,False,True,5,4
HMR_6024,False,False,True,5,4
HMR_6025,False,False,True,5,4
HMR_6026,False,False,True,4,4
HMR_6027,False,False,True,5,4
HMR_6028,False,False,True,5,4
HMR_6029,False,False,True,5,4
HMR_6030,False,False,True,5,4
HMR_6031,False,False,True,5,3
HMR_6032,False,False,True,5,4
HMR_6033,False,False,True,5,4
HMR_6034,False,False,True,5,4
HMR_6035,False,False,True,5,4
HMR_6036,False,False,True,5,4
HMR_6037,False,False,True,5,4
HMR_6038,False,False,True,5,4
HMR_6039,False,False,True,5,4
HMR_6040,False,False,True,5,4
HMR_6041,False,False,True,5,4
HMR_6042,False,False,True,5,4
HMR_6043,False,False,True,4,4
HMR_6044,False,False,True,4,4
HMR_6045,False,False,True,5,4
HMR_6046,False,False,True,5,4
HMR_6047,False,False,True,5,4
HMR_6048,False,False,True,4,4
HMR_6049,False,False,True,5,4
HMR_6050,False,False,True,4,4
HMR_6051,False,False,True,4,3
HMR_6052,False,False,True,5,4
HMR_6053,False,False,True,5,4
HMR_6054,False,False,True,5,4
HMR_6055,False,False,True,3,3
HMR_6056,False,False,True,1,2
HMR_6057,False,False,True,5,2
HMR_6058,False,False,True,2,1
HMR_6059,False,False,True,2,2
HMR_6060,False,False,True,5,4
HMR_6061,False,False,True,5,4
HMR_6062,False,False,True,5,4
HMR_6063,False,False,True,5,4
HMR_6064,False,False,True,5,4
HMR_6065,False,False,True,5,4
HMR_6066,False,False,True,5,4
HMR_6067,False,False,True,5,4
HMR_6068,False,False,True,4,2
HMR_6069,False,False,True,2,3
HMR_6070,False,False,True,4,3
HMR_6071,False,False,True,5,4
HMR_6072,False,False,True,5,4
HMR_6073,False,False,True,5,4
HMR_6074,False,False,True,5,4
HMR_6075,False,False,True,5,4
HMR_6076,False,False,True,5,4
HMR_6077,False,False,True,4,3
HMR_6078,False,False,True,5,3
HMR_6079,False,False,True,2,3
HMR_6080,False,False,True,5,4
HMR_6081,False,False,True,5,4
HMR_6082,False,False,True,5,4
HMR_6083,False,False,True,5,4
HMR_6084,False,False,True,5,4
HMR_6085,False,False,True,5,4
HMR_6086,False,False,True,5,4
HMR_6087,False,False,True,5,4
HMR_6088,False,False,True,5,4
HMR_6089,False,False,True,5,4
HMR_6090,False,False,True,4,4
HMR_6091,False,False,True,4,4
HMR_6092,False,False,True,5,4
HMR_6093,False,False,True,4,4
HMR_6094,False,False,True,5,4
HMR_6095,False,False,True,5,4
HMR_6096,False,False,True,1,1
HMR_6097,False,False,True,5,4
HMR_6098,False,True,False,0,1
HMR_6099,False,False,True,4,3
HMR_6100,False,False,True,5,4
HMR_6101,False,True,False,0,2
HMR_6102,False,False,True,5,4
HMR_6103,False,False,True,5,4
HMR_6104,False,False,True,5,4
HMR_6105,False,False,True,4,4
HMR_6106,False,False,True,5,4
HMR_6107,False,False,True,5,4
HMR_6108,False,False,True,5,4
HMR_6109,False,False,True,5,4
HMR_6110,False,False,True,5,3
HMR_6111,False,False,True,5,4
HMR_6112,False,False,True,5,4
HMR_6113,False,False,True,5,4
HMR_6114,False,False,True,5,4
HMR_6115,False,False,True,5,4
HMR_6116,False,False,True,5,4
HMR_6117,False,False,True,5,4
HMR_6118,False,False,True,4,3
HMR_6119,False,False,True,5,4
HMR_6120,False,False,True,5,4
HMR_6121,False,False,True,5,3
HMR_6122,False,False,True,5,4
HMR_6123,False,False,True,5,3
HMR_6124,False,False,True,5,4
HMR_6125,False,False,True,5,4
HMR_6126,False,False,True,5,4
HMR_6127,False,False,True,5,4
HMR_6128,False,False,True,5,4
HMR_6129,False,False,True,1,1
HMR_6130,False,False,True,5,3
HMR_6131,False,False,True,4,3
HMR_6132,False,False,True,4,4
HMR_6133,False,False,True,3,3
HMR_6134,False,False,True,5,2
HMR_6135,False,False,True,2,4
HMR_6136,False,False,True,5,4
HMR_6137,False,False,True,5,4
HMR_6138,False,False,True,2,2
HMR_6139,False,False,True,5,4
HMR_6140,False,False,True,5,4
HMR_6141,False,False,True,5,4
HMR_6142,False,False,True,5,4
HMR_6143,False,False,True,5,4
HMR_6144,False,False,True,5,3
HMR_6145,False,False,True,4,3
HMR_6146,False,False,True,4,4
HMR_6147,False,False,True,5,4
HMR_6148,False,False,True,4,4
HMR_6149,False,False,True,5,4
HMR_6150,False,False,True,5,4
HMR_6151,False,False,True,5,3
HMR_6152,False,False,True,5,4
HMR_6153,False,False,True,5,4
HMR_6154,False,False,True,5,3
HMR_6155,False,False,True,4,4
HMR_6156,False,False,True,5,4
HMR_6157,False,False,True,5,4
HMR_6158,False,False,True,5,3
HMR_6159,False,False,True,3,3
HMR_6160,False,False,True,5,2
HMR_6161,False,False,True,4,4
HMR_6162,False,False,True,5,4
HMR_6163,False,False,True,4,4
HMR_6164,False,False,True,4,4
HMR_6165,False,False,True,4,4
HMR_6166,False,False,True,5,4
HMR_6167,False,False,True,5,4
HMR_6168,False,False,True,5,4
HMR_6169,False,False,True,4,4
HMR_6170,False,False,True,4,4
HMR_6171,False,False,True,3,4
HMR_6172,False,False,True,5,4
HMR_6173,False,False,True,4,3
HMR_6174,False,False,True,3,4
HMR_6175,False,False,True,5,4
HMR_6176,False,False,True,5,4
HMR_6177,False,False,True,5,4
HMR_6178,False,False,True,5,4
HMR_6179,False,False,True,4,2
HMR_6180,False,False,True,3,4
HMR_6181,False,False,True,5,4
HMR_6182,False,False,True,5,4
HMR_6183,False,False,True,5,4
HMR_6184,False,False,True,5,4
HMR_6185,False,False,True,5,4
HMR_6186,False,False,True,5,4
HMR_6187,False,False,True,5,4
HMR_6188,False,False,True,5,3
HMR_6189,False,False,True,5,4
HMR_6190,False,False,True,5,4
HMR_6191,False,False,True,5,4
HMR_6192,False,False,True,5,4
HMR_6193,False,False,True,5,4
HMR_6194,False,False,True,5,4
HMR_6195,False,False,True,5,4
HMR_6196,False,False,True,5,3
HMR_6197,False,False,True,2,2
HMR_6198,False,False,True,3,4
HMR_6199,False,False,True,5,3
HMR_6200,False,False,True,5,4
HMR_6201,False,False,True,5,4
HMR_6202,False,False,True,5,4
HMR_6203,False,False,True,4,4
HMR_6204,False,False,True,3,4
HMR_6205,False,False,True,5,4
HMR_6206,False,False,True,4,3
HMR_6207,False,False,True,4,4
HMR_6208,False,False,True,5,3
HMR_6209,False,False,True,4,4
HMR_6210,False,False,True,4,3
HMR_6211,False,False,True,4,4
HMR_6212,False,False,True,4,3
HMR_6213,False,False,True,3,3
HMR_6214,False,False,True,5,3
HMR_6215,False,False,True,5,4
HMR_6216,False,False,True,5,4
HMR_6217,False,False,True,5,4
HMR_6218,False,False,True,5,4
HMR_6219,False,False,True,5,4
HMR_6220,False,False,True,5,4
HMR_6221,False,False,True,5,4
HMR_6222,False,False,True,5,4
HMR_6223,False,False,True,5,4
HMR_6224,False,False,True,5,4
HMR_6225,False,False,True,5,4
HMR_6226,False,False,True,5,4
HMR_6227,False,False,True,5,4
HMR_6228,False,False,True,5,4
HMR_6229,False,False,True,5,4
HMR_6230,False,False,True,5,4
HMR_6231,False,False,True,5,4
HMR_6232,False,False,True,5,4
HMR_6233,False,False,True,5,4
HMR_6234,False,False,True,5,4
HMR_6235,False,False,True,5,4
HMR_6236,False,False,True,5,4
HMR_6237,False,False,True,5,4
HMR_6238,False,False,True,5,3
HMR_6239,False,False,True,5,4
HMR_6240,False,False,True,5,4
HMR_6241,False,False,True,4,4
HMR_6242,False,False,False,0,0
HMR_6243,False,False,True,5,4
HMR_6244,False,False,False,0,0
HMR_6245,False,False,True,2,3
HMR_6246,False,False,False,0,0
HMR_6247,False,False,True,1,1
HMR_6248,False,False,True,1,1
HMR_6249,False,False,False,0,0
HMR_6250,False,False,True,3,4
HMR_6251,False,False,True,3,3
HMR_6252,False,False,True,5,3
HMR_6253,False,False,True,3,1
HMR_6254,False,False,True,4,2
HMR_6255,False,False,True,3,4
HMR_6256,False,False,True,2,2
HMR_6257,False,False,True,1,2
HMR_6258,False,False,True,4,4
HMR_6259,False,False,True,5,3
HMR_6260,False,False,True,5,4
HMR_6261,False,False,True,4,2
HMR_6262,False,False,True,3,2
HMR_6263,False,False,True,4,3
HMR_6264,False,False,True,3,3
HMR_6265,False,False,True,1,1
HMR_6266,False,True,False,0,1
HMR_6267,False,False,True,1,2
HMR_6268,True,False,False,1,0
HMR_6269,False,False,True,5,4
HMR_6270,False,False,True,5,4
HMR_6271,False,False,True,4,1
HMR_6272,False,False,True,2,3
HMR_6273,False,False,True,3,3
HMR_6274,False,False,True,4,3
HMR_6275,False,False,True,2,1
HMR_6351,False,True,False,0,1
HMR_6352,False,False,False,0,0
HMR_6353,False,True,False,0,2
HMR_6354,False,True,False,0,1
HMR_6355,False,False,False,0,0
HMR_6356,False,False,True,1,3
HMR_6357,False,False,False,0,0
HMR_6358,False,False,False,0,0
HMR_6359,False,True,False,0,1
HMR_6360,False,False,False,0,0
HMR_6361,False,False,False,0,0
HMR_6362,False,False,False,0,0
HMR_6363,False,False,False,0,0
HMR_6364,False,False,False,0,0
HMR_6365,False,False,False,0,0
HMR_6366,False,False,True,5,4
HMR_6367,False,False,True,5,4
HMR_6368,False,False,True,4,4
HMR_6369,False,False,True,2,3
HMR_6370,True,False,False,1,0
HMR_6371,False,False,True,1,2
HMR_6372,False,False,True,3,2
HMR_6373,False,False,True,4,2
HMR_6374,False,False,False,0,0
HMR_6375,False,False,True,1,2
HMR_6377,True,False,False,2,0
HMR_6379,False,True,False,0,1
HMR_6380,False,False,True,3,3
HMR_6381,False,False,True,1,1
HMR_6382,False,False,True,3,1
HMR_6383,True,False,False,2,0
HMR_6384,False,False,False,0,0
HMR_6392,False,False,True,1,3
HMR_6462,False,False,True,5,4
HMR_6474,False,False,True,5,4
HMR_6505,False,False,True,5,4
HMR_6512,False,False,True,5,4
HMR_6524,False,False,False,0,0
HMR_6525,False,False,False,0,0
HMR_6526,True,False,False,1,0
HMR_6527,False,True,False,0,1
HMR_6529,False,False,True,2,3
HMR_6530,False,False,True,1,2
HMR_6531,False,False,True,2,4
HMR_6532,False,False,True,1,1
HMR_6533,True,False,False,3,0
HMR_6534,False,True,False,0,1
HMR_6732,False,False,True,5,4
HMR_6733,False,True,False,0,1
HMR_6989,False,True,False,0,1
HMR_6991,False,False,True,5,4
HMR_7173,True,False,False,3,0
HMR_7184,False,False,True,2,4
HMR_7223,False,False,True,5,2
HMR_7253,False,False,True,5,4
HMR_7372,False,False,True,5,4
HMR_7453,False,False,True,5,4
HMR_7482,False,False,True,5,4
HMR_7499,False,False,True,5,4
HMR_7511,False,False,True,5,2
HMR_7523,False,False,True,5,4
HMR_7539,False,False,True,5,4
HMR_7555,False,False,True,5,4
HMR_7568,False,False,True,5,4
HMR_7569,False,False,True,5,4
HMR_7579,False,False,True,5,4
HMR_7583,False,False,True,2,3
HMR_7608,False,False,True,4,4
HMR_7609,False,False,True,1,1
HMR_7629,False,False,True,5,4
HMR_7630,False,False,False,0,0
HMR_7631,False,True,False,0,1
HMR_7632,False,False,True,1,2
HMR_7633,False,False,False,0,0
HMR_7634,False,False,False,0,0
HMR_7635,False,False,False,0,0
HMR_7636,False,False,False,0,0
HMR_7637,False,False,False,0,0
HMR_7639,False,True,False,0,1
HMR_7643,False,False,True,4,4
HMR_7644,False,False,True,5,4
HMR_7645,False,True,False,0,2
HMR_7650,False,False,True,3,3
HMR_7651,False,False,False,0,0
HMR_7666,False,False,True,3,1
HMR_7667,False,False,False,0,0
HMR_7679,False,False,False,0,0
HMR_7680,False,False,True,5,4
HMR_7681,False,False,False,0,0
HMR_7682,False,False,True,5,4
HMR_7683,False,False,True,5,4
HMR_7684,False,False,True,5,3
HMR_7685,False,False,True,5,3
HMR_7686,False,False,True,5,2
HMR_7687,False,False,True,1,2
HMR_7691,False,False,True,4,3
HMR_7692,False,False,True,4,3
HMR_7699,False,False,False,0,0
HMR_7700,False,False,False,0,0
HMR_7734,False,False,True,1,1
HMR_7735,False,False,True,1,1
HMR_7736,False,False,True,5,4
HMR_7737,False,False,False,0,0
HMR_7738,False,False,False,0,0
HMR_7739,False,False,False,0,0
HMR_7774,False,False,True,3,3
HMR_7781,False,False,True,3,3
HMR_7787,False,False,True,5,4
HMR_7798,False,False,True,5,4
HMR_7896,False,False,True,5,4
HMR_7902,False,False,True,1,2
HMR_7903,False,False,True,2,2
HMR_7905,False,False,True,1,1
HMR_7906,False,False,True,2,3
HMR_7946,False,False,False,0,0
HMR_7951,True,False,False,4,0
HMR_7961,False,False,False,0,0
HMR_7964,False,False,False,0,0
HMR_7967,False,False,False,0,0
HMR_7975,False,False,False,0,0
HMR_7977,False,False,True,5,4
HMR_7979,False,False,False,0,0
HMR_7986,False,False,True,1,1
HMR_7990,False,False,False,0,0
HMR_8007,False,False,False,0,0
HMR_8010,False,False,False,0,0
HMR_8015,False,False,False,0,0
HMR_8023,False,False,True,5,4
HMR_8073,False,False,True,5,4
HMR_8075,False,False,True,4,2
HMR_8076,False,False,True,1,1
HMR_8077,False,False,False,0,0
HMR_8079,False,False,True,5,4
HMR_8080,False,False,True,1,2
HMR_8081,False,False,True,5,4
HMR_8090,False,False,False,0,0
HMR_8095,False,False,False,0,0
HMR_8100,False,False,True,3,3
HMR_8103,False,False,False,0,0
HMR_8104,False,False,False,0,0
HMR_8154,False,False,False,0,0
HMR_8158,False,False,False,0,0
HMR_8161,False,False,False,0,0
HMR_8164,False,True,False,0,1
HMR_8214,False,False,True,2,4
HMR_8223,False,False,False,0,0
HMR_8225,False,False,False,0,0
HMR_8229,False,False,False,0,0
HMR_8231,False,True,False,0,1
HMR_8240,True,False,False,1,0
HMR_8247,False,False,False,0,0
HMR_8253,False,False,False,0,0
HMR_8266,False,False,False,0,0
HMR_8270,False,True,False,0,1
HMR_8273,False,False,False,0,0
HMR_8283,False,False,False,0,0
HMR_8290,False,False,False,0,0
HMR_8297,False,False,False,0,0
HMR_8300,False,False,False,0,0
HMR_8304,False,False,False,0,0
HMR_8311,False,False,False,0,0
HMR_8313,False,False,False,0,0
HMR_8315,False,True,False,0,1
HMR_8321,False,False,False,0,0
HMR_8324,False,False,False,0,0
HMR_8329,False,False,False,0,0
HMR_8336,False,False,False,0,0
HMR_8339,False,False,False,0,0
HMR_8343,False,False,True,5,4
HMR_8354,False,False,True,5,3
HMR_8364,False,False,True,5,4
HMR_8408,False,False,True,5,4
HMR_8429,False,False,True,2,1
HMR_8515,True,False,False,2,0
HMR_8520,False,False,True,4,4
HMR_8536,True,False,False,3,0
HMR_8551,False,True,False,0,1
HMR_8593,False,True,False,0,1
HMR_8612,False,False,True,5,4
HMR_8618,False,False,True,4,4
HMR_8629,False,True,False,0,1
HMR_8631,False,True,False,0,2
HMR_8632,False,False,True,3,1
HMR_8633,False,False,True,1,3
HMR_8635,False,True,False,0,2
HMR_8658,False,False,True,3,2
HMR_8659,False,False,True,2,2
HMR_8660,False,False,False,0,0
HMR_8670,False,False,False,0,0
HMR_8671,False,True,False,0,1
HMR_8676,False,False,True,4,4
HMR_8677,False,True,False,0,1
HMR_8678,False,False,False,0,0
HMR_8679,False,False,False,0,0
HMR_8686,False,False,True,5,4
HMR_8714,False,False,True,5,4
HMR_8718,False,False,True,5,4
HMR_8720,False,False,True,1,2
HMR_8721,False,False,True,5,4
HMR_8723,False,False,True,1,2
HMR_8730,False,False,False,0,0
HMR_8733,False,False,True,5,4
HMR_8734,False,False,True,5,4
HMR_8735,False,False,False,0,0
HMR_8736,False,False,True,3,2
HMR_8797,False,False,True,5,4
HMR_8798,True,False,False,2,0
HMR_8846,False,False,True,5,3
HMR_8847,False,False,False,0,0
HMR_8850,False,False,False,0,0
HMR_8852,True,False,False,1,0
HMR_8853,True,False,False,1,0
HMR_8854,False,False,False,0,0
HMR_8861,False,False,True,5,3
HMR_8863,False,False,False,0,0
HMR_8864,False,False,False,0,0
HMR_8865,False,False,False,0,0
HMR_8866,False,False,False,0,0
HMR_8867,False,False,True,5,4
HMR_8870,False,False,False,0,0
HMR_8872,False,False,False,0,0
HMR_8873,False,False,False,0,0
HMR_8876,False,False,False,0,0
HMR_8877,False,False,False,0,0
HMR_8878,False,False,False,0,0
HMR_8879,False,False,True,2,2
HMR_8881,False,False,False,0,0
HMR_8883,False,False,True,5,4
HMR_8884,False,False,True,2,2
HMR_8889,False,True,False,0,3
HMR_8892,False,False,False,0,0
HMR_8893,False,False,True,5,4
HMR_8896,False,False,False,0,0
HMR_8898,False,True,False,0,1
HMR_8899,False,False,False,0,0
HMR_8901,False,False,True,5,4
HMR_8903,False,False,False,0,0
HMR_8905,False,False,False,0,0
HMR_8907,False,False,True,4,2
HMR_8911,False,False,True,2,1
HMR_8912,False,False,False,0,0
HMR_8913,False,False,True,5,4
HMR_8917,False,False,True,1,1
HMR_8922,False,False,False,0,0
HMR_8923,False,False,False,0,0
HMR_8924,False,False,False,0,0
HMR_8925,False,False,True,5,4
HMR_8929,False,True,False,0,1
HMR_8930,False,False,False,0,0
HMR_8931,False,False,False,0,0
HMR_8932,False,False,False,0,0
HMR_8933,False,False,False,0,0
HMR_8934,False,True,False,0,2
HMR_8935,False,True,False,0,2
HMR_8936,False,False,True,1,1
HMR_8937,False,True,False,0,1
HMR_8938,False,False,False,0,0
HMR_8939,False,False,False,0,0
HMR_8940,False,False,False,0,0
HMR_8941,False,False,False,0,0
HMR_8942,False,False,False,0,0
HMR_8943,False,False,True,2,1
HMR_8944,False,False,False,0,0
HMR_8945,False,False,False,0,0
HMR_8946,False,False,False,0,0
HMR_8947,False,False,False,0,0
HMR_9176,False,False,False,0,0
HMR_9178,False,False,True,1,2
HMR_9180,False,False,True,5,4
HMR_9187,False,True,False,0,3
HMR_9189,False,False,False,0,0
HMR_9190,False,False,True,1,1
HMR_9191,False,True,False,0,1
HMR_9192,False,False,True,2,2
HMR_9193,False,False,True,5,3
HMR_9195,False,False,True,5,4
HMR_9197,False,False,True,1,2
HMR_9198,False,False,True,1,1
HMR_9590,False,False,True,1,1
HMR_9591,False,False,False,0,0
HMR_9592,False,True,False,0,1
HMR_9593,False,False,False,0,0
HMR_9594,False,False,False,0,0
HMR_9595,False,False,True,1,1
HMR_9596,False,False,False,0,0
HMR_9597,False,False,False,0,0
HMR_9598,True,False,False,1,0
HMR_9599,False,True,False,0,1
HMR_9600,False,False,False,0,0
HMR_9601,True,False,False,1,0
HMR_9602,False,False,False,0,0
HMR_9603,False,False,False,0,0
HMR_9604,False,False,False,0,0
HMR_9605,False,False,True,2,3
HMR_9606,False,True,False,0,1
HMR_9607,False,True,False,0,2
HMR_9608,False,False,True,5,4
HMR_9609,False,True,False,0,1
HMR_9611,False,True,False,0,2
HMR_9612,False,False,True,2,2
HMR_9613,False,True,False,0,1
HMR_9614,False,False,False,0,0
HMR_9615,False,True,False,0,1
HMR_9616,False,True,False,0,1
HMR_9617,False,False,True,2,2
HMR_9618,False,False,True,5,4
HMR_9619,False,False,True,3,2
HMR_9620,False,False,False,0,0
HMR_9621,False,True,False,0,1
HMR_9622,False,False,False,0,0
HMR_9623,False,True,False,0,1
HMR_9624,True,False,False,1,0
HMR_9636,False,False,True,5,2
HMR_9638,False,False,True,4,4
HMR_9639,False,False,True,3,2
HMR_9640,False,False,True,5,4
HMR_9641,False,False,True,3,3
HMR_9642,False,False,False,0,0
HMR_9643,False,False,False,0,0
HMR_9644,False,False,False,0,0
HMR_9645,False,False,False,0,0
HMR_9646,False,False,False,0,0
HMR_9647,False,False,False,0,0
HMR_9648,False,False,False,0,0
HMR_9649,False,False,True,4,3
HMR_9650,False,False,True,2,4
HMR_9651,False,False,False,0,0
HMR_9652,False,False,True,4,2
HMR_9655,False,True,False,0,1
HMR_9656,False,False,True,3,2
HMR_9657,False,False,True,5,4
HMR_9659,False,False,False,0,0
HMR_9660,False,False,True,3,2
HMR_9661,False,False,True,4,2
HMR_9662,False,False,True,2,3
HMR_9720,False,False,False,0,0
HMR_9728,False,False,True,5,4
HMR_9737,False,False,True,2,3
HMR_8071,False,False,True,5,4
HMR_4312,False,False,True,5,4
HMR_8428,False,False,True,5,3
HMR_8430,False,False,True,1,2
HMR_8022,False,False,True,4,4
HMR_8070,False,False,True,1,1
HMR_9015,False,False,True,4,4
HMR_9019,False,False,True,5,4
HMR_0157,False,False,True,2,2
HMR_0158,False,False,True,5,4
HMR_0166,False,False,True,2,3
HMR_0169,False,False,True,5,4
HMR_0172,False,False,True,4,4
HMR_0175,False,False,True,4,4
HMR_0178,False,False,True,4,4
HMR_0182,False,False,True,5,4
HMR_0185,False,False,True,4,3
HMR_0446,False,False,True,5,4
HMR_0578,False,False,True,5,4
HMR_0587,False,False,True,3,2
HMR_0962,False,False,True,5,4
HMR_1145,False,False,True,5,4
HMR_1173,False,False,True,5,3
HMR_1187,False,False,True,5,4
HMR_1215,False,False,True,5,3
HMR_1243,False,False,True,5,4
HMR_1267,False,True,False,0,2
HMR_1284,False,False,True,5,4
HMR_1572,False,False,True,4,4
HMR_1602,False,False,True,4,4
HMR_1915,False,False,True,1,3
HMR_1925,True,False,False,1,0
HMR_1930,False,False,True,5,2
HMR_1936,False,False,True,5,3
HMR_1994,False,False,False,0,0
HMR_1997,False,True,False,0,1
HMR_2008,False,False,False,0,0
HMR_2012,False,False,False,0,0
HMR_2116,False,False,True,2,2
HMR_2127,False,False,True,4,4
HMR_2141,False,False,True,5,4
HMR_2590,False,False,True,1,1
HMR_3746,False,False,True,5,4
HMR_3762,False,False,True,5,4
HMR_3789,False,False,True,3,2
HMR_3818,False,False,True,5,4
HMR_3825,False,False,False,0,0
HMR_3863,False,False,True,5,4
HMR_3864,False,False,False,0,0
HMR_3946,False,False,True,1,3
HMR_3949,False,False,True,3,2
HMR_3950,False,False,True,4,4
HMR_3952,False,False,True,5,4
HMR_3954,False,False,True,5,4
HMR_3971,False,False,False,0,0
HMR_4184,False,False,False,0,0
HMR_4205,False,False,False,0,0
HMR_4237,False,False,True,5,4
HMR_4266,False,False,True,5,4
HMR_4367,False,False,True,3,4
HMR_4684,False,False,False,0,0
HMR_4692,False,False,True,5,4
HMR_4720,False,False,True,5,4
HMR_4729,False,False,True,5,4
HMR_4738,False,False,True,5,4
HMR_4743,False,False,True,5,4
HMR_4754,True,False,False,4,0
HMR_4756,False,False,True,3,1
HMR_4760,False,False,True,5,4
HMR_4843,False,False,True,3,2
HMR_4850,False,False,False,0,0
HMR_4851,False,False,True,5,3
HMR_4852,False,False,True,5,4
HMR_4854,False,False,True,4,3
HMR_4855,False,False,True,5,4
HMR_4862,False,False,False,0,0
HMR_4863,False,False,True,5,4
HMR_4864,False,False,True,4,4
HMR_4865,False,False,False,0,0
HMR_4867,False,False,True,5,4
HMR_4868,False,False,True,5,4
HMR_4870,False,False,False,0,0
HMR_4871,False,False,True,5,4
HMR_4872,False,False,True,5,4
HMR_4874,False,False,True,5,4
HMR_4888,False,False,False,0,0
HMR_4898,False,False,True,4,4
HMR_4905,False,False,False,0,0
HMR_4914,False,False,True,3,4
HMR_4922,False,False,True,5,4
HMR_4926,False,False,True,5,4
HMR_4940,False,False,False,0,0
HMR_4944,False,False,True,5,4
HMR_4951,False,False,True,3,2
HMR_4953,False,False,True,5,4
HMR_4959,False,False,True,5,4
HMR_4963,False,False,False,0,0
HMR_4964,False,False,True,3,4
HMR_4971,False,False,True,4,4
HMR_4972,False,False,True,5,4
HMR_4957,True,False,False,2,0
HMR_4977,False,False,True,2,1
HMR_4979,False,False,True,5,4
HMR_4997,False,False,True,5,4
HMR_4998,False,False,True,3,3
HMR_5006,False,False,True,5,4
HMR_5014,False,False,True,2,2
HMR_5015,False,False,True,5,4
HMR_5016,False,False,False,0,0
HMR_5022,True,False,False,3,0
HMR_5031,False,False,True,5,4
HMR_5033,False,False,True,4,3
HMR_5036,False,False,True,5,2
HMR_5043,False,False,True,5,4
HMR_5046,False,False,True,5,4
HMR_5096,False,False,True,5,4
HMR_5099,False,False,False,0,0
HMR_5101,False,False,False,0,0
HMR_5102,False,False,False,0,0
HMR_5105,True,False,False,2,0
HMR_5107,False,False,False,0,0
HMR_5109,False,False,False,0,0
HMR_5112,False,False,True,3,4
HMR_5113,False,False,True,2,1
HMR_5114,False,False,True,5,4
HMR_5115,False,False,False,0,0
HMR_5116,False,False,False,0,0
HMR_5117,False,False,True,5,4
HMR_5118,False,False,False,0,0
HMR_5121,False,False,True,5,4
HMR_5122,False,False,True,5,3
HMR_5124,False,False,True,5,4
HMR_5125,False,False,False,0,0
HMR_5126,False,False,True,5,4
HMR_5222,False,False,False,0,0
HMR_5225,True,False,False,1,0
HMR_5292,False,False,True,5,4
HMR_5304,False,False,True,4,4
HMR_5348,False,False,True,5,4
HMR_5349,False,False,False,0,0
HMR_5361,False,False,True,5,4
HMR_5411,False,False,True,3,3
HMR_5420,False,False,True,5,4
HMR_5426,False,False,True,4,3
HMR_6276,False,False,True,5,4
HMR_6277,False,False,True,5,4
HMR_6286,False,False,True,3,1
HMR_6287,False,True,False,0,1
HMR_6288,False,True,False,0,1
HMR_6289,False,False,True,2,2
HMR_6290,False,True,False,0,2
HMR_6291,False,False,True,2,2
HMR_6292,False,False,True,2,1
HMR_6293,True,False,False,1,0
HMR_6294,True,False,False,1,0
HMR_6295,False,False,True,1,1
HMR_6296,False,False,False,0,0
HMR_6297,False,False,True,2,2
HMR_6298,False,False,True,5,4
HMR_6299,False,False,False,0,0
HMR_6300,False,False,True,2,2
HMR_6301,False,False,False,0,0
HMR_6302,False,True,False,0,1
HMR_6303,False,False,False,0,0
HMR_6304,True,False,False,3,0
HMR_6305,False,False,False,0,0
HMR_6306,False,False,True,1,2
HMR_6307,False,False,True,2,1
HMR_6308,False,False,False,0,0
HMR_6309,False,False,True,4,4
HMR_6310,False,False,False,0,0
HMR_6311,False,False,True,1,3
HMR_6312,False,False,False,0,0
HMR_6313,True,False,False,2,0
HMR_6314,False,False,False,0,0
HMR_6315,False,False,False,0,0
HMR_6316,False,False,False,0,0
HMR_6317,False,True,False,0,1
HMR_6318,True,False,False,1,0
HMR_6321,False,False,False,0,0
HMR_6323,False,False,False,0,0
HMR_6324,True,False,False,2,0
HMR_6325,False,False,False,0,0
HMR_6326,False,False,False,0,0
HMR_6327,False,False,False,0,0
HMR_6328,False,False,True,5,4
HMR_6330,False,False,False,0,0
HMR_6331,False,False,False,0,0
HMR_6332,False,True,False,0,2
HMR_6333,False,True,False,0,1
HMR_6334,False,False,False,0,0
HMR_6335,False,True,False,0,1
HMR_6336,False,True,False,0,1
HMR_6337,False,True,False,0,1
HMR_6338,False,True,False,0,2
HMR_6339,False,False,True,3,1
HMR_6340,False,True,False,0,1
HMR_6341,False,False,False,0,0
HMR_6342,False,False,False,0,0
HMR_6343,False,True,False,0,1
HMR_6389,False,False,False,0,0
HMR_6391,False,False,True,3,3
HMR_6438,False,False,True,5,4
HMR_6454,False,False,True,5,4
HMR_6469,False,False,True,5,4
HMR_6481,False,False,True,5,4
HMR_6513,False,False,True,5,4
HMR_6521,False,False,True,5,4
HMR_6522,False,False,True,5,3
HMR_6781,False,False,True,4,4
HMR_6890,False,False,True,5,3
HMR_6902,False,False,True,5,4
HMR_7638,False,False,True,3,1
HMR_7708,False,False,True,5,4
HMR_7719,False,False,True,5,4
HMR_7723,False,False,True,1,4
HMR_7757,False,False,True,5,4
HMR_7758,False,False,True,5,4
HMR_7769,False,False,True,5,4
HMR_7804,False,False,True,5,4
HMR_7806,False,False,True,5,4
HMR_7808,False,False,True,5,3
HMR_7810,False,False,True,5,4
HMR_7812,False,False,True,5,4
HMR_7814,False,False,True,5,4
HMR_7815,True,False,False,1,0
HMR_7816,False,False,False,0,0
HMR_7818,False,False,True,4,3
HMR_7820,False,False,True,5,4
HMR_7822,False,False,True,4,4
HMR_7824,False,False,True,4,4
HMR_7825,False,True,False,0,1
HMR_7826,False,False,False,0,0
HMR_7827,False,False,False,0,0
HMR_7828,False,True,False,0,1
HMR_7829,False,False,False,0,0
HMR_7830,False,False,False,0,0
HMR_7831,False,True,False,0,1
HMR_7832,False,True,False,0,1
HMR_7833,False,False,False,0,0
HMR_7834,False,False,False,0,0
HMR_7835,False,True,False,0,1
HMR_7836,False,False,False,0,0
HMR_7837,True,False,False,1,0
HMR_7838,False,False,False,0,0
HMR_7839,False,False,False,0,0
HMR_7840,False,True,False,0,1
HMR_7841,False,False,False,0,0
HMR_7842,False,False,False,0,0
HMR_7843,False,False,False,0,0
HMR_7844,False,True,False,0,1
HMR_7845,False,True,False,0,1
HMR_7846,False,False,False,0,0
HMR_7847,False,False,False,0,0
HMR_7848,True,False,False,1,0
HMR_7849,False,False,True,1,2
HMR_7850,False,True,False,0,2
HMR_7851,False,False,False,0,0
HMR_7852,False,False,True,1,1
HMR_7853,False,True,False,0,1
HMR_7854,False,True,False,0,2
HMR_7914,False,False,True,5,4
HMR_7917,False,False,True,3,4
HMR_7923,False,False,True,2,2
HMR_8000,False,False,True,3,2
HMR_8009,False,False,True,5,4
HMR_8089,False,False,True,5,4
HMR_8093,False,False,True,1,1
HMR_8099,False,False,True,1,1
HMR_8120,False,False,True,5,4
HMR_8122,False,False,True,3,4
HMR_8124,False,False,True,3,4
HMR_8126,False,False,True,4,2
HMR_8128,False,False,True,2,2
HMR_8356,False,False,True,5,4
HMR_8365,False,False,False,0,0
HMR_8411,False,False,True,5,4
HMR_8438,False,False,True,5,4
HMR_8475,False,False,True,4,4
HMR_8505,False,False,True,5,4
HMR_8510,False,False,True,5,4
HMR_8513,False,False,True,3,3
HMR_8528,False,False,True,3,3
HMR_8532,False,False,True,4,4
HMR_8562,False,False,True,5,4
HMR_8614,False,False,True,5,4
HMR_8627,True,False,False,4,0
HMR_8657,False,False,True,4,4
HMR_8680,False,False,False,0,0
HMR_8731,False,False,True,4,4
HMR_8741,False,False,True,4,4
HMR_8742,False,False,True,5,4
HMR_8745,False,False,True,5,4
HMR_8747,False,False,True,3,3
HMR_8776,False,False,True,5,4
HMR_8890,False,False,True,4,4
HMR_8891,False,False,True,5,4
HMR_9194,False,False,True,5,4
HMR_9675,False,False,True,5,4
HMR_9676,False,False,True,4,2
HMR_9677,False,False,True,5,4
HMR_9014,False,False,True,5,4
HMR_0713,False,False,True,5,4
HMR_1104,False,False,True,5,4
HMR_1135,False,False,True,1,2
HMR_1144,False,False,True,5,4
HMR_1172,False,False,True,5,3
HMR_1188,False,False,True,5,4
HMR_1214,False,False,True,5,3
HMR_1242,False,False,True,5,4
HMR_1268,False,False,True,3,2
HMR_1283,False,False,True,5,4
HMR_1286,False,False,True,5,4
HMR_1443,False,False,True,3,2
HMR_2407,False,False,True,5,3
HMR_2509,False,False,True,5,3
HMR_2547,False,False,False,0,0
HMR_2575,False,False,True,5,3
HMR_3007,False,False,True,5,4
HMR_3008,False,False,True,5,4
HMR_3011,False,False,True,5,4
HMR_3013,False,False,True,5,4
HMR_3014,False,False,True,5,4
HMR_3017,False,False,True,5,4
HMR_3018,False,False,True,2,3
HMR_3019,False,False,True,4,3
HMR_3020,False,False,True,5,3
HMR_3021,False,False,True,2,3
HMR_3022,False,False,True,5,4
HMR_3023,False,False,True,5,4
HMR_3024,False,False,True,5,3
HMR_3025,False,False,True,5,3
HMR_3026,False,False,True,4,4
HMR_3473,False,False,True,2,1
HMR_3848,False,False,True,5,4
HMR_3850,False,False,True,5,4
HMR_3867,False,False,True,4,4
HMR_3947,False,False,True,4,3
HMR_3948,False,False,True,3,3
HMR_4393,False,False,True,5,4
HMR_4468,False,False,True,5,4
HMR_4469,False,False,True,4,4
HMR_4647,False,False,True,5,4
HMR_4790,False,False,True,5,4
HMR_4890,False,False,True,5,4
HMR_4900,False,False,True,5,3
HMR_4908,False,False,True,5,4
HMR_4915,False,False,True,4,4
HMR_4924,False,False,True,5,4
HMR_4930,False,False,True,5,4
HMR_4986,False,False,True,5,4
HMR_5344,False,False,True,5,4
HMR_5346,False,False,True,5,4
HMR_5362,False,False,True,5,3
HMR_5414,False,False,True,1,3
HMR_5452,False,False,True,5,4
HMR_5453,False,False,True,4,4
HMR_6986,False,False,True,5,4
HMR_6987,False,False,True,2,3
HMR_7590,False,False,True,5,4
HMR_7596,False,False,True,5,4
HMR_7646,False,False,True,5,4
HMR_7705,False,False,True,5,4
HMR_7707,False,False,True,4,4
HMR_7771,False,False,True,4,2
HMR_7775,False,False,True,4,2
HMR_7777,False,False,True,4,4
HMR_7779,False,False,True,4,4
HMR_7782,False,False,True,5,4
HMR_7783,False,False,True,5,3
HMR_7785,False,False,True,5,3
HMR_7788,False,False,True,5,4
HMR_7790,False,False,True,5,4
HMR_7797,False,False,True,5,4
HMR_8016,False,False,True,5,4
HMR_8020,False,False,True,4,3
HMR_8414,False,False,True,5,4
HMR_8754,False,False,True,5,4
HMR_8860,False,False,True,5,2
HMR_8926,False,False,True,5,4
HMR_9179,False,False,True,5,4
HMR_9678,False,False,True,4,3
HMR_9679,False,False,True,2,3
HMR_9680,False,False,True,5,4
HMR_0984,False,False,True,2,3
HMR_1089,False,False,False,0,0
HMR_1090,False,False,True,4,3
HMR_1094,False,False,True,4,2
HMR_1095,False,False,True,5,4
HMR_2564,False,False,True,4,3
HMR_2585,False,False,True,4,4
HMR_4274,False,False,True,5,3
HMR_4275,False,False,True,5,4
HMR_4277,False,False,True,5,4
HMR_4535,False,False,True,5,4
HMR_4893,False,False,True,5,4
HMR_4904,False,False,True,5,4
HMR_4916,False,False,True,3,2
HMR_5422,False,False,True,5,4
HMR_5423,False,False,True,4,4
HMR_5424,False,False,True,4,4
HMR_6617,False,False,False,0,0
HMR_6619,False,False,True,1,1
HMR_7653,False,False,True,5,4
HMR_7664,False,False,True,4,4
HMR_7665,False,False,True,4,4
HMR_7712,False,False,True,4,3
HMR_7763,False,False,True,4,2
HMR_7764,False,False,True,5,4
HMR_7765,False,False,True,5,4
HMR_7767,False,False,True,5,4
HMR_7773,False,False,True,5,4
HMR_7786,False,False,True,5,3
HMR_7792,False,False,True,5,4
HMR_7795,False,False,True,5,3
HMR_7796,False,False,True,5,4
HMR_7855,False,False,True,3,4
HMR_7856,False,False,True,4,4
HMR_7857,False,False,True,5,3
HMR_7858,False,False,True,5,4
HMR_7859,False,False,True,4,4
HMR_7860,False,False,True,4,3
HMR_7877,False,False,True,3,4
HMR_8024,False,False,True,5,4
HMR_8028,False,False,True,4,4
HMR_8082,False,False,True,5,4
HMR_8361,False,False,True,5,4
HMR_8363,False,False,True,4,3
HMR_8412,False,False,True,5,4
HMR_8447,False,False,True,1,3
HMR_8476,False,False,True,4,3
HMR_8639,False,False,True,5,4
HMR_8789,False,False,True,5,4
HMR_8828,False,False,True,5,4
HMR_8837,False,False,True,5,3
HMR_8838,False,False,True,5,4
HMR_8839,False,False,True,5,4
HMR_8840,False,True,False,0,3
HMR_8841,False,False,True,2,2
HMR_8842,False,False,True,3,1
HMR_8843,False,False,True,5,4
HMR_8844,False,False,True,5,4
HMR_8845,False,False,True,5,3
HMR_8862,False,False,True,5,4
HMR_8868,False,False,True,5,4
HMR_8871,False,False,True,4,4
HMR_8894,False,False,True,2,1
HMR_8909,False,False,True,4,3
HMR_8918,False,False,True,3,4
HMR_9673,False,False,True,3,2
HMR_9674,False,False,True,4,3
HMR_0769,False,False,True,5,4
HMR_0791,False,False,True,4,2
HMR_0796,False,False,True,4,2
HMR_0798,False,False,True,4,3
HMR_0802,False,False,True,4,4
HMR_0831,False,False,False,0,0
HMR_0913,False,False,True,3,2
HMR_0929,True,False,False,5,0
HMR_1917,False,False,True,5,4
HMR_2087,False,False,True,3,2
HMR_2090,False,False,True,4,3
HMR_4887,False,False,True,4,4
HMR_4907,False,False,True,5,4
HMR_4962,False,False,True,4,3
HMR_5047,False,False,True,5,4
HMR_5048,False,False,False,0,0
HMR_5049,False,False,False,0,0
HMR_5050,False,False,False,0,0
HMR_5051,False,False,False,0,0
HMR_5052,False,False,False,0,0
HMR_5053,False,False,False,0,0
HMR_5054,False,False,False,0,0
HMR_5055,False,False,False,0,0
HMR_5056,False,False,False,0,0
HMR_5057,False,False,False,0,0
HMR_5058,False,False,False,0,0
HMR_5059,False,False,False,0,0
HMR_5060,False,False,False,0,0
HMR_5061,False,False,False,0,0
HMR_5062,False,False,False,0,0
HMR_5063,False,False,False,0,0
HMR_5064,False,False,False,0,0
HMR_5065,False,False,False,0,0
HMR_5066,False,False,False,0,0
HMR_5067,True,False,False,2,0
HMR_5197,False,False,False,0,0
HMR_5199,False,False,False,0,0
HMR_5201,False,False,False,0,0
HMR_5204,False,False,False,0,0
HMR_5212,False,False,False,0,0
HMR_5214,False,False,False,0,0
HMR_5217,False,False,False,0,0
HMR_5218,False,False,False,0,0
HMR_5220,False,False,False,0,0
HMR_5224,False,False,False,0,0
HMR_5226,False,False,False,0,0
HMR_5228,False,False,False,0,0
HMR_5230,False,False,False,0,0
HMR_7196,False,False,True,5,4
HMR_7199,False,False,True,5,4
HMR_7224,False,False,True,5,2
HMR_7252,False,False,True,1,3
HMR_7283,False,False,True,5,4
HMR_7374,False,False,True,5,4
HMR_7430,False,False,True,5,4
HMR_7454,False,False,True,5,4
HMR_7470,False,False,True,5,4
HMR_7483,False,False,True,5,4
HMR_7500,False,False,True,5,4
HMR_7512,False,False,True,5,2
HMR_7524,False,False,True,5,4
HMR_7540,False,False,True,5,4
HMR_7556,False,False,True,5,4
HMR_7570,False,False,True,5,4
HMR_7581,False,False,True,5,4
HMR_7584,False,False,True,2,3
HMR_7711,False,False,True,5,4
HMR_7714,False,False,True,3,2
HMR_7715,False,False,True,5,4
HMR_7718,False,False,True,3,3
HMR_7720,False,False,True,5,4
HMR_7722,False,False,True,4,3
HMR_7724,False,False,True,5,4
HMR_7726,False,False,True,2,3
HMR_7727,False,False,True,5,4
HMR_7729,False,False,True,4,2
HMR_7730,False,False,True,5,3
HMR_7732,False,False,True,5,4
HMR_7762,False,False,True,4,3
HMR_7770,False,False,True,5,4
HMR_7799,False,False,True,5,3
HMR_7907,False,False,True,5,4
HMR_7915,False,False,True,5,4
HMR_7918,False,False,True,3,4
HMR_7924,False,False,True,4,4
HMR_7927,False,False,True,3,4
HMR_8118,False,True,False,0,1
HMR_8119,False,False,True,5,4
HMR_8121,False,False,True,3,4
HMR_8123,False,False,True,3,4
HMR_8125,False,False,True,5,3
HMR_8127,False,False,True,4,3
HMR_8131,False,False,True,4,4
HMR_8134,False,False,True,4,4
HMR_8196,False,False,True,2,1
HMR_8200,False,False,True,4,2
HMR_8202,False,False,True,5,4
HMR_8203,False,False,True,4,3
HMR_8208,True,False,False,4,0
HMR_8216,False,False,True,5,3
HMR_8244,False,False,True,5,4
HMR_8370,False,False,True,5,4
HMR_8763,False,False,True,5,4
HMR_8765,False,False,True,5,4
HMR_8858,False,False,True,5,4
HMR_8875,False,False,True,5,4
HMR_8885,False,False,True,3,2
HMR_8887,False,False,True,5,4
HMR_8908,False,False,True,5,4
HMR_9672,False,False,True,4,2
HMR_0612,False,False,False,0,0
HMR_3597,False,False,True,4,3
HMR_4961,False,False,True,5,4
HMR_5045,False,False,True,5,4
HMR_5249,False,False,True,4,3
HMR_5250,False,False,False,0,0
HMR_5251,False,False,False,0,0
HMR_5252,False,False,False,0,0
HMR_5253,False,False,False,0,0
HMR_5255,False,False,False,0,0
HMR_7198,False,False,True,5,4
HMR_7284,False,False,True,5,4
HMR_9738,False,False,False,0,0
HMR_9739,False,False,False,0,0
HMR_9740,False,False,False,0,0
HMR_9741,False,False,False,0,0
HMR_9742,False,False,False,0,0
HMR_9743,False,False,False,0,0
HMR_9744,False,False,False,0,0
HMR_9745,False,False,False,0,0
HMR_9746,False,False,False,0,0
HMR_9747,False,False,False,0,0
HMR_9748,False,False,False,0,0
HMR_9749,False,False,False,0,0
HMR_9750,False,False,False,0,0
HMR_9751,False,False,False,0,0
HMR_9752,False,False,False,0,0
HMR_9753,False,False,False,0,0
HMR_9754,False,False,False,0,0
HMR_9755,False,False,False,0,0
HMR_9756,False,False,False,0,0
HMR_9757,False,False,False,0,0
HMR_9758,False,False,False,0,0
HMR_9759,False,False,False,0,0
HMR_9760,False,False,False,0,0
HMR_9761,False,False,False,0,0
HMR_9762,False,True,False,0,1
HMR_9763,False,False,False,0,0
HMR_9764,False,False,False,0,0
HMR_9765,False,False,False,0,0
HMR_9766,False,False,False,0,0
HMR_9767,False,False,False,0,0
HMR_9768,False,False,False,0,0
HMR_9769,False,False,False,0,0
HMR_9770,False,False,False,0,0
HMR_9771,False,False,False,0,0
HMR_9772,False,False,False,0,0
HMR_9773,False,False,False,0,0
HMR_9774,False,False,False,0,0
HMR_9775,False,False,False,0,0
HMR_9776,False,False,False,0,0
HMR_9777,False,False,False,0,0
HMR_9778,False,False,False,0,0
HMR_9779,False,False,False,0,0
HMR_9780,False,False,False,0,0
HMR_9781,False,False,False,0,0
HMR_9782,False,False,False,0,0
HMR_9783,False,False,False,0,0
HMR_9784,False,False,False,0,0
HMR_9785,False,False,False,0,0
HMR_9786,False,False,False,0,0
HMR_9787,False,False,False,0,0
HMR_9788,False,True,False,0,1
HMR_9789,False,False,False,0,0
HMR_9790,False,False,False,0,0
HMR_9791,False,False,False,0,0
HMR_9792,False,True,False,0,1
HMR_9793,False,False,False,0,0
HMR_9794,False,False,False,0,0
HMR_9795,False,False,False,0,0
HMR_9796,False,False,False,0,0
HMR_0731,True,False,False,2,0
HMR_0732,False,False,True,4,2
HMR_0734,False,False,True,5,3
HMR_0918,False,False,True,5,4
HMR_1916,False,False,True,5,4
HMR_4892,False,False,True,5,4
HMR_4955,False,False,False,0,0
HMR_7201,False,False,True,5,4
HMR_7204,False,False,True,5,4
HMR_7331,False,False,True,5,4
HMR_7431,False,False,True,5,4
HMR_7433,False,False,True,5,4
HMR_7434,False,False,True,5,4
HMR_7437,False,True,False,0,1
HMR_7675,False,False,True,4,4
HMR_7693,False,False,True,5,4
HMR_7733,False,False,True,5,4
HMR_7740,False,False,True,5,4
HMR_7743,False,False,True,5,4
HMR_7793,False,False,True,5,4
HMR_8084,False,False,True,5,4
HMR_8086,False,False,True,5,4
HMR_8145,False,False,True,4,3
HMR_8146,False,False,True,2,2
HMR_8153,False,False,True,4,1
HMR_8157,False,False,True,4,2
HMR_8160,False,True,False,0,1
HMR_8163,False,False,True,2,3
HMR_8193,False,False,True,5,4
HMR_8195,True,False,False,5,0
HMR_8199,False,False,True,5,3
HMR_8205,False,False,True,5,4
HMR_8207,False,False,True,5,3
HMR_8213,False,False,False,0,0
HMR_8215,False,False,True,4,3
HMR_8222,False,False,True,1,1
HMR_8230,False,False,False,0,0
HMR_8232,False,False,False,0,0
HMR_8241,True,False,False,3,0
HMR_8243,False,False,True,5,4
HMR_8252,False,False,True,4,4
HMR_8259,False,False,True,5,4
HMR_8265,False,True,False,0,1
HMR_8269,False,False,True,2,2
HMR_8272,False,False,True,2,3
HMR_8282,False,False,True,4,4
HMR_8289,False,False,False,0,0
HMR_8296,False,True,False,0,1
HMR_8299,False,False,True,2,3
HMR_8303,False,False,True,3,2
HMR_8310,False,False,True,4,2
HMR_8312,False,False,True,2,2
HMR_8314,False,False,True,1,3
HMR_8320,False,False,True,2,4
HMR_8323,False,False,True,3,3
HMR_8328,False,False,False,0,0
HMR_8335,False,False,False,0,0
HMR_8338,False,False,False,0,0
HMR_8496,False,False,True,5,4
HMR_8524,False,False,True,3,4
HMR_8661,False,False,True,3,4
HMR_8793,False,False,True,5,4
HMR_8834,False,False,True,5,4
HMR_8874,False,False,False,0,0
HMR_8880,False,False,True,4,2
HMR_8882,False,False,True,2,1
HMR_8895,False,False,True,2,2
HMR_8897,False,False,True,2,2
HMR_8900,False,True,False,0,1
HMR_8902,False,False,True,2,1
HMR_8904,False,False,False,0,0
HMR_8920,False,False,True,5,4
HMR_9665,False,False,True,3,3
HMR_9666,False,False,True,5,3
HMR_9667,False,False,True,1,3
HMR_9668,False,False,True,3,2
HMR_9669,False,False,True,2,2
HMR_9670,False,False,True,3,3
HMR_9671,False,False,True,2,3
HMR_7182,False,False,True,1,1
HMR_7330,False,False,False,0,0
HMR_7432,False,False,True,5,4
HMR_7307,False,False,True,5,4
HMR_0020,False,False,True,5,3
HMR_0461,False,False,True,5,4
HMR_0462,False,False,True,1,1
HMR_0464,False,False,True,5,2
HMR_0466,False,False,True,1,1
HMR_0467,False,False,False,0,0
HMR_0730,False,False,True,5,4
HMR_0768,False,False,True,4,2
HMR_0771,False,False,True,5,3
HMR_0966,False,False,False,0,0
HMR_1035,False,False,True,5,4
HMR_1143,False,False,True,5,4
HMR_1189,False,False,True,5,4
HMR_1240,False,False,True,3,1
HMR_1252,False,False,True,1,1
HMR_1269,False,False,True,3,1
HMR_1306,False,False,False,0,0
HMR_1309,False,False,True,4,3
HMR_1311,False,False,True,4,4
HMR_1316,False,False,True,4,4
HMR_1331,False,False,True,1,4
HMR_1392,False,False,True,3,3
HMR_1530,False,False,True,4,3
HMR_1672,False,False,True,5,3
HMR_1937,False,False,True,3,1
HMR_1998,False,False,True,2,4
HMR_2039,False,False,True,4,3
HMR_2554,False,False,True,3,1
HMR_2569,False,False,True,4,4
HMR_2777,False,False,True,4,4
HMR_3953,False,False,True,3,2
HMR_4123,False,False,True,5,4
HMR_4765,False,False,True,5,4
HMR_4846,False,False,True,4,4
HMR_4856,False,False,True,5,4
HMR_4876,False,False,True,5,4
HMR_4877,False,False,True,5,4
HMR_4878,False,False,True,4,3
HMR_4879,False,False,True,4,4
HMR_4880,False,False,True,5,4
HMR_4881,False,False,True,5,4
HMR_4883,False,False,True,4,3
HMR_4894,False,False,True,5,4
HMR_4906,False,False,True,5,4
HMR_4913,False,False,True,5,4
HMR_4917,False,False,True,5,4
HMR_4941,False,False,True,5,4
HMR_4942,False,False,True,5,4
HMR_4960,False,False,True,4,3
HMR_5004,False,False,True,5,3
HMR_5012,False,False,True,5,4
HMR_5027,False,False,True,4,3
HMR_5203,False,False,False,0,0
HMR_5205,False,False,False,0,0
HMR_5211,False,False,False,0,0
HMR_5245,False,False,False,0,0
HMR_5342,False,False,True,5,4
HMR_5347,False,False,True,1,4
HMR_5354,False,False,True,5,4
HMR_6385,False,False,True,2,3
HMR_6386,False,False,True,3,1
HMR_6387,False,False,True,5,3
HMR_6388,False,False,True,4,4
HMR_6463,False,False,True,5,4
HMR_6468,False,False,True,5,4
HMR_6475,False,False,True,5,4
HMR_6480,False,False,True,5,4
HMR_6629,False,False,True,5,4
HMR_7257,False,False,True,5,4
HMR_7262,False,False,True,1,3
HMR_7272,False,False,True,5,4
HMR_7273,False,False,True,5,4
HMR_7649,False,False,False,0,0
HMR_7766,False,False,True,5,1
HMR_7768,False,False,True,5,4
HMR_7772,True,False,False,1,0
HMR_7776,True,False,False,1,0
HMR_7778,False,False,True,4,2
HMR_7780,False,False,True,4,2
HMR_7789,False,False,True,5,4
HMR_7791,False,False,True,5,4
HMR_7929,False,True,False,0,1
HMR_7933,False,False,False,0,0
HMR_7944,False,True,False,0,1
HMR_7947,False,False,True,1,2
HMR_7949,False,False,False,0,0
HMR_7953,False,False,True,3,1
HMR_7956,False,False,True,3,3
HMR_7960,False,False,True,4,2
HMR_7963,False,False,False,0,0
HMR_7966,False,True,False,0,1
HMR_7969,False,False,True,1,2
HMR_7983,False,False,False,0,0
HMR_7985,False,False,True,1,3
HMR_7988,False,False,False,0,0
HMR_7989,False,False,False,0,0
HMR_8030,False,False,True,2,2
HMR_8234,False,False,True,1,2
HMR_8236,False,False,True,2,2
HMR_8239,False,False,True,1,1
HMR_8347,False,False,True,4,3
HMR_8350,False,False,True,5,4
HMR_8351,False,False,True,4,3
HMR_8358,False,False,True,5,4
HMR_8526,False,False,True,3,2
HMR_8553,False,False,True,1,2
HMR_8594,False,False,True,5,3
HMR_8715,False,False,True,5,4
HMR_8716,False,True,False,0,2
HMR_8719,False,True,False,0,1
HMR_8722,False,False,True,1,1
HMR_8737,False,False,True,4,1
HMR_8851,False,True,False,0,1
HMR_8855,False,False,True,4,2
HMR_8859,False,False,True,3,4
HMR_8886,False,False,True,4,4
HMR_8888,False,False,True,3,4
HMR_8906,False,False,False,0,0
HMR_8914,False,False,True,3,1
HMR_8915,False,False,True,5,4
HMR_8919,False,False,True,5,4
HMR_9177,False,False,False,0,0
HMR_9626,False,False,True,5,4
HMR_9627,False,False,True,5,4
HMR_9628,False,False,True,1,4
HMR_9634,False,False,True,5,4
HMR_9716,True,False,False,1,0
HMR_9724,False,False,True,5,3
HMR_9808,False,False,False,0,0
HMR_9809,False,False,True,3,2
HMR_9810,False,False,False,0,0
HMR_9811,False,False,False,0,0
HMR_9812,False,False,False,0,0
HMR_9813,False,True,False,0,1
HMR_9814,False,True,False,0,2
HMR_9815,False,False,False,0,0
HMR_9816,False,False,False,0,0
HMR_9034,False,False,True,5,4
HMR_9035,False,False,True,5,4
HMR_9036,False,False,True,5,4
HMR_9038,False,False,True,5,4
HMR_9039,False,False,True,5,4
HMR_9040,False,False,True,5,4
HMR_9041,False,False,True,5,4
HMR_9042,False,False,True,5,4
HMR_9043,False,False,True,5,4
HMR_9044,False,False,True,5,4
HMR_9045,False,False,True,5,4
HMR_9046,False,False,True,5,4
HMR_9047,False,False,True,5,4
HMR_9048,False,False,True,5,4
HMR_9050,False,False,False,0,0
HMR_9053,False,False,False,0,0
HMR_9054,False,False,False,0,0
HMR_9056,False,False,False,0,0
HMR_9058,False,False,True,5,4
HMR_9061,False,False,True,5,4
HMR_9062,False,False,True,5,4
HMR_9063,False,False,True,5,4
HMR_9064,False,False,True,5,4
HMR_9065,False,False,True,5,4
HMR_9066,False,False,True,5,4
HMR_9067,False,False,True,5,3
HMR_9068,False,False,True,4,4
HMR_9069,False,False,True,5,4
HMR_9070,False,False,True,4,3
HMR_9071,False,False,True,5,4
HMR_9072,False,False,True,5,4
HMR_9073,False,False,True,5,4
HMR_9074,False,False,True,5,4
HMR_9075,False,False,True,1,2
HMR_9076,False,False,True,5,4
HMR_9078,False,False,True,5,4
HMR_9079,False,False,True,5,4
HMR_9083,False,False,True,5,4
HMR_9084,False,True,False,0,1
HMR_9085,False,False,False,0,0
HMR_9086,False,False,True,1,2
HMR_9087,False,False,True,3,3
HMR_9088,False,False,False,0,0
HMR_9089,False,False,False,0,0
HMR_9090,False,False,False,0,0
HMR_9091,False,False,False,0,0
HMR_9092,False,False,False,0,0
HMR_9093,False,False,False,0,0
HMR_9094,False,False,False,0,0
HMR_9095,False,False,False,0,0
HMR_9096,False,False,True,3,3
HMR_9098,False,False,True,3,3
HMR_9102,False,False,False,0,0
HMR_9103,False,False,False,0,0
HMR_9104,False,False,False,0,0
HMR_9105,False,False,False,0,0
HMR_9106,False,False,False,0,0
HMR_9107,False,False,False,0,0
HMR_9108,False,False,False,0,0
HMR_9109,False,False,True,5,4
HMR_9111,False,False,False,0,0
HMR_9113,False,False,False,0,0
HMR_9114,False,False,False,0,0
HMR_9115,False,False,False,0,0
HMR_9116,False,False,False,0,0
HMR_9117,False,False,False,0,0
HMR_9118,False,False,False,0,0
HMR_9119,False,False,False,0,0
HMR_9120,False,False,False,0,0
HMR_9121,False,False,False,0,0
HMR_9122,False,False,False,0,0
HMR_9123,False,False,False,0,0
HMR_9124,False,False,False,0,0
HMR_9125,False,False,False,0,0
HMR_9126,False,False,False,0,0
HMR_9127,False,False,False,0,0
HMR_9128,False,False,False,0,0
HMR_9129,False,False,False,0,0
HMR_9130,False,False,False,0,0
HMR_9131,False,False,True,5,4
HMR_9132,False,True,False,0,1
HMR_9133,False,True,False,0,1
HMR_9134,False,False,False,0,0
HMR_9135,False,False,True,5,2
HMR_9137,True,False,False,2,0
HMR_9138,False,False,False,0,0
HMR_9139,False,True,False,0,1
HMR_9140,False,False,False,0,0
HMR_9141,False,False,False,0,0
HMR_9142,False,True,False,0,1
HMR_9143,False,False,True,5,4
HMR_9144,False,False,True,5,4
HMR_9145,False,False,True,5,4
HMR_9146,False,False,True,5,4
HMR_9151,False,False,True,5,4
HMR_9153,False,False,True,5,4
HMR_9159,False,False,True,5,4
HMR_9163,False,False,False,0,0
HMR_9165,False,False,False,0,0
HMR_9167,False,False,True,5,4
HMR_9171,False,False,False,0,0
HMR_9172,False,False,False,0,0
HMR_9201,False,True,False,0,1
HMR_9203,False,False,False,0,0
HMR_9209,False,False,False,0,0
HMR_9210,False,False,False,0,0
HMR_9212,False,False,False,0,0
HMR_9215,False,False,False,0,0
HMR_9216,False,True,False,0,1
HMR_9217,False,False,False,0,0
HMR_9218,False,False,False,0,0
HMR_9219,False,False,False,0,0
HMR_9220,False,False,False,0,0
HMR_9221,False,False,False,0,0
HMR_9222,False,False,False,0,0
HMR_9224,False,False,False,0,0
HMR_9225,False,False,False,0,0
HMR_9228,False,False,False,0,0
HMR_9229,False,False,False,0,0
HMR_9230,False,False,False,0,0
HMR_9231,False,False,False,0,0
HMR_9234,False,False,True,4,3
HMR_9237,False,False,False,0,0
HMR_9241,True,False,False,2,0
HMR_9242,False,False,True,3,3
HMR_9243,False,False,False,0,0
HMR_9244,False,False,False,0,0
HMR_9245,False,False,False,0,0
HMR_9247,False,False,False,0,0
HMR_9248,False,False,False,0,0
HMR_9249,False,False,False,0,0
HMR_9250,False,False,False,0,0
HMR_9251,False,False,False,0,0
HMR_9252,False,False,False,0,0
HMR_9253,False,False,False,0,0
HMR_9254,False,False,False,0,0
HMR_9255,False,False,False,0,0
HMR_9256,False,False,False,0,0
HMR_9258,False,False,False,0,0
HMR_9259,False,True,False,0,1
HMR_9260,False,False,False,0,0
HMR_9261,False,False,False,0,0
HMR_9262,False,False,False,0,0
HMR_9263,False,False,False,0,0
HMR_9264,False,False,False,0,0
HMR_9268,False,False,False,0,0
HMR_9269,False,False,True,5,4
HMR_9271,False,False,False,0,0
HMR_9272,False,False,False,0,0
HMR_9273,False,False,False,0,0
HMR_9275,False,False,False,0,0
HMR_9279,False,False,False,0,0
HMR_9280,False,False,False,0,0
HMR_9281,False,False,False,0,0
HMR_9282,False,False,False,0,0
HMR_9283,False,False,False,0,0
HMR_9284,False,False,False,0,0
HMR_9285,False,False,False,0,0
HMR_9287,False,False,False,0,0
HMR_9288,False,False,False,0,0
HMR_9290,False,False,False,0,0
HMR_9292,False,False,False,0,0
HMR_9293,False,False,False,0,0
HMR_9294,False,False,False,0,0
HMR_9295,False,False,False,0,0
HMR_9296,False,False,False,0,0
HMR_9297,False,False,False,0,0
HMR_9300,False,False,False,0,0
HMR_9302,False,False,False,0,0
HMR_9304,False,False,False,0,0
HMR_9305,False,False,False,0,0
HMR_9308,False,False,False,0,0
HMR_9309,False,False,False,0,0
HMR_9310,False,False,False,0,0
HMR_9314,False,False,False,0,0
HMR_9315,False,False,False,0,0
HMR_9316,False,False,False,0,0
HMR_9317,False,False,False,0,0
HMR_9318,False,False,True,4,4
HMR_9319,False,False,False,0,0
HMR_9320,False,False,False,0,0
HMR_9321,False,False,False,0,0
HMR_9322,False,False,False,0,0
HMR_9323,False,False,False,0,0
HMR_9324,False,False,False,0,0
HMR_9325,False,False,False,0,0
HMR_9326,False,False,False,0,0
HMR_9327,False,False,False,0,0
HMR_9328,False,False,False,0,0
HMR_9329,False,False,False,0,0
HMR_9330,False,False,False,0,0
HMR_9331,False,False,False,0,0
HMR_9332,False,False,False,0,0
HMR_9333,False,False,False,0,0
HMR_9334,False,False,False,0,0
HMR_9335,False,False,False,0,0
HMR_9336,False,False,False,0,0
HMR_9337,False,False,False,0,0
HMR_9338,False,True,False,0,1
HMR_9339,False,False,False,0,0
HMR_9341,True,False,False,1,0
HMR_9342,False,True,False,0,3
HMR_9344,False,False,False,0,0
HMR_9345,False,False,False,0,0
HMR_9346,False,False,False,0,0
HMR_9347,False,False,False,0,0
HMR_9348,False,False,False,0,0
HMR_9349,False,False,False,0,0
HMR_9350,False,False,False,0,0
HMR_9351,False,False,False,0,0
HMR_9353,False,False,False,0,0
HMR_9354,False,False,False,0,0
HMR_9355,False,False,False,0,0
HMR_9358,False,False,True,5,4
HMR_9360,False,False,False,0,0
HMR_9361,False,False,True,5,4
HMR_9362,False,False,False,0,0
HMR_9364,False,False,False,0,0
HMR_9365,False,False,False,0,0
HMR_9366,False,False,False,0,0
HMR_9367,False,False,False,0,0
HMR_9368,False,False,False,0,0
HMR_9373,False,False,False,0,0
HMR_9374,False,False,False,0,0
HMR_9375,False,False,False,0,0
HMR_9376,False,False,False,0,0
HMR_9378,False,False,True,5,4
HMR_9381,False,False,True,2,3
HMR_9382,False,False,False,0,0
HMR_9383,False,False,False,0,0
HMR_9384,False,False,False,0,0
HMR_9385,False,False,False,0,0
HMR_9386,False,False,True,4,3
HMR_9389,False,False,False,0,0
HMR_9391,False,False,False,0,0
HMR_9393,False,False,False,0,0
HMR_9395,False,False,False,0,0
HMR_9396,False,False,False,0,0
HMR_9397,False,False,False,0,0
HMR_9398,False,False,False,0,0
HMR_9400,False,False,False,0,0
HMR_9401,True,False,False,1,0
HMR_9404,False,False,True,5,4
HMR_9405,False,False,False,0,0
HMR_9406,True,False,False,1,0
HMR_9408,False,False,False,0,0
HMR_9409,False,False,False,0,0
HMR_9410,False,False,False,0,0
HMR_9411,False,False,False,0,0
HMR_9412,False,False,False,0,0
HMR_9418,False,False,False,0,0
HMR_9421,False,False,True,2,2
HMR_9422,False,False,True,3,3
HMR_9423,False,False,True,5,4
HMR_9429,False,False,False,0,0
HMR_9430,False,False,False,0,0
HMR_9431,False,False,False,0,0
HMR_9432,False,False,False,0,0
HMR_9433,False,False,False,0,0
HMR_9434,False,False,False,0,0
HMR_9435,False,False,False,0,0
HMR_9436,False,False,False,0,0
HMR_9437,False,False,False,0,0
HMR_9438,False,False,True,4,3
HMR_9439,False,False,False,0,0
HMR_9440,False,False,False,0,0
HMR_9442,False,False,False,0,0
HMR_9443,False,False,False,0,0
HMR_9444,False,False,False,0,0
HMR_9445,False,False,False,0,0
HMR_9446,False,False,False,0,0
HMR_9449,False,False,False,0,0
HMR_9452,False,False,False,0,0
HMR_9460,False,False,False,0,0
HMR_9461,False,False,False,0,0
HMR_9463,False,False,False,0,0
HMR_9681,False,False,True,5,1
HMR_9683,False,False,False,0,0
HMR_9684,False,False,False,0,0
HMR_9685,False,False,True,4,2
HMR_9686,False,False,False,0,0
HMR_9687,False,False,False,0,0
HMR_9688,False,False,False,0,0
HMR_9689,False,False,False,0,0
HMR_9690,False,False,False,0,0
HMR_9691,False,False,False,0,0
HMR_9692,False,False,False,0,0
HMR_9693,False,False,False,0,0
HMR_9694,False,False,True,3,2
HMR_9695,False,False,False,0,0
HMR_9696,False,False,False,0,0
HMR_9697,False,False,False,0,0
HMR_9698,False,False,False,0,0
HMR_9699,False,False,False,0,0
HMR_9700,False,False,False,0,0
HMR_9701,True,False,False,1,0
HMR_9702,False,False,False,0,0
HMR_9706,False,False,False,0,0
HMR_9707,False,False,False,0,0
HMR_9708,False,False,False,0,0
HMR_9709,False,False,False,0,0
HMR_9710,False,False,False,0,0
HMR_9711,False,False,False,0,0
HMR_9713,False,False,False,0,0
HMR_9715,False,False,False,0,0
HMR_9721,False,False,False,0,0
HMR_9729,False,False,False,0,0
HMR_9730,False,False,False,0,0
HMR_9725,False,False,True,5,3
HMR_0031,False,False,True,5,4
HMR_0032,False,False,True,5,4
arachidonates,False,False,False,0,0
10FTHFtm,False,False,True,4,4
13DAMPPOX,False,False,True,5,4
34HPLFM,False,False,True,4,3
3DPHBH1,False,True,False,0,4
3MOBt2im,False,False,True,2,2
4HBZCOAFm,False,False,True,2,2
4HBZFm,False,False,True,2,2
5FTHFt2,False,False,True,5,4
5HTRPVESSEC,False,True,False,0,1
5MTHFt2,False,False,True,5,4
7DHCHSTEROLtr,False,False,True,5,1
ACACtx,False,False,True,3,3
ACCOAtr,False,False,True,4,4
ACHVESSEC,False,False,False,0,0
ACOX22x,False,False,True,5,3
ACRNtm,False,False,True,5,4
ACt2m,False,False,True,5,4
ADRNCOAtx,False,False,True,5,4
ADRNCRNt,False,False,True,5,4
ADRNLPVESSEC,False,False,False,0,0
ALAt2rL,False,False,True,5,4
ALDD21,False,False,True,5,4
AMACR2p,True,False,False,4,0
APOCFm,False,False,True,4,1
APOC_LYS_BTNPm,False,False,True,4,1
ARACHCOAtx,False,False,True,3,1
ARACHCRNt,False,False,True,5,4
ARACHDCOAtx,False,False,True,4,4
ARACHDtr,False,False,True,3,3
ARGtm,False,False,True,5,4
ATPasel,False,False,True,4,3
B3GNT312g,True,False,False,1,0
B3GNT314g,False,False,False,0,0
BAAT1x,False,True,False,0,1
BAAT3x,False,False,False,0,0
BAAT4x,False,False,True,1,1
BACCLm,False,False,True,4,1
BALAVECSEC,False,False,False,0,0
BILDGLCURtr,False,False,True,4,4
BILGLCURtr,False,False,True,5,4
BTNDm,False,False,True,4,1
BTNPLm,False,False,True,4,1
BTNt3i,False,False,False,0,0
BTNt4i,False,False,True,2,4
BUP2,False,False,True,3,2
BUTt2m,False,False,True,5,4
C14STRr,False,False,True,3,2
C160CRNt,False,False,True,5,4
C161CPT12,False,False,True,5,4
C161CPT22,True,False,False,5,0
C161CRN2t,False,False,True,5,4
C161CRNt,False,False,True,4,4
C180CRNt,False,False,True,5,4
C181CPT1,False,False,True,5,4
C181CPT2,True,False,False,5,0
C181CRNt,False,False,True,4,4
C204CRNt,False,False,True,5,4
C226CRNt,False,False,True,5,4
C3STDH1Pr,False,False,True,5,4
C3STDH1r,False,False,True,5,4
C3STKR2r,False,False,True,5,4
C4STMO1r,False,False,True,5,4
C4STMO2Pr,False,False,True,5,4
C4STMO2r,False,False,True,5,4
CAATPS,False,False,True,4,4
CDPDAGtm,False,False,True,3,4
CDS,False,False,True,5,4
CDSm,False,False,True,3,4
CHSTEROLt2,False,False,True,4,3
CITRtm,False,False,True,3,3
CITtam,False,False,True,5,4
CLOHtex2,False,False,True,1,1
CLPNDCOAtx,False,False,True,5,4
CLPNDCRNt,False,False,True,5,4
CLS_hs,False,False,True,3,3
COQ3m,True,False,False,1,0
COQ5m,True,False,False,1,0
COQ6m,True,False,False,1,0
COQ7m,True,False,False,1,0
COUCOAFm,False,False,True,2,2
CRMPte,False,False,False,0,0
CRNtHa,True,False,False,1,0
CRNtx,False,False,True,1,2
DAGKn_hs,False,False,True,4,3
DAGt,False,False,False,0,0
DCSPTN1CRNt,False,False,True,5,4
DESAT16_2,False,False,False,0,0
DESAT18_10,False,False,True,5,3
DESAT18_3,False,False,True,3,1
DESAT18_4,False,False,True,5,4
DESAT18_5,False,False,False,0,0
DESAT18_6,False,False,True,5,3
DESAT18_7,False,False,True,5,3
DESAT18_8,False,False,True,5,4
DESAT18_9,False,False,True,5,4
DESAT20_1,False,False,True,4,4
DESAT20_2,False,False,True,4,4
DESAT22_1p,False,False,False,0,0
DESAT22_2p,False,False,False,0,0
DGCHOLte,False,False,True,5,4
DGCHOLtx,False,True,False,0,1
DHCHOLESTANATEtm,False,False,True,1,1
DHCR243r,False,False,True,5,4
DHCR71r,False,False,True,5,4
DHCR72r,False,False,True,4,1
DHFtm,False,False,True,4,4
DKMPPD,False,False,False,0,0
DLNLCGCRNt,False,False,True,5,4
DMATTx,False,False,True,5,4
DMHPTCRNt,False,False,True,5,4
DMNONCRNt,False,False,True,4,3
DOLGLCP_Lter,False,False,True,5,2
DOLICHOL_Uter,False,True,False,0,3
DOPAVESSEC,False,False,False,0,0
DPMVDx,False,False,True,5,4
EBP1r,False,False,True,5,4
EBP2r,False,False,True,5,4
EICOSTETCRNt,False,False,True,5,4
ELAIDCPT1,False,False,True,5,4
ELAIDCPT2,False,False,True,5,4
ELAIDCRNt,False,False,True,5,4
ETF,False,False,True,5,4
ETFQO,False,False,True,5,4
EX_9_cis_retfa[e],False,False,False,0,0
EX_adrn[e],False,False,False,0,0
EX_arach[e],False,False,False,0,0
EX_arachd[e],False,False,False,0,0
EX_atp[e],False,False,False,0,0
EX_clpnd[e],False,False,False,0,0
EX_crmp_hs[e],False,False,False,0,0
EX_crvnc[e],False,False,False,0,0
EX_dag_hs[e],False,False,False,0,0
EX_dcsptn1[e],False,False,False,0,0
EX_dlnlcg[e],False,False,False,0,0
EX_eicostet[e],False,False,False,0,0
EX_elaid[e],False,False,False,0,0
EX_fucfuc12gal14acglcgalgluside_hs[e],False,False,False,0,0
EX_fucfucgalacglcgalgluside_hs[e],False,False,False,0,0
EX_glyc_S[e],False,False,True,2,1
EX_hdca[e],False,False,False,0,0
EX_hdcea[e],False,False,False,0,0
EX_hexc[e],False,False,False,0,0
EX_hista[e],True,False,False,1,0
EX_hpdca[e],False,False,False,0,0
EX_lgnc[e],False,False,False,0,0
EX_lneldc[e],False,False,False,0,0
EX_lnlncg[e],False,False,False,0,0
EX_lpchol_hs[e],False,False,False,0,0
EX_mag_hs[e],False,False,False,0,0
EX_nrvnc[e],False,False,False,0,0
EX_ocdca[e],False,False,False,0,0
EX_ocdcea[e],False,False,False,0,0
EX_pchol_hs[e],False,False,False,0,0
EX_pe_hs[e],False,False,False,0,0
EX_pglyc_hs[e],False,False,False,0,0
EX_ps_hs[e],False,False,False,0,0
EX_ptdca[e],False,False,False,0,0
EX_retfa[e],False,False,False,0,0
EX_strdnc[e],False,False,False,0,0
EX_tethex3[e],False,False,False,0,0
EX_tetpent3[e],False,False,False,0,0
EX_tetpent6[e],False,False,False,0,0
EX_tettet6[e],False,False,False,0,0
EX_tmndnc[e],False,False,False,0,0
EX_ttdca[e],False,False,False,0,0
EX_vacc[e],False,False,False,0,0
EX_xolest2_hs[e],False,False,False,0,0
EX_xoltri24[e],False,False,False,0,0
EX_xoltri25[e],False,False,False,0,0
EX_xoltri27[e],False,False,False,0,0
FACOAL1813,False,False,True,5,4
FACOAL191,False,False,True,4,3
FACOAL40im,False,False,False,0,0
FAEL183,False,False,True,5,4
FAEL184,False,False,True,5,4
FAEL204,False,False,True,5,4
FAEL205,False,False,True,5,4
FAOXC140,False,False,True,5,4
FAOXC150m,False,False,True,4,3
FAOXC160,False,False,True,5,3
FAOXC16080m,False,False,True,5,4
FAOXC16080x,False,False,True,4,2
FAOXC161802m,False,False,True,5,4
FAOXC16180m,False,False,True,5,4
FAOXC170m,False,False,True,2,1
FAOXC180,False,False,True,5,4
FAOXC180x,False,False,True,5,4
FAOXC1811601m,False,False,True,5,4
FAOXC1811602m,False,False,True,5,4
FAOXC1811603m,False,False,True,5,4
FAOXC182806m,False,False,True,5,4
FAOXC18280m,False,False,True,5,4
FAOXC183803m,False,False,True,5,4
FAOXC183806m,False,False,True,5,4
FAOXC18480m,False,False,True,5,4
FAOXC18480x,False,False,True,5,4
FAOXC200180m,False,False,True,5,4
FAOXC200180x,False,False,True,5,4
FAOXC2031836m,False,False,True,5,4
FAOXC204,False,False,True,5,4
FAOXC204184m,False,False,True,5,4
FAOXC2051843m,False,False,True,5,4
FAOXC2051843x,False,False,True,5,4
FAOXC2242046m,False,False,True,5,4
FAOXC2242046x,False,False,True,5,4
FAOXC2252053m,False,False,True,5,4
FAOXC2252053x,False,False,True,5,4
FAOXC226205m,False,False,True,5,4
FAOXC226205x,False,False,True,5,4
FAOXC240200x,False,False,True,5,4
FAOXC241181x,False,False,True,5,4
FAOXC2442246x,False,False,True,5,3
FAOXC2452253x,False,False,True,5,3
FAOXC2452256x,False,False,True,5,3
FAOXC246226x,False,False,True,5,3
FAOXC260240x,False,False,True,5,4
FAOXC80,False,False,True,5,4
FAS100COA,False,False,True,3,1
FAS120COA,False,False,True,3,4
FAS140COA,False,False,True,5,4
FAS160COA,False,True,False,0,1
FAS180COA,False,False,False,0,0
FAS80COA_L,False,False,True,5,4
FCLTm,False,False,True,5,1
FE2tm,False,False,False,0,0
FOLt2,False,False,True,5,4
FRDPtc,False,False,True,5,4
FRDPtr,False,False,True,5,4
FUCFUC12GAL14ACGLCGALGLUSIDEte,False,False,False,0,0
FUCFUC12GAL14ACGLCGALGLUSIDEtg,False,False,False,0,0
FUCFUCGALACGLCGALGLUSIDEte,False,False,False,0,0
FUCFUCGALACGLCGALGLUSIDEtg,False,True,False,0,1
FUT18g,False,False,False,0,0
FUT34g,True,False,False,1,0
FUT93g,False,False,False,0,0
G3PD2m,False,False,True,2,3
GABAVESSEC,False,False,False,0,0
GALFUCGALACGLCGAL14ACGLCGALGLUSIDEtg,False,False,False,0,0
GALGLUSIDEtg,False,False,True,2,2
GALGLUSIDEtl,False,False,True,2,2
GALGT1,True,False,False,2,0
GALNTg,False,False,True,5,4
GCHOLAte,False,False,True,3,4
GCHOLAtx,False,True,False,0,1
GDPtg,False,False,True,5,4
GLCMter,False,False,True,2,2
GLCt2_2,False,False,True,5,4
GLDBRAN,False,False,True,5,4
GLNtm,False,False,True,5,4
GLYC_St,False,False,True,5,4
GLYt2rL,False,False,True,5,4
GLYVESSEC,False,False,False,0,0
GRTTx,False,False,True,5,4
HDCAter,False,False,True,1,3
HDD2COAtx,False,False,True,1,4
HISTAVESSEC,False,False,False,0,0
HKt,False,False,False,0,0
HMGCOAtx,False,False,True,5,3
HMGLx,False,False,True,5,4
HOXG,False,False,True,5,4
HPDCACRNt,False,False,True,5,4
HPYRR2x,False,False,True,5,4
HSD17B42x,False,False,True,5,4
HSD17B4x,False,False,True,1,1
HSD17B7r,False,False,False,0,0
Htr,False,False,True,5,4
Htx,False,False,True,4,4
ILEt5m,False,False,True,5,4
IPDDIx,False,False,True,5,4
KAS8,False,False,False,0,0
LCAT1e,False,False,True,5,4
LCTStg,False,False,True,5,4
LEUt5m,False,False,True,5,4
L_LACtcm,False,False,True,2,2
LNELDCCRNt,False,False,True,5,4
LNLCCRNt,False,False,True,5,4
LNLNCACPT1,False,False,True,5,4
LNLNCACPT2,True,False,False,5,0
LNLNCACRNt,True,False,False,5,0
LNLNCGCRNt,False,False,True,5,4
LNS14DM,False,True,False,0,2
LNSTLSr,False,False,True,5,4
LPCHOLt,False,False,True,5,4
LRAT,False,False,False,0,0
LRAT1,False,False,True,5,4
LRAT2,False,False,False,0,0
LSTO1r,False,False,True,5,4
LSTO2r,True,False,False,1,0
MAGt,False,False,False,0,0
MAOX,False,False,True,5,4
MEPIVESSte,False,False,False,0,0
MEVK1x,False,False,True,5,4
NAGA2ly,False,False,True,5,4
NAHCO3_HCLt,False,False,True,5,4
NAt,False,False,True,5,4
NAt5,False,False,True,5,4
NCNt,False,False,True,3,4
NH4t3r,False,False,False,0,0
NMNATr,True,False,False,1,0
NRPPHRVESSEC,False,False,False,0,0
OCCOAtx,False,False,True,4,3
ODECOAtx,False,False,True,5,3
OXAtp,False,False,False,0,0
P45027A15m,False,False,True,5,4
P45039A1r,True,False,False,1,0
P45046A1r,True,False,False,1,0
P4507B12r,False,False,False,0,0
P450LTB4r,False,False,False,0,0
P450SCC1m,False,False,True,2,1
PA_HStn,False,False,True,4,4
PCFLOPm,True,False,False,2,0
PCHOLPm_hs,False,False,True,3,3
PCRNtc,False,False,True,4,2
PCRNtm,False,False,True,4,4
PEFLIP,False,False,True,2,3
PEFLIPm,False,False,True,1,2
PEPLYStn,False,False,True,5,4
PEt,False,False,True,2,3
PETOHMm_hs,False,False,True,5,3
PETOHMr_hs,True,False,False,5,0
PGLYCt,False,False,True,3,2
PGPP_hs,True,False,False,5,0
PGPPT,False,False,True,5,4
PHETA1m,False,False,True,5,4
PIter,False,False,True,5,4
PItx,False,False,True,5,4
PMEVKx,False,False,True,5,4
PMTCOAtx,False,False,True,4,4
PNTOt5,False,False,False,0,0
PPAt,False,False,True,2,3
PPAtm,False,False,False,0,0
PPPGOm,True,False,False,3,0
PRISTANALtx,False,False,True,5,4
PRISTCOAtx,False,False,True,2,2
PRISTtx,False,False,True,5,4
PROt2rL,False,False,True,5,4
PROtm,False,False,False,0,0
PSDm_hs,False,False,True,3,2
PSFLIP,False,False,True,1,2
PSFLIPm,False,False,True,3,2
PSt3,False,False,True,2,2
PTDCACRNt,False,False,True,5,4
PTE3x,False,False,True,5,3
PTE4x,False,False,True,5,3
RDH2a,False,False,True,5,3
RETFAt,False,False,False,0,0
RETFAt1,False,False,False,0,0
RIBt2,False,True,False,0,1
SCP2x,False,False,False,0,0
Ser_Thrtg,False,False,True,5,4
SQLEr,False,False,True,5,4
SQLSr,False,False,True,5,4
STCOAtx,False,False,True,3,2
STRDNCCRNt,False,False,True,5,4
T4HCINNMFM,False,False,True,3,3
TAGt,False,False,False,0,0
TCHOLAte,False,False,True,3,4
TCHOLAtx,False,False,False,0,0
TDCHOLAte,False,False,True,2,4
TDCHOLAtx,True,False,False,1,0
TETPENT3CPT2,True,False,False,5,0
TETPENT3CRNt,True,False,False,5,0
TETPENT6CPT2,True,False,False,5,0
TETPENT6CRNt,True,False,False,5,0
TETTET6CPT2,True,False,False,5,0
TETTET6CRNt,True,False,False,5,0
THCHOLSTOICtm,False,False,True,4,4
THFt2,False,False,True,5,4
THMMPt4,False,False,True,5,3
THMMPtm,False,False,True,5,4
THMPPtm,False,False,True,2,2
THMTPt,False,False,True,2,2
TMNDNCCOAtx,False,False,True,5,4
TMNDNCCRNt,False,False,True,5,4
TRDR2,False,False,False,0,0
TRDR3,False,False,False,0,0
TTDCRNt,False,False,True,5,4
UDPDOLPT_L,False,False,True,5,2
UGT1A10r,False,False,True,5,4
VALt5m,False,False,True,5,4
VITD3tm,False,False,True,3,2
VITD3tm3,False,False,True,5,4
XOL27OHtm,False,False,True,2,3
XOLEST2te,False,False,True,2,3
XOLTRI24tc,True,False,False,1,0
XOLTRI24te,False,False,False,0,0
XOLTRI25tc,False,False,True,3,2
XOLTRI25te,False,False,False,0,0
XOLTRI27tc,False,False,False,0,0
XOLTRI27te,False,False,False,0,0
EX_4abutn[e],True,False,False,1,0
EX_ahdt[e],False,False,False,0,0
EX_ctp[e],False,False,False,0,0
EX_dha[e],False,False,False,0,0
EX_dhap[e],False,False,False,0,0
EX_fad[e],False,False,False,0,0
EX_fald[e],False,False,False,0,0
EX_HC01440[e],False,False,False,0,0
EX_HC01446[e],False,False,False,0,0
EX_prpp[e],False,False,False,0,0
r0034,True,False,False,2,0
r0145,False,False,True,4,3
r0170,False,False,True,5,4
r0193,False,False,True,2,4
r0309,False,False,True,5,1
r0310,False,False,True,5,4
r0403,False,False,True,2,2
r0437,True,False,False,5,0
r0440,False,False,True,5,1
r0443,True,False,False,5,0
r0510,False,False,False,0,0
r0511,False,True,False,0,3
r0571,False,False,True,5,4
r0575,False,False,True,5,4
r0633,False,False,True,5,4
r0638,False,False,True,5,4
r0652,False,False,True,5,4
r0672,False,False,True,4,1
r0701,False,False,True,5,4
r0707,False,False,True,3,3
r0735,False,False,True,5,4
r0752,False,False,True,3,2
r0753,False,False,True,3,2
r0754,False,False,True,3,2
r0755,False,False,True,3,2
r0756,False,False,True,3,2
r0757,False,False,True,3,2
r0780,False,False,True,3,3
r0781,False,False,True,5,4
r0783,False,False,True,5,4
r0791,False,False,True,5,4
r0913,False,False,True,5,4
r0915,False,False,True,5,3
r0924,True,False,False,1,0
r0927,False,False,True,5,4
r0931,False,False,False,0,0
r0936,False,False,False,0,0
r0941,False,False,True,4,4
r0946,False,False,True,5,4
r0947,False,True,False,0,1
r0983,False,False,False,0,0
r0986,False,True,False,0,1
r0989,False,False,True,5,4
r0993,False,False,True,2,1
r0999,True,False,False,2,0
r1003,False,False,True,5,1
r1008,True,False,False,5,0
r1012,False,False,False,0,0
r1014,False,False,False,0,0
r1017,False,False,False,0,0
r1024,False,False,False,0,0
r1029,False,False,False,0,0
r1078,False,False,True,5,4
r1134,False,False,True,5,4
r1135,False,False,True,4,2
r1146,False,False,True,4,2
r1147,False,False,True,5,4
r1162,False,False,False,0,0
r1165,False,False,True,5,4
r1186,False,False,False,0,0
r1251,False,False,True,5,4
r1252,False,False,True,5,4
r1253,False,False,True,5,4
r1259,False,False,True,5,4
r1298,False,False,False,0,0
r1301,False,True,False,0,1
r1303,False,False,False,0,0
r1313,False,False,True,5,3
r1314,False,False,True,5,3
r1315,False,False,True,5,3
r1316,False,False,True,5,3
r1317,False,False,True,5,3
r1318,False,False,True,5,2
r1364,False,False,False,0,0
r1367,False,False,False,0,0
r1380,False,False,True,5,4
r1381,False,False,True,5,4
r1400,False,False,True,5,4
r1421,False,False,True,5,4
r1423,False,True,False,0,1
r1431,False,False,True,1,3
r1432,False,False,True,5,4
r1433,False,False,True,5,4
r1446,False,False,True,5,4
r1447,False,False,True,5,4
r1448,False,False,True,5,4
r1449,False,False,True,5,4
r1450,False,False,True,5,4
r1451,False,False,True,5,4
r1466,False,False,False,0,0
r1467,False,False,True,3,4
r1468,False,False,True,5,4
r1481,False,False,True,5,4
r1493,False,False,True,4,3
r1495,True,False,False,2,0
r1527,False,False,True,3,4
r1540,False,False,False,0,0
r2157,False,True,False,0,1
r2158,False,False,False,0,0
r2159,False,False,False,0,0
r2236,False,False,True,2,2
r2237,False,False,True,1,1
r2238,True,False,False,1,0
r2315,False,False,True,5,4
r2346,False,False,True,3,3
r2373,False,False,True,4,4
r2374,False,False,True,4,3
r2375,False,False,True,5,3
r2376,False,False,True,5,3
r2377,False,False,True,5,3
r2378,False,False,True,5,4
r2379,False,False,True,4,4
r2380,False,False,True,4,4
r2497,False,False,True,2,3
r2498,False,False,True,2,3
r2507,False,False,True,4,3
r2508,False,False,True,5,3
r2509,False,False,True,5,4
r2510,False,False,True,4,4
r2511,False,False,True,4,3
r2512,False,False,True,3,3
r2513,False,False,True,3,1
r2514,False,False,True,5,4
r2515,False,False,True,2,3
r2537,False,False,True,5,3
r2538,False,False,True,4,3
RE0456M,False,False,True,5,4
RE0691C,False,False,True,5,4
RE1342C,False,False,True,4,3
RE1447M,False,False,True,5,3
RE1447N,False,False,True,4,4
RE1448N,False,False,False,0,0
RE1516X,False,False,True,5,4
RE1517X,False,False,True,5,4
RE1518X,False,False,True,5,4
RE1519X,False,False,True,5,4
RE1796M,True,False,False,2,0
RE1804C,False,False,False,0,0
RE1804M,False,False,True,5,4
RE1807C,False,False,True,5,3
RE1807M,False,False,True,5,4
RE1810M,False,False,True,5,3
RE1826C,False,False,False,0,0
RE1836C,False,False,False,0,0
RE1836X,False,False,False,0,0
RE1905C,False,False,True,5,4
RE1906C,False,False,True,5,4
RE1957R,False,False,True,5,4
RE2078M,False,False,True,3,4
RE2327C,False,False,True,5,4
RE2426C,False,False,True,2,4
RE2439C,False,False,False,0,0
RE2591C,False,True,False,0,1
RE2601C,False,False,True,5,4
RE2625M,False,False,True,5,4
RE2626C,False,False,True,4,3
RE2626M,False,False,True,5,4
RE2675C,False,False,False,0,0
RE2677N,False,False,True,1,1
RE2746C,False,False,False,0,0
RE2768R,False,False,False,0,0
RE2814M,False,False,True,5,3
RE2898C,False,True,False,0,2
RE2912M,False,False,True,5,4
RE2913X,False,False,True,5,4
RE2914X,False,False,True,5,4
RE2972M,False,False,True,5,3
RE2977C,False,False,True,5,4
RE2998M,False,False,True,5,4
RE2999M,False,False,True,5,4
RE3000M,False,False,True,5,4
RE3001M,False,False,True,5,4
RE3003M,False,False,True,5,4
RE3004M,False,False,True,5,4
RE3005M,False,False,True,5,4
RE3006M,False,False,True,5,4
RE3039C,False,True,False,0,1
RE3045C,False,False,True,3,2
RE3073X,False,False,True,5,4
RE3074X,False,False,True,5,4
RE3106R,False,False,True,5,4
RE3110R,False,False,True,5,4
RE3112R,False,False,True,5,4
RE3113R,False,False,True,5,4
RE3119R,False,False,True,5,4
RE3120R,False,False,True,5,4
RE3121R,False,False,True,5,4
RE3122R,False,False,True,5,4
RE3134C,False,False,True,5,4
RE3147C,False,False,True,5,4
RE3147R,False,False,True,5,4
RE3148C,False,False,True,5,4
RE3158X,False,False,True,5,4
RE3161R,False,False,True,5,4
RE3162R,False,False,True,5,4
RE3163R,False,False,True,5,4
RE3164R,False,False,True,5,4
RE3165R,False,False,True,5,4
RE3166R,False,False,True,5,4
RE3167R,False,False,True,5,4
RE3168R,False,False,True,5,4
RE3169R,False,False,True,5,4
RE3170R,False,False,True,5,4
RE3171R,False,False,True,5,4
RE3172R,False,False,True,5,4
RE3173R,False,False,True,5,4
RE3174R,False,False,True,5,4
RE3175R,False,False,True,5,4
RE3176R,False,False,True,5,4
RE3180C,False,False,True,5,4
RE3181C,False,True,False,0,1
RE3198C,False,False,True,5,4
RE3224R,False,False,True,5,4
RE3225R,False,False,True,5,4
RE3226R,False,False,True,5,4
RE3227R,False,False,True,5,4
RE3228R,False,False,True,5,4
RE3229R,False,False,True,5,4
RE3230R,False,False,True,5,4
RE3231R,False,False,True,5,4
RE3232R,False,False,True,5,4
RE3234R,False,False,True,5,4
RE3235R,False,False,True,5,4
RE3236R,False,False,True,5,4
RE3241C,False,False,True,5,4
RE3241R,False,False,True,5,4
RE3242C,False,False,True,5,4
RE3242R,False,False,True,5,4
RE3243C,False,False,True,5,4
RE3243R,False,False,True,5,4
RE3244C,False,False,True,5,4
RE3244R,False,False,True,5,4
RE3251C,False,False,False,0,0
RE3251M,False,False,True,5,4
RE3252C,False,False,True,5,4
RE3268R,False,False,True,5,4
RE3273C,False,False,True,3,3
RE3335M,False,False,True,5,4
RE3335R,False,False,True,5,4
RE3335X,False,False,True,5,4
RE3346C,False,False,True,5,4
RE3346M,False,False,True,5,4
RE3378C,False,False,False,0,0
RE3410C,True,False,False,3,0
RE3421R,False,False,True,5,4
RE3434C,False,False,True,2,2
RE3434R,False,False,True,3,1
RE3446M,False,False,True,5,4
RE3446R,False,False,True,5,4
RE3446X,False,False,True,5,4
RE3452C,False,False,False,0,0
RE3470C,False,False,True,5,4
RE3470M,False,False,True,5,4
RE3476M,False,False,True,5,4
RE3490C,False,False,True,4,1
RE3514C,False,False,False,0,0
RE3526C,False,False,False,0,0
RE3526M,False,False,True,5,4
RE3624M,False,False,True,5,4
RE3626M,False,False,True,5,4
RE3636C,False,False,True,5,3
EX_prostgh2[e],False,False,False,0,0
EX_prostgi2[e],False,False,False,0,0
EX_cdp[e],False,False,False,0,0
EX_HC00002[e],False,False,False,0,0
EX_HC00003[e],False,False,False,0,0
EX_HC00004[e],False,False,False,0,0
EX_HC01852[e],False,False,False,0,0
EX_HC01939[e],False,False,False,0,0
EX_HC01942[e],False,False,False,0,0
EX_HC01943[e],False,False,False,0,0
EX_HC01944[e],False,False,False,0,0
EX_HC02220[e],False,False,False,0,0
EX_HC02180[e],False,False,False,0,0
EX_HC02202[e],False,False,False,0,0
EX_HC02203[e],False,False,False,0,0
EX_HC02204[e],False,False,False,0,0
EX_HC02205[e],False,False,False,0,0
EX_HC02206[e],False,False,False,0,0
EX_HC02207[e],False,False,False,0,0
EX_HC02213[e],False,False,False,0,0
EX_HC02214[e],False,False,False,0,0
EX_HC02217[e],False,False,False,0,0
EX_CE1935[e],False,False,False,0,0
EX_CE1940[e],False,False,False,0,0
EX_CE1943[e],False,False,True,5,4
EX_CE1939[e],False,False,False,0,0
EX_crm_hs[e],False,False,False,0,0
EX_CE0074[e],False,False,False,0,0
EX_C04849[e],False,False,False,0,0
PIt8,False,False,True,5,4
2MB2COAc,False,False,True,5,4
3HBCOARc,False,False,True,5,4
ADPACDAc,False,False,True,5,2
ADPACtx,False,False,True,5,2
ADPCOACROT,False,False,True,5,2
ADPCOAPTE,False,False,True,5,2
BCRNe,False,True,False,0,1
C100CPT1,False,False,True,5,4
C101CRNe,False,False,True,5,4
C10CRNe,False,True,False,0,2
C10DCCACT,False,False,True,5,4
C10DCc,False,False,True,5,4
C10DCe,False,False,True,1,1
C10OHc,False,False,True,5,4
C120CPT1,False,False,True,5,4
C12DCACOT,False,False,True,5,2
C12DCACT,True,False,False,4,0
C12DCTD,False,False,True,5,1
C12DCe,False,True,False,0,1
C12OHc,False,False,True,5,4
C140CPT1,False,False,True,5,4
C141ACBP,False,False,True,5,4
C141OHc,False,False,True,5,4
C141OHe,True,False,False,2,0
C142ACBP,False,False,True,5,4
C142OHc,False,False,True,5,4
C142OHe,True,False,False,1,0
C14OHc,False,False,True,5,4
C161OHc,False,False,True,5,4
C162ACBP,False,False,True,5,4
C162OHc,False,False,True,5,4
C162OHe,False,False,True,1,2
C16DCc,False,False,True,5,4
C16DCe,False,True,False,0,1
C16OHc,False,False,True,5,4
C182OHc,False,False,True,5,4
C18OHc,False,False,True,5,4
C2tcx,False,False,True,3,4
C3DCe,False,False,True,1,2
C4CRNe,False,False,True,1,3
C4DCCACT,False,False,True,3,2
C4DCe,True,False,False,1,0
C4OHc,False,False,True,5,4
C4tcx,False,False,True,5,3
C4tmc,False,False,True,4,4
C4x,False,False,True,5,3
C50CPT1,False,False,True,5,4
C51CPT1,False,False,True,5,4
C5DCe,False,False,False,0,0
C60CPT1,False,False,True,5,4
C6COAt,False,False,True,2,2
C6CRNe,True,False,False,3,0
C6CRNtcx,False,False,True,2,1
C6DCCACT,False,False,True,5,2
C6DCc,False,False,True,5,4
C6DCe,False,False,True,1,1
C81CRNe,False,False,True,5,4
C8CRNe,False,True,False,0,2
C8DCc,False,False,True,5,4
C8DCe,False,False,True,3,1
C9BRxtc,False,False,True,1,2
DCATDr,False,False,True,5,4
DCSPTN1COAtxc,False,False,False,0,0
DDCRNe,True,False,False,1,0
DDECCRNe,False,False,True,1,2
DDECE1CRNe,False,False,True,5,4
DECCRNe,False,False,False,0,0
DECDICRNe,False,False,True,5,4
DOCO13ECOAtxc,False,False,False,0,0
DOCO13EFATP,False,False,False,0,0
DOCOSACTDr,False,False,True,4,4
DOCOSADIACTD,False,True,False,0,1
DOCOSCOAtxc,False,False,False,0,0
DOCOSDIACTD,False,False,False,0,0
EX_3bcrn[e],False,False,False,0,0
EX_3ddcrn[e],False,False,False,0,0
EX_3deccrn[e],False,False,False,0,0
EX_3hdececrn[e],False,False,False,0,0
EX_3hexdcrn[e],False,False,False,0,0
EX_3ivcrn[e],False,False,False,0,0
EX_3octdec2crn[e],False,False,False,0,0
EX_3octdeccrn[e],False,False,False,0,0
EX_3tdcrn[e],False,False,False,0,0
EX_3tetd7ecoacrn[e],False,False,False,0,0
EX_3thexddcoacrn[e],False,False,False,0,0
EX_3ttetddcoacrn[e],False,False,False,0,0
EX_c10crn[e],False,False,False,0,0
EX_c10dc[e],False,False,False,0,0
EX_c12dc[e],False,False,False,0,0
EX_c16dc[e],False,False,False,0,0
EX_c3dc[e],False,False,False,0,0
EX_c4crn[e],False,False,False,0,0
EX_c4dc[e],False,False,False,0,0
EX_c51crn[e],False,False,False,0,0
EX_c5dc[e],False,False,False,0,0
EX_c6crn[e],False,False,False,0,0
EX_c6dc[e],False,False,False,0,0
EX_c8crn[e],False,False,False,0,0
EX_c8dc[e],False,False,False,0,0
EX_ddecrn[e],False,False,False,0,0
EX_doco13ac[e],False,False,False,0,0
EX_docosac[e],False,False,False,0,0
EX_docosdiac[e],False,False,False,0,0
EX_ivcrn[e],False,False,False,0,0
FAOXC101C102x,False,False,True,4,3
FAOXC101C8m,False,False,True,5,2
FAOXC101C8x,False,False,True,3,3
FAOXC102C101m,False,False,True,5,4
FAOXC102C101x,False,False,True,5,1
FAOXC102C103m,False,False,True,5,4
FAOXC102C103x,False,False,True,5,4
FAOXC102C81m,False,False,True,5,4
FAOXC102C81x,False,False,True,5,4
FAOXC102m,False,False,True,5,4
FAOXC102x,False,False,True,5,4
FAOXC103C102m,False,False,True,5,4
FAOXC103C102x,False,False,True,5,4
FAOXC10C10OHm,False,False,True,5,3
FAOXC10C8m,False,False,True,5,2
FAOXC10C8x,True,False,False,2,0
FAOXC10DCC8DCx,False,False,True,5,4
FAOXC11C9m,False,False,True,5,3
FAOXC121C101m,False,False,True,5,4
FAOXC121C10x,False,False,True,3,3
FAOXC122C101m,False,False,True,5,4
FAOXC122m,False,False,True,5,4
FAOXC122x,False,False,True,5,4
FAOXC123C102m,False,False,True,5,4
FAOXC123C102x,False,False,True,5,4
FAOXC123m,False,False,True,5,4
FAOXC123x,False,False,True,5,4
FAOXC12C10m,False,False,True,5,2
FAOXC12C10x,True,False,False,2,0
FAOXC12C12OHm,False,False,True,5,3
FAOXC12DCC10DCx,False,False,True,2,2
FAOXC12DCTc,True,False,False,4,0
FAOXC12DCc,False,False,True,5,4
FAOXC12DCx,False,False,True,5,2
FAOXC13C11m,False,False,True,5,4
FAOXC141C121m,False,False,True,5,4
FAOXC141C121x,True,False,False,2,0
FAOXC141C141OHm,False,False,True,2,4
FAOXC142C122m,False,False,True,5,4
FAOXC142C122x,False,False,True,5,4
FAOXC142C142OHm,False,False,True,1,3
FAOXC143C123m,False,False,True,5,4
FAOXC143C123x,False,False,True,5,4
FAOXC14C12m,False,False,True,5,4
FAOXC14C12x,False,False,True,2,1
FAOXC14C14OHm,False,False,True,5,4
FAOXC14DCC12DCx,False,False,True,3,4
FAOXC15ATPx,True,False,False,1,0
FAOXC15C13m,False,False,True,5,4
FAOXC161C141m,False,False,True,5,4
FAOXC161C141x,True,False,False,2,0
FAOXC161C161OHm,False,False,True,3,4
FAOXC162C142m,False,False,True,5,4
FAOXC162C162OHm,False,False,True,3,4
FAOXC163C142x,False,False,True,5,4
FAOXC163C143m,False,False,True,5,4
FAOXC163C164Gm,False,False,True,5,4
FAOXC163C164x,False,False,True,5,4
FAOXC163GC142m,False,False,True,5,4
FAOXC163Gm,False,False,True,5,4
FAOXC163x,False,False,True,5,4
FAOXC164C143m,False,False,True,5,4
FAOXC164C143x,False,False,True,5,4
FAOXC164C163x,False,False,True,5,4
FAOXC164C165m,False,False,True,5,4
FAOXC164C165x,False,False,True,5,4
FAOXC164GC163m,False,False,True,5,4
FAOXC164m,False,False,True,5,4
FAOXC164x,False,False,True,5,4
FAOXC165C164m,False,False,True,5,4
FAOXC165C164x,False,False,True,5,4
FAOXC16BRx,False,False,True,5,3
FAOXC16C14m,False,False,True,5,4
FAOXC16C14x,False,False,True,3,3
FAOXC16C16OHm,False,False,True,5,4
FAOXC16DCC14DCx,False,False,True,3,4
FAOXC16DCr,False,False,True,4,4
FAOXC16OHC16r,False,False,True,2,1
FAOXC17C15m,False,False,True,5,4
FAOXC181C161m,False,False,True,5,4
FAOXC181C161x,True,False,False,2,0
FAOXC182C162m,False,False,True,5,4
FAOXC182C182OHm,False,False,True,5,4
FAOXC183C163Gm,False,False,True,5,4
FAOXC183C163m,False,False,True,5,4
FAOXC184C163m,False,False,True,5,4
FAOXC184C163x,False,False,True,5,4
FAOXC184C164m,False,False,True,5,4
FAOXC184C164x,False,False,True,5,4
FAOXC184m,False,False,True,5,4
FAOXC184x,False,False,True,5,4
FAOXC185C164m,False,False,True,5,4
FAOXC185m,False,False,True,5,4
FAOXC18C18OHm,False,False,True,5,4
FAOXC201C181x,True,False,False,2,0
FAOXC204C184m,False,False,True,5,4
FAOXC204C205x,False,False,True,5,4
FAOXC205C184x,False,False,True,5,4
FAOXC205C185m,False,False,True,5,4
FAOXC221C201x,True,False,False,2,0
FAOXC225C204m,False,False,True,5,4
FAOXC225C204x,False,False,True,5,4
FAOXC225C226m,False,False,True,5,4
FAOXC225C226x,False,False,True,5,4
FAOXC225m,False,False,True,5,4
FAOXC225x,False,False,True,5,4
FAOXC226C205m,False,False,True,5,4
FAOXC226C225m,False,False,True,5,4
FAOXC226C225x,False,False,True,5,4
FAOXC226C227m,False,False,True,5,4
FAOXC226m,False,False,True,5,4
FAOXC227C226m,False,False,True,5,4
FAOXC22C20x,True,False,False,2,0
FAOXC22C22DCHYr,False,True,False,0,1
FAOXC22OHC22r,False,False,True,3,1
FAOXC241C221x,True,False,False,2,0
FAOXC24C22x,True,False,False,2,0
FAOXC3DC,False,False,True,5,4
FAOXC4C2m,False,False,True,5,2
FAOXC4C4DCc,False,False,True,5,4
FAOXC5C3x,False,False,True,5,3
FAOXC5C5DCc,False,False,True,5,4
FAOXC5C5OHm,False,False,True,5,4
FAOXC5OHc,False,False,True,5,4
FAOXC61C4m,False,False,True,5,2
FAOXC61C4x,False,False,True,3,3
FAOXC61m,False,False,True,5,4
FAOXC61x,False,False,True,5,4
FAOXC6C4m,False,False,True,5,2
FAOXC6C4x,True,False,False,2,0
FAOXC6DCC4DCx,True,False,False,2,0
FAOXC7C5m,False,False,True,5,3
FAOXC81C61m,False,False,True,5,4
FAOXC81C61x,False,False,True,5,4
FAOXC8C6m,False,False,True,5,2
FAOXC8C6x,True,False,False,2,0
FAOXC8DCC6DCx,False,False,True,4,3
FAOXC9C7m,False,False,True,5,3
FAOXMC10OHMC10r,False,False,True,5,3
FAOXOHC16C16DCc,False,False,True,4,4
FAOXOHC22C22DCc,False,False,True,3,1
FAOXOHMC10DC10c,False,False,True,5,3
FAOXTC101TC102m,False,False,True,5,4
FAOXTC102C101m,False,False,True,5,4
FAOXTC122TC101m,False,False,True,5,4
FAOXTC122m,False,False,True,5,4
FAOXTC142TC122m,False,False,True,5,4
FAOXTC162TC142m,False,False,True,5,4
FAOXTC182TC162m,False,False,True,5,4
FOAXC122C101x,False,False,True,5,4
GLUTCOAACBP,False,False,True,5,4
HDCACBP,False,False,True,5,4
HDDACBP,False,False,True,5,4
HDECAACBP,False,False,True,5,4
HDECEACBP,False,False,True,5,4
HEDCECRNe,False,True,False,0,1
HEXDCRNe,False,False,False,0,0
HEXDIACtr,False,False,True,4,4
HEXDICOAACBP,False,False,True,5,4
HEXDICOAACBPx,False,False,True,4,4
HIVCACBP,False,False,True,5,4
HIVCRNe,False,True,False,0,2
HOCDACBP,False,False,True,5,4
HOCTDEC2CRNe,False,True,False,0,1
HOCTDECCRNe,False,True,False,0,1
HTDCACBP,False,False,True,5,4
HTDCRNe,False,False,True,1,3
IVCOAACBP,False,False,True,5,4
IVCRNe,False,False,False,0,0
LGNCCOAtcx,False,False,False,0,0
NRVNCCOAtxc,False,False,False,0,0
OCD11COACPT1,False,False,True,5,4
OCD11CRNCACT,False,False,True,5,4
OCD11CRNCPT2,False,False,True,5,4
OCT11EFATP,False,False,False,0,0
OCTDEC2ACBP,False,False,True,5,4
OCTDECE1CRNe,False,False,True,5,4
OMHDEACIDTD,False,False,True,5,4
OMHDOCOSACTD,False,False,True,3,1
OMHPALTD,True,False,False,2,0
PRISTCOAtcx,False,False,True,5,4
SBCOAACOTx,False,False,True,5,2
SCP21cx,False,False,True,5,4
SEBACACT,False,False,True,5,3
SEBACIDtx,False,False,True,5,3
SEBCOACROT,False,False,True,5,3
SEBCOAPET,False,False,True,5,2
STCOATxc,False,False,True,2,3
STRDNCCOAtxc,False,False,True,5,3
SUBEACtx,False,False,True,5,3
SUBERCACT,False,False,True,2,2
SUBERCROT,False,False,True,3,2
SUBERICACT,False,False,True,4,2
SUCCACT,False,False,True,5,4
SUCCCROT,False,False,True,4,2
SUCCOAPET,False,False,True,5,2
TDCRNe,False,False,True,1,1
TETDEC2CRNe,False,False,True,5,4
TETDECE1CRNe,False,False,True,5,4
TIGCRNe,False,False,True,2,2
34DHPHELAT1tc,False,True,False,0,3
4OHPROIMINOtc,False,False,True,5,4
ALAALACNc,False,False,True,5,4
ALAyLATthc,False,False,True,1,3
ASCBSVCTtc,False,False,False,0,0
ASNATB0tc,False,True,False,0,1
BALAPAT1tc,False,False,True,4,4
BTNTe,False,False,True,1,2
CARPEPT1tc,False,False,True,4,4
CBLTDe,True,False,False,2,0
CBLtle,True,False,False,2,0
CYSSNAT5tc,False,False,True,5,4
FOLTle,False,False,True,3,1
GALSGLT1le,False,False,False,0,0
GLCSGLT1le,False,False,False,0,0
GLNATB0tc,False,False,False,0,0
GLNyLATthc,True,False,False,4,0
GLYGLYCNc,False,False,True,5,4
GLYPROPEPT1tc,False,True,False,0,4
HIShPTtc,False,False,False,0,0
HISyLATtc,False,True,False,0,1
HISyLATthc,False,False,True,1,1
LEULEULAPc,False,False,True,5,4
LEULEUPEPT1tc,False,False,True,1,3
LEUyLAThtc,False,False,True,3,2
LINOFATPtc,False,False,False,0,0
METyLATthc,False,False,True,2,1
NACHORCTL3le,False,False,True,3,3
OCDEAFABP1tc,False,False,True,3,2
OLEICFATPtc,False,False,False,0,0
PALFATPtc,False,False,False,0,0
PCHOLHSTDe,True,False,False,3,0
PEHSFABPe,False,False,True,3,2
PHEATB0tc,False,True,False,0,1
PHEyLATthc,False,False,True,2,1
PMTCOAFABP1tc,False,False,True,3,2
PNTORDe,False,False,True,2,2
PROGLYPEPT1tc,False,False,False,0,0
PROGLYPRO1c,False,False,True,5,4
PROIMINOtc,False,True,False,0,1
TAGHSTDe,False,False,False,0,0
TAUPAT1c,True,False,False,2,0
THMATPe,False,False,False,0,0
THRATB0tc,False,False,False,0,0
TRPATB0tc,False,True,False,0,1
TYRATB0tc,False,False,True,1,1
VITEtl,False,False,True,3,4
VITKtl,False,False,False,0,0
XOLEST2HSTDle,False,False,True,4,2
3AIB_Dtm,False,False,True,5,4
4HPROLTASCT1,False,True,False,0,1
ADNK3,False,False,False,0,0
ADNK4,False,False,False,0,0
AHCYStd,False,False,True,5,4
ARACHFATPc,False,False,False,0,0
ASPDTDe,False,True,False,0,1
ASPPROASCT1,False,False,True,3,2
BIDGLCURr,False,False,True,2,3
Coqe,False,False,False,0,0
DATPtm,False,False,True,1,1
DCTPtm,False,True,False,0,2
DGTPtm,False,True,False,0,1
DHAPtc,False,False,False,0,0
DPCOAPPe,False,True,False,0,2
DSREDUCr,False,False,True,4,2
DTMPKm,False,False,True,4,3
DTTPtm,False,True,False,0,1
EX_4hpro[e],False,False,False,0,0
EX_carn[e],False,False,False,0,0
EX_dchac[e],False,False,False,0,0
EX_leuleu[e],False,True,False,0,1
EX_sfcys[e],False,False,False,0,0
EX_tdechola[e],False,False,False,0,0
EX_fmn[e],False,False,False,0,0
EX_q10[e],False,False,False,0,0
EX_q10h2[e],False,False,False,0,0
FADDPle,False,False,True,5,4
FMNALKPle,False,False,True,5,4
FRDPtcr,False,False,True,5,4
G6PDH2c,False,False,True,4,2
GLUPROASCT1,False,False,False,0,0
GNDc,False,False,True,5,4
INSK,False,True,False,0,1
KHte,False,False,True,4,4
LACLt,False,False,True,4,2
MAL_Ltx,False,False,True,5,4
MDHx,False,False,True,4,4
NADtm,False,False,True,2,4
OCDCAFATPc,False,False,False,0,0
PGLc,False,False,True,5,2
PPItm,False,False,True,5,3
PRO_Dtde,False,True,False,0,1
PTCRTD,False,False,True,4,4
PTPATe,False,True,False,0,2
Q10H2e,False,True,False,0,2
RPEc,False,False,True,2,3
SFCYSc,False,False,True,5,4
SFCYSe,False,False,True,5,4
TAURCHAe,False,False,True,5,4
TTDCAFATPc,False,False,False,0,0
q10h2tc,False,False,True,5,4
q10tm,False,False,True,5,4
34HPPte,False,False,True,5,4
3MOBte,False,False,True,5,4
3MOPte,False,False,True,4,4
4HPRO_LTte,False,False,True,5,4
4MOPte,False,False,True,3,4
5MTAte,False,False,True,5,4
5OXPROt,False,False,True,5,4
AHCYSte,False,False,True,3,4
AICARte,False,False,True,5,4
ANTHte,False,False,True,5,3
CBASPte,False,False,True,5,4
EX_34hpp[e],False,True,False,0,1
EX_3mob[e],False,True,False,0,1
EX_3mop[e],False,True,False,0,1
EX_4mop[e],False,False,True,1,1
EX_5mta[e],False,False,False,0,0
EX_5oxpro[e],False,True,False,0,1
EX_ahcys[e],False,False,False,0,0
EX_aicar[e],False,False,False,0,0
EX_anth[e],False,False,False,0,0
EX_cbasp[e],False,False,False,0,0
MAL_Lte,False,False,True,5,4
OROTGLUt,False,False,True,5,3
PNTOte,False,False,True,5,3
5HOXINDOAtr,False,False,True,5,4
GLYALDtr,False,False,True,5,4
PEPtr,False,False,True,5,4
GUDACtr,False,False,False,0,0
GUDACtr2,False,False,True,5,4
LKYNRtr,False,False,True,3,4
LKYNRtr2,False,False,True,5,3
LKYNRtr3,False,False,True,5,4
BALAPAT1tc2,False,False,True,5,4
BALABETAtc2,False,False,True,5,4
CALAtr,False,False,True,4,3
KYNATEtr,False,False,True,5,4
KYNATEtr2,False,False,True,5,4
3ANTHRNtr,False,False,False,0,0
HKYNRtr,False,False,True,3,2
QULNtr,False,False,True,3,3
2PGtr,False,False,True,5,4
CARNtr,False,False,True,5,4
CHOLPtr,False,False,True,5,4
CYST_Ltr,False,False,True,5,1
DCMPtr,False,False,True,2,3
DHAPtr,False,False,True,5,4
DMGLYtr,False,False,True,5,4
ETHAMPtr,False,False,True,5,4
FUMtr,False,False,True,5,4
G3PCtr,False,False,True,1,1
GLCURtr,False,False,True,5,4
ICITtr,False,False,True,5,4
L2AADPtr,False,False,True,5,4
XANtr,False,False,True,5,4
XMPtr,False,False,True,5,4
XTSNtr,False,False,True,5,4
3PGtr,False,False,True,5,4
UDPGLCURtr,False,False,False,0,0
IMPtr,False,False,True,5,4
GLYC3tr,False,False,True,5,4
NICRNtr,False,False,True,5,4
OROT5Ptr,False,False,False,0,0
EX_2pg[e],False,False,False,0,0
EX_5hoxindoa[e],False,False,False,0,0
EX_cala[e],False,False,False,0,0
EX_cholp[e],False,False,False,0,0
EX_cyst_L[e],False,False,False,0,0
EX_dcmp[e],False,False,False,0,0
EX_dmgly[e],False,False,False,0,0
EX_ethamp[e],False,False,False,0,0
EX_g3pc[e],False,False,False,0,0
EX_glyald[e],False,False,False,0,0
EX_gudac[e],False,False,True,3,2
EX_hcys_L[e],False,False,False,0,0
EX_icit[e],False,True,False,0,1
EX_kynate[e],False,False,False,0,0
EX_L2aadp[e],False,False,False,0,0
EX_Lkynr[e],False,False,False,0,0
EX_pep[e],False,False,False,0,0
EX_quln[e],False,False,False,0,0
EX_xmp[e],False,False,False,0,0
EX_xtsn[e],False,False,False,0,0
EX_3pg[e],False,False,False,0,0
EX_3hanthrn[e],False,False,False,0,0
EX_udpglcur[e],False,False,False,0,0
EX_hLkynr[e],False,False,False,0,0
EX_nicrnt[e],False,False,False,0,0
EX_orot5p[e],False,False,False,0,0
EX_glyc3p[e],False,False,False,0,0
ALAB0AT3tc,True,False,False,1,0
ARACHDFATPtc,False,True,False,0,1
ARGB0AT3tc,False,True,False,0,1
ASNB0AT3tc,False,False,False,0,0
BETBGTtc,False,False,True,5,4
BUTSMCT1,False,False,True,5,4
CRNATBtc,False,False,False,0,0
CYSB0AT3tc,True,False,False,1,0
DHEASABCCte,False,False,False,0,0
DOPAENT4tc,False,False,True,5,4
ESTRAABCtc,False,False,True,3,3
ESTROSABCCte,False,False,False,0,0
ESTRSABCtc,False,False,True,4,4
FOLABCCte,False,False,True,5,4
FOLOAT1tc,False,False,True,5,4
FOLOAT2tc,False,False,True,4,3
FOLOATPtc,False,False,True,5,4
GABABGTtc,False,False,True,5,4
GLNB0AT3tc,False,True,False,0,1
GLUB0AT3tc,False,False,True,2,2
GSNt2r,False,False,True,5,4
H2OGLYAQPt,False,False,True,5,3
ILEB0AT3tc,False,True,False,0,2
LEUB0AT3tc,False,False,True,2,2
LEUKABCtc,False,False,True,4,4
LGNCFATPtc,False,False,False,0,0
METB0AT3tc,False,False,False,0,0
NACSMCTte,False,False,True,5,4
PGLYCABCte,False,False,True,1,2
PHEB0AT3tc,False,True,False,0,1
PHEMEABCte,True,False,False,1,0
PPASMCT1,False,False,True,4,4
PSHSABCtc,False,False,True,3,4
PYRSMCT1,False,False,True,5,4
RETABCtc,False,False,False,0,0
SERB0AT3tc,False,True,False,0,1
SRTNENT4tc,False,False,True,5,4
TCHOLABCtc,False,False,True,4,4
TRPB0AT3tc,False,False,True,1,2
TYRB0AT3tc,True,False,False,1,0
VALB0AT3tc,False,True,False,0,2
RIBFLVte,False,False,False,0,0
ARGSUCte,False,False,True,5,4
ACRNte,False,False,True,5,4
PCRNte,False,False,True,5,4
LNELDCCRNte,False,False,True,1,4
ODECRNte,False,False,True,2,4
STCRNte,False,False,True,4,3
PMTCRNte,False,False,True,3,3
HDCECRNte,False,False,True,3,4
EX_argsuc[e],False,False,True,1,1
EX_acrn[e],False,False,False,0,0
EX_pcrn[e],False,False,False,0,0
EX_lneldccrn[e],False,False,False,0,0
EX_odecrn[e],False,False,False,0,0
EX_stcrn[e],False,False,False,0,0
EX_pmtcrn[e],False,False,False,0,0
EX_hdcecrn[e],False,False,False,0,0
PCREATte,False,False,True,5,3
HC00342te,False,False,True,5,4
C08261te,False,False,False,0,0
15KPROSTGF2c,False,False,True,4,2
ADPOHc,False,False,True,5,4
PHLAC,False,False,True,5,4
AND19ONEc,False,False,False,0,0
DESAT14_9,False,False,True,5,3
21HPRGNLONE,False,False,False,0,0
3MHISc,False,False,True,5,4
HMCRNc,False,False,True,5,4
PHACGLYc,False,False,True,4,4
CE4843HYDc,False,False,True,5,4
HXCOAc,False,False,True,4,4
GPDDACHOL,False,False,True,4,3
ACLYSHYc,False,False,True,5,4
HMCARNc,False,False,True,5,4
METTRANSc,False,False,True,5,4
METDECARc,False,False,True,5,4
3MTPte,False,False,True,5,4
EX_3mtp[e],False,False,False,0,0
ELAIDCRNte,False,False,True,5,4
GLYC2P3Pc,False,False,True,5,4
LNLCCRNNAt,False,False,True,5,4
PHLACHt,False,False,True,5,4
TTDCRNNAt,False,False,True,5,4
12HPETATP,False,False,False,0,0
15HPETATP,False,False,False,0,0
15KPROSTGF2t,False,False,True,4,2
21HPRGNLONEt1,False,False,False,0,0
21HPRGNLONEt2,False,False,False,0,0
2OXOADPt,False,False,True,5,4
34HPLte,False,False,True,5,4
3HMPtd,False,False,True,5,4
3HPPt,False,False,True,5,4
3MHISt1,False,False,True,4,1
3MHISt2,False,False,True,5,4
3MHISt3,False,False,True,5,4
3MOXTYRt,False,False,True,5,4
3UIBtd,False,False,True,5,4
4AABUTNt,False,False,True,5,4
4TMEABUTNt1,False,False,True,5,4
4TMEABUTNt2,False,False,True,5,4
56DTHMt,False,False,True,5,4
56DTHMtd,False,False,True,5,3
56DURAt,False,False,True,5,4
56DURAtd,False,False,True,5,4
5AOPt,False,False,True,5,4
5HPETATP,False,False,False,0,0
5HPETtd,False,False,True,2,4
7DHCHSTEROLt,False,False,False,0,0
7DHCHSTEROLtd,False,True,False,0,2
ABT_Dt,False,False,True,5,4
ABT_Dt2,False,False,True,5,4
ABTD1,False,False,True,5,4
ACGLUtd,False,False,True,5,3
ACGLYtc,False,False,True,5,4
ACGLYte,False,False,True,5,4
ACLYSt,False,False,True,5,4
ACLYStm,False,False,True,5,4
ACORNt,False,False,True,5,1
ACTHRtc,False,False,True,5,4
ACTHRte,False,False,True,5,4
ADPACtd,False,False,False,0,0
ADPOHt,False,False,True,5,4
ALLTNt,False,False,True,5,4
AMETt,False,False,True,5,4
AND19ONEt,False,False,False,0,0
BILIVERDt,False,False,False,0,0
C02356t,False,False,True,4,2
C02712te,False,False,True,5,3
C02712tm,False,False,True,5,4
C03990ATP,False,False,True,3,2
C03990t,False,False,True,5,4
C03990tx,False,False,True,1,1
C04483t1,False,False,True,3,2
C04483t2,False,False,True,3,2
C04717ATP,False,False,False,0,0
C04717td,False,False,True,5,4
C04805ATP,False,False,False,0,0
C04805td,True,False,False,3,0
C05463t1,False,False,True,3,2
C05463t2,False,False,True,3,2
C05953t,False,False,True,5,4
C05953tm,False,False,True,3,4
C05957t,False,False,True,5,3
C05957td,False,False,True,4,3
C06314t,True,False,False,4,0
C06315t,False,False,True,1,2
C06439t,False,False,True,5,4
C06439tn,False,True,False,0,1
C11695td,False,False,False,0,0
C14768ATP,False,False,False,0,0
C14768td,False,False,True,1,2
C14769td1,False,False,True,2,3
C14769td2,False,False,False,0,0
EX_C14769[e],False,False,False,0,0
C14770ATP,False,False,False,0,0
C14771ATP,False,False,False,0,0
C14825ATP,False,False,False,0,0
C14825td,False,False,True,4,4
C14826ATP,False,False,False,0,0
C14826td,False,False,True,4,4
CE0955te,False,False,True,3,2
CE0955tr,False,False,True,5,4
CE1243ATP,False,False,True,2,1
CE1273t1,False,False,True,3,2
CE1273t2,False,False,True,3,2
CE1297t,False,False,False,0,0
CE1297td,False,False,False,0,0
CE1554t,False,False,True,5,1
CE1556td,False,False,True,5,3
CE2028t,False,False,False,0,0
CE2176t,False,False,True,5,4
CE2445t,False,False,False,0,0
CE2537ATP,False,False,False,0,0
CE4843t,False,False,False,0,0
CE4843td,False,False,True,5,4
CE5304t,False,False,True,2,3
CE6031t,True,False,False,1,0
CE6247t,False,False,False,0,0
CE7082ATP,False,False,False,0,0
CE7083t,False,False,False,0,0
CE7172ATP,False,False,False,0,0
CORTSNt,False,False,False,0,0
CORTSNti,False,False,True,2,4
DODECANACt,False,False,False,0,0
DODECANACtd,False,False,False,0,0
ELAIDCRNtd,False,False,True,3,3
EX_12HPET[e],False,False,False,0,0
EX_15HPET[e],False,False,False,0,0
EX_15kprostgf2[e],False,False,False,0,0
EX_21hprgnlone[e],False,False,False,0,0
EX_2oxoadp[e],False,False,False,0,0
EX_34hpl[e],False,True,False,0,1
EX_3hmp[e],False,False,False,0,0
EX_3hpp[e],False,False,False,0,0
EX_3mhis[e],False,False,False,0,0
EX_3uib[e],False,True,False,0,2
EX_4aabutn[e],False,False,False,0,0
EX_4tmeabutn[e],False,False,False,0,0
EX_56dthm[e],False,False,True,5,2
EX_56dura[e],False,False,False,0,0
EX_5HPET[e],False,False,False,0,0
EX_7dhchsterol[e],False,False,False,0,0
EX_acgly[e],False,False,False,0,0
EX_aclys[e],False,False,True,1,3
EX_acorn[e],False,False,True,1,1
EX_acthr_L[e],False,False,False,0,0
EX_adpac[e],False,False,False,0,0
EX_adpoh[e],False,False,False,0,0
EX_amet[e],False,False,False,0,0
EX_and19one[e],False,False,False,0,0
EX_biliverd[e],False,False,False,0,0
EX_C02356[e],False,True,False,0,1
EX_C02712[e],True,False,False,2,0
EX_C04717[e],False,False,False,0,0
EX_C04805[e],False,False,False,0,0
EX_C05957[e],False,False,False,0,0
EX_C06314[e],False,False,False,0,0
EX_C06315[e],False,False,False,0,0
EX_C11695[e],False,False,False,0,0
EX_C14768[e],False,False,False,0,0
EX_C14770[e],False,False,False,0,0
EX_C14771[e],False,False,False,0,0
EX_C14825[e],False,False,False,0,0
EX_C14826[e],False,False,False,0,0
EX_CE0955[e],False,False,False,0,0
EX_CE1554[e],False,False,True,1,1
EX_CE1557[e],False,True,False,0,1
EX_CE2028[e],False,False,False,0,0
EX_CE2176[e],False,False,False,0,0
EX_CE2445[e],False,False,False,0,0
EX_CE2537[e],False,False,False,0,0
EX_CE4843[e],False,False,False,0,0
EX_CE5304[e],False,False,False,0,0
EX_CE6031[e],False,False,False,0,0
EX_CE6247[e],False,False,False,0,0
EX_CE7082[e],False,False,False,0,0
EX_CE7083[e],False,False,False,0,0
EX_CE7172[e],False,False,False,0,0
EX_cortsn[e],False,False,False,0,0
EX_dodecanac[e],False,False,False,0,0
EX_elaidcrn[e],False,False,False,0,0
EX_forglu[e],False,False,True,1,1
EX_HC00900[e],False,False,False,0,0
EX_hexdiac[e],False,False,False,0,0
EX_hgentis[e],False,False,False,0,0
EX_hmcarn[e],False,False,False,0,0
EX_hmcr[e],False,False,False,0,0
EX_hxcoa[e],False,False,False,0,0
EX_leuktrB4wcooh[e],False,False,False,0,0
EX_leuktrB4woh[e],False,False,False,0,0
EX_lnlccrn[e],False,False,False,0,0
EX_Lpipecol[e],False,False,False,0,0
EX_lthstrl[e],False,False,False,0,0
EX_mev_R[e],False,False,True,2,1
EX_mi1p_D[e],False,False,False,0,0
EX_Nacasp[e],False,False,False,0,0
EX_nwharg[e],False,False,False,0,0
EX_saccrp_L[e],False,False,False,0,0
EX_sebacid[e],False,False,False,0,0
EX_subeac[e],False,False,False,0,0
EX_tmlys[e],False,False,False,0,0
EX_ttdcrn[e],False,False,False,0,0
EX_txb2[e],False,False,False,0,0
EX_urcan[e],False,True,False,0,1
EX_wharachd[e],False,False,False,0,0
FORGLUt,False,False,True,2,1
GALTt,False,False,True,5,4
GLYACm,False,False,True,5,4
LYSACm,False,False,False,0,0
GLYC2Pte,False,False,True,5,4
GLYCLTtd,False,False,True,5,4
HC00319t1,False,False,True,5,4
HC00319t2,False,False,True,4,4
HC00900t1,False,False,True,5,4
HC00900t2,False,False,True,5,3
HC00900t3,False,False,True,5,4
HC00900t4,False,False,True,3,4
HC02149td,False,False,True,5,2
HEXDIACATP,False,False,False,0,0
HEXDIACtd,False,False,True,1,3
HGENTISt,False,False,True,4,3
HMCARNt,False,False,True,5,4
HMCRNt,False,False,True,5,4
HXCOAm,False,False,True,3,3
HXCOAte,False,False,False,0,0
HXCOAtx,False,False,True,4,3
HXCOAx,False,False,True,4,3
IND3ACt,False,False,True,5,4
LCYSTt,False,False,True,5,4
LEUKTRB4WCOOHt,False,False,False,0,0
LEUKTRB4WOHt,False,False,False,0,0
LEUKTRB4WOHtr,False,False,False,0,0
LNLCCRNtd,False,False,True,3,3
LPIPECOLt,False,False,True,5,4
LPIPECOLtx,False,False,True,5,4
LTHSTRLABCt,False,False,False,0,0
LTHSTRLt,False,True,False,0,1
MEV_Rt,False,False,True,5,4
MI1Pt,False,False,True,3,4
NACASPt,True,False,False,4,0
NWHARGtd,False,False,True,3,4
OAAt,False,False,True,5,4
pac,False,False,True,5,4
PROSTGI2c,False,False,True,2,2
PSERtr,False,False,True,5,4
SACCRP_Lte,False,False,True,5,4
SACCRP_Ltm,False,False,True,5,4
SEBACIDtd,False,False,False,0,0
SUBEACtd,False,False,False,0,0
TETDECA511ACt,False,False,False,0,0
TETDECA511ACtd,False,False,False,0,0
THRACm,False,False,True,5,4
TMLYStd,False,False,True,3,4
TXB2c,False,False,True,3,2
TXB2t,False,False,False,0,0
URCANt,False,False,True,3,2
WHARACHDt,False,False,False,0,0
WHARACHDtd,False,False,True,4,3
WHARACHDtr,False,False,False,0,0
ACILEm,False,False,True,5,4
ACILEtm,False,False,True,5,4
ACILEte,False,False,True,5,4
EX_acile_L[e],False,False,False,0,0
ACLEUm,False,False,True,5,4
ACLEUtm,False,False,True,5,4
ACLEUte,False,False,True,5,4
EX_acleu_L[e],False,False,False,0,0
PHACGLYt,False,False,True,5,4
EX_phacgly[e],False,False,False,0,0
ESTRIOLATP,False,False,False,0,0
EX_3moxtyr[e],False,False,False,0,0
EX_5aop[e],False,False,False,0,0
EX_abt_D[e],False,False,False,0,0
EX_acglu[e],True,False,False,1,0
EX_alltn[e],False,False,False,0,0
EX_CE2510[e],False,False,False,0,0
EX_ddca[e],False,False,False,0,0
EX_glyc2p[e],False,False,False,0,0
EX_glyclt[e],False,False,True,2,1
EX_Lcyst[e],False,False,False,0,0
EX_oaa[e],False,False,False,0,0
EX_pac[e],False,False,False,0,0
EX_phlac[e],False,True,False,0,1
EX_pser_L[e],False,False,False,0,0
EX_ttdcea[e],False,False,False,0,0
HC02195te,False,False,True,3,2
HC02196te,False,False,True,3,2
HC02194te,False,False,True,3,3
HC02220te,False,False,True,3,3
XOL27OHtmc,False,False,True,5,2
GLYNATm,True,False,False,2,0
PHEACGLYsec,True,False,False,1,0
PCSsec,False,False,True,5,4
PCSup,False,False,True,5,4
3HCINNMup,False,False,True,5,4
3HCINNMsec,False,False,True,5,4
3HPPAup,False,False,True,5,4
3HPPAsec,False,False,True,5,4
EX_pheacgly[e],False,False,False,0,0
NORMETEt,False,False,True,3,3
MEPIt,False,False,True,3,2
C05300t,False,False,False,0,0
RETINALt,False,False,True,5,4
LEULEUt,False,False,True,5,4
GLYPROt,False,False,True,5,4
PROGLyt,False,False,True,5,4
DHBPTt,False,False,True,1,1
THBPTt,False,False,True,2,1
EX_normete_L[e],False,False,False,0,0
EX_C05300[e],False,False,False,0,0
EX_retinal[e],False,False,True,5,4
EX_progly[e],False,False,True,2,2
EX_dhbpt[e],False,False,False,0,0
EX_thbpt[e],False,False,False,0,0
EX_alaargcys[e],False,False,False,0,0
EX_alaarggly[e],False,False,False,0,0
EX_alaasnleu[e],False,True,False,0,1
EX_alaglylys[e],False,True,False,0,1
EX_alahisala[e],False,False,True,1,1
EX_alalysthr[e],False,False,False,0,0
EX_argalaala[e],False,True,False,0,1
EX_argalaphe[e],False,False,False,0,0
EX_argalathr[e],False,False,False,0,0
EX_argarg[e],False,True,False,0,1
EX_argarglys[e],False,False,False,0,0
EX_argargmet[e],False,False,False,0,0
EX_argcysgly[e],False,False,False,0,0
EX_argcysser[e],False,True,False,0,1
EX_arggluglu[e],False,True,False,0,2
EX_argglupro[e],False,False,False,0,0
EX_argglygly[e],False,False,False,0,0
EX_arghisthr[e],False,False,False,0,0
EX_argleuphe[e],False,False,False,0,0
EX_arglysasp[e],False,False,False,0,0
EX_argphearg[e],False,True,False,0,1
EX_argpromet[e],False,False,False,0,0
EX_argprothr[e],False,False,False,0,0
EX_argserser[e],False,True,False,0,1
EX_argtyrval[e],False,True,False,0,1
EX_argvalcys[e],False,False,False,0,0
EX_argvaltrp[e],False,False,False,0,0
EX_asnasnarg[e],False,False,False,0,0
EX_asncyscys[e],False,False,False,0,0
EX_asnmetpro[e],False,False,False,0,0
EX_asnpheasp[e],False,True,False,0,1
EX_asnphecys[e],False,False,False,0,0
EX_asntyrgly[e],False,False,False,0,0
EX_asntyrphe[e],False,True,False,0,1
EX_asntyrthr[e],False,True,False,0,1
EX_aspalaarg[e],False,False,False,0,0
EX_aspasnglu[e],False,False,False,0,0
EX_aspglu[e],False,False,False,0,0
EX_aspglupro[e],False,False,False,0,0
EX_aspglutrp[e],False,True,False,0,1
EX_asphiscys[e],False,True,False,0,1
EX_asphispro[e],False,False,False,0,0
EX_asplysglu[e],False,False,False,0,0
EX_asplyshis[e],False,False,False,0,0
EX_aspmetasp[e],True,False,False,1,0
EX_aspprolys[e],False,False,False,0,0
EX_aspvalasn[e],False,False,False,0,0
EX_cysasnmet[e],False,False,False,0,0
EX_cysaspphe[e],False,False,False,0,0
EX_cyscys[e],False,False,False,0,0
EX_cysglnmet[e],False,False,False,0,0
EX_cysgluhis[e],False,False,False,0,0
EX_cysglutrp[e],False,False,False,0,0
EX_cysleuthr[e],False,True,False,0,1
EX_cyssermet[e],False,True,False,0,1
EX_cystyrasn[e],False,True,False,0,1
EX_glnasngln[e],True,False,False,1,0
EX_glnhishis[e],False,False,False,0,0
EX_glnhislys[e],False,False,False,0,0
EX_glnlyslys[e],False,True,False,0,1
EX_glnlystrp[e],False,False,False,0,0
EX_glnproglu[e],False,False,False,0,0
EX_glntrpglu[e],False,False,False,0,0
EX_glntyrleu[e],False,False,False,0,0
EX_gluargleu[e],False,False,False,0,0
EX_gluasnleu[e],False,False,False,0,0
EX_gluglu[e],False,True,False,0,1
EX_gluilelys[e],False,False,False,0,0
EX_gluleu[e],False,False,False,0,0
EX_glumet[e],False,False,False,0,0
EX_glumethis[e],False,False,False,0,0
EX_gluthr[e],False,False,False,0,0
EX_gluthrlys[e],False,False,False,0,0
EX_glutrpala[e],False,True,False,0,1
EX_glyhisasn[e],False,False,False,0,0
EX_glyhislys[e],False,False,False,0,0
EX_glylyscys[e],False,False,False,0,0
EX_glylysphe[e],False,False,False,0,0
EX_glytyrlys[e],False,True,False,0,1
EX_glyvalhis[e],False,True,False,0,1
EX_hisargcys[e],False,False,False,0,0
EX_hisargser[e],False,True,False,0,1
EX_hisasp[e],False,True,False,0,1
EX_hiscyscys[e],False,False,False,0,0
EX_hisglnala[e],False,False,False,0,0
EX_hisglu[e],False,False,False,0,0
EX_hisglugln[e],False,True,False,0,1
EX_hisglylys[e],False,False,False,0,0
EX_hishislys[e],False,False,True,1,1
EX_hislysala[e],False,False,False,0,0
EX_hislysglu[e],False,False,False,0,0
EX_hislysile[e],False,True,False,0,1
EX_hislysthr[e],False,False,False,0,0
EX_hislysval[e],False,False,False,0,0
EX_hismet[e],True,False,False,2,0
EX_hismetgln[e],False,False,False,0,0
EX_hisphearg[e],False,True,False,0,1
EX_hisprolys[e],False,False,False,0,0
EX_histrphis[e],False,True,False,0,1
EX_ileargile[e],False,False,False,0,0
EX_ileasnhis[e],False,False,False,0,0
EX_ileasp[e],False,False,True,1,2
EX_ileglnglu[e],False,False,False,0,0
EX_ileglyarg[e],False,False,False,0,0
EX_ileprolys[e],False,False,False,0,0
EX_ileserarg[e],False,False,False,0,0
EX_iletrptyr[e],False,True,False,0,1
EX_leualaarg[e],False,True,False,0,1
EX_leuasnasp[e],False,False,False,0,0
EX_leuasplys[e],False,False,False,0,0
EX_leuleutrp[e],False,False,False,0,0
EX_leupro[e],True,False,False,1,0
EX_leuproarg[e],False,False,False,0,0
EX_leusertrp[e],False,False,False,0,0
EX_leutrp[e],True,False,False,1,0
EX_leutrparg[e],False,True,False,0,1
EX_leutyrtyr[e],False,False,False,0,0
EX_leuval[e],False,False,False,0,0
EX_lysargleu[e],False,False,True,1,3
EX_lyscyshis[e],False,False,False,0,0
EX_lysglnphe[e],False,False,False,0,0
EX_lysgluglu[e],True,False,False,1,0
EX_lyslyslys[e],False,False,False,0,0
EX_lyspheile[e],False,True,False,0,1
EX_lystrparg[e],False,False,False,0,0
EX_lystyrile[e],False,False,False,0,0
EX_lysvalphe[e],False,False,False,0,0
EX_lysvaltrp[e],False,False,False,0,0
EX_metargleu[e],False,False,False,0,0
EX_metasntyr[e],False,True,False,0,1
EX_metglntyr[e],False,False,False,0,0
EX_metglyarg[e],False,False,False,0,0
EX_methislys[e],False,True,False,0,1
EX_metmetile[e],False,False,False,0,0
EX_metphearg[e],False,False,False,0,0
EX_mettrpphe[e],False,True,False,0,1
EX_pheasnmet[e],False,False,False,0,0
EX_pheasp[e],False,False,False,0,0
EX_pheglnphe[e],False,False,False,0,0
EX_pheleu[e],False,True,False,0,1
EX_pheleuasp[e],False,True,False,0,1
EX_pheleuhis[e],False,True,False,0,1
EX_phelysala[e],False,True,False,0,1
EX_phelyspro[e],False,True,False,0,1
EX_phephe[e],False,False,False,0,0
EX_phepheasn[e],False,False,False,0,0
EX_phephethr[e],False,False,False,0,0
EX_pheproarg[e],False,True,False,0,1
EX_phesertrp[e],True,False,False,1,0
EX_phethrlys[e],False,False,False,0,0
EX_phetrpleu[e],False,True,False,0,1
EX_phetyr[e],False,True,False,0,1
EX_phetyrgln[e],False,False,False,0,0
EX_phetyrlys[e],False,False,False,0,0
EX_proargasp[e],False,False,False,0,0
EX_proargcys[e],False,False,False,0,0
EX_proasncys[e],False,False,False,0,0
EX_procys[e],False,False,True,1,2
EX_proglnpro[e],False,False,False,0,0
EX_proglulys[e],False,True,False,0,1
EX_prohis[e],False,False,False,0,0
EX_prohistyr[e],False,False,True,1,1
EX_proleuarg[e],False,False,False,0,0
EX_prolyspro[e],False,False,False,0,0
EX_prophe[e],False,False,False,0,0
EX_proproarg[e],False,False,False,0,0
EX_propropro[e],False,False,True,2,1
EX_protrplys[e],False,False,True,1,1
EX_protrpthr[e],False,False,False,0,0
EX_provalgln[e],False,False,False,0,0
EX_serargala[e],False,False,False,0,0
EX_serargtrp[e],False,False,False,0,0
EX_sercysarg[e],False,True,False,0,1
EX_serglyglu[e],False,False,False,0,0
EX_serlyshis[e],False,True,False,0,1
EX_serphelys[e],False,True,False,0,1
EX_sertrphis[e],False,False,False,0,0
EX_thrargtyr[e],False,True,False,0,1
EX_thrasntyr[e],False,False,False,0,0
EX_thrglnglu[e],False,False,False,0,0
EX_thrglntyr[e],False,True,False,0,1
EX_thrhishis[e],False,False,False,0,0
EX_thrilearg[e],False,False,False,0,0
EX_thrmetarg[e],True,False,False,1,0
EX_thrphearg[e],False,False,False,0,0
EX_thrserarg[e],False,False,False,0,0
EX_thrthrarg[e],False,False,False,0,0
EX_thrtyrmet[e],False,False,False,0,0
EX_trpalapro[e],False,True,False,0,1
EX_trpargala[e],True,False,False,1,0
EX_trpaspasp[e],False,False,True,1,1
EX_trpglngln[e],False,True,False,0,1
EX_trpglugly[e],False,False,False,0,0
EX_trpgluleu[e],False,True,False,0,1
EX_trpglupro[e],False,False,False,0,0
EX_trpglutyr[e],False,False,False,0,0
EX_trpglyleu[e],False,False,False,0,0
EX_trpglyphe[e],False,False,False,0,0
EX_trpglyval[e],False,False,False,0,0
EX_trphismet[e],False,False,False,0,0
EX_trpilelys[e],False,False,False,0,0
EX_trpiletrp[e],True,False,False,1,0
EX_trpleuval[e],False,False,False,0,0
EX_trplys[e],False,True,False,0,1
EX_trpmetarg[e],False,False,False,0,0
EX_trpmetval[e],False,False,False,0,0
EX_trpphe[e],False,True,False,0,1
EX_trpprogly[e],False,False,False,0,0
EX_trpproleu[e],False,False,False,0,0
EX_trpproval[e],True,False,False,1,0
EX_trpsertyr[e],False,False,False,0,0
EX_trpthrglu[e],False,False,False,0,0
EX_trpthrile[e],False,True,False,0,1
EX_trpthrtyr[e],False,False,False,0,0
EX_trptyrgln[e],False,False,False,0,0
EX_trptyrtyr[e],False,False,False,0,0
EX_trpvalasp[e],False,False,False,0,0
EX_tyrala[e],False,False,True,1,1
EX_tyralaphe[e],False,False,False,0,0
EX_tyrargglu[e],False,False,False,0,0
EX_tyrargser[e],False,True,False,0,1
EX_tyrasparg[e],False,False,False,0,0
EX_tyrcysgly[e],False,False,False,0,0
EX_tyrcysthr[e],False,True,False,0,1
EX_tyrglu[e],False,True,False,0,1
EX_tyrleuarg[e],False,False,False,0,0
EX_tyrphetyr[e],False,True,False,0,1
EX_tyrthr[e],False,True,False,0,1
EX_tyrtrpphe[e],False,False,False,0,0
EX_tyrtyr[e],False,True,False,0,1
EX_tyrvalmet[e],False,True,False,0,1
EX_valarggly[e],False,False,False,0,0
EX_valhisasn[e],False,False,False,0,0
EX_valleuphe[e],False,True,False,0,1
EX_vallystyr[e],False,True,False,0,1
EX_valphearg[e],False,True,False,0,1
EX_valprotrp[e],True,False,False,1,0
EX_valserarg[e],False,False,False,0,0
EX_valtrpphe[e],False,False,False,0,0
EX_valtrpval[e],True,False,False,1,0
EX_valval[e],False,True,False,0,1
EX_trpglyasp[e],False,False,False,0,0
ALAARGCYSt,False,False,True,5,4
ALAARGGLYt,False,False,True,5,4
ALAASNLEUt,False,False,True,5,4
ALAGLYLYSt,False,False,True,5,4
ALAHISALAt,False,False,True,5,4
ALALYSTHRt,False,False,True,5,4
ARGALAALAt,False,False,True,5,4
ARGALAPHEt,False,False,True,5,4
ARGALATHRt,False,False,True,5,4
ARGARGt,False,False,True,5,4
ARGARGLYSt,False,False,True,5,4
ARGARGMETt,False,False,True,5,4
ARGCYSGLYt,False,False,True,5,4
ARGCYSSERt,False,False,True,5,4
ARGGLUGLUt,False,False,True,5,4
ARGGLUPROt,False,False,True,5,4
ARGGLYGLYt,False,False,True,5,4
ARGHISTHRt,False,False,True,5,4
ARGLEUPHEt,False,False,True,5,4
ARGLYSASPt,False,False,True,5,4
ARGPHEARGt,False,False,True,5,4
ARGPROMETt,False,False,True,5,4
ARGPROTHRt,False,False,True,5,4
ARGSERSERt,False,False,True,5,4
ARGTYRVALt,False,False,True,5,4
ARGVALCYSt,False,False,True,5,4
ARGVALTRPt,False,False,True,5,4
ASNASNARGt,False,False,True,5,4
ASNCYSCYSt,False,False,True,5,4
ASNMETPROt,False,False,True,5,4
ASNPHEASPt,False,False,True,5,4
ASNPHECYSt,False,False,True,5,4
ASNTYRGLYt,False,False,True,5,4
ASNTYRPHEt,False,False,True,5,4
ASNTYRTHRt,False,False,True,5,4
ASPALAARGt,False,False,True,5,4
ASPASNGLUt,False,False,True,5,4
ASPGLUt,False,False,True,5,4
ASPGLUPROt,False,False,True,5,4
ASPGLUTRPt,False,False,True,5,4
ASPHISCYSt,False,False,True,5,4
ASPHISPROt,False,False,True,5,4
ASPLYSGLUt,False,False,True,5,4
ASPLYSHISt,False,False,True,5,4
ASPMETASPt,False,False,True,5,4
ASPPROLYSt,False,False,True,5,4
ASPVALASNt,False,False,True,5,4
CYSASNMETt,False,False,True,5,4
CYSASPPHEt,False,False,True,5,4
CYSCYSt,False,False,True,5,4
CYSGLNMETt,False,False,True,5,4
CYSGLUHISt,False,False,True,5,4
CYSGLUTRPt,False,False,True,5,4
CYSLEUTHRt,False,False,True,5,4
CYSSERMETt,False,False,True,5,4
CYSTYRASNt,False,False,True,5,4
GLNASNGLNt,False,False,True,5,4
GLNHISHISt,False,False,True,5,4
GLNHISLYSt,False,False,True,5,4
GLNLYSLYSt,False,False,True,5,4
GLNLYSTRPt,False,False,True,5,4
GLNPROGLUt,False,False,True,5,4
GLNTRPGLUt,False,False,True,5,4
GLNTYRLEUt,False,False,True,5,4
GLUARGLEUt,False,False,True,5,4
GLUASNLEUt,False,False,True,5,4
GLUGLUt,False,False,True,5,4
GLUILELYSt,False,False,True,5,4
GLULEUt,False,False,True,5,4
GLUMETt,False,False,True,5,4
GLUMETHISt,False,False,True,5,4
GLUTHRt,False,False,True,5,4
GLUTHRLYSt,False,False,True,5,4
GLUTRPALAt,False,False,True,5,4
GLYHISASNt,False,False,True,5,4
GLYHISLYSt,False,False,True,5,4
GLYLYSCYSt,False,False,True,5,4
GLYLYSPHEt,False,False,True,5,4
GLYTYRLYSt,False,False,True,5,4
GLYVALHISt,False,False,True,5,4
HISARGCYSt,False,False,True,5,4
HISARGSERt,False,False,True,5,4
HISASPt,False,False,True,5,4
HISCYSCYSt,False,False,True,5,4
HISGLNALAt,False,False,True,5,4
HISGLUt,False,False,True,5,4
HISGLUGLNt,False,False,True,5,4
HISGLYLYSt,False,False,True,5,4
HISHISLYSt,False,False,True,5,4
HISLYSALAt,False,False,True,5,4
HISLYSGLUt,False,False,True,5,4
HISLYSILEt,False,False,True,5,4
HISLYSTHRt,False,False,True,5,4
HISLYSVALt,False,False,True,5,4
HISMETt,False,False,True,5,4
HISMETGLNt,False,False,True,5,4
HISPHEARGt,False,False,True,5,4
HISPROLYSt,False,False,True,5,4
HISTRPHISt,False,False,True,5,4
ILEARGILEt,False,False,True,5,4
ILEASNHISt,False,False,True,5,4
ILEASPt,False,False,True,5,4
ILEGLNGLUt,False,False,True,5,4
ILEGLYARGt,False,False,True,5,4
ILEPROLYSt,False,False,True,5,4
ILESERARGt,False,False,True,5,4
ILETRPTYRt,False,False,True,5,4
LEUALAARGt,False,False,True,5,4
LEUASNASPt,False,False,True,5,4
LEUASPLYSt,False,False,True,5,4
LEULEUTRPt,False,False,True,5,4
LEUPROt,False,False,True,5,4
LEUPROARGt,False,False,True,5,4
LEUSERTRPt,False,False,True,5,4
LEUTRPt,False,False,True,5,4
LEUTRPARGt,False,False,True,5,4
LEUTYRTYRt,False,False,True,5,4
LEUVALt,False,False,True,5,4
LYSARGLEUt,False,False,True,5,4
LYSCYSHISt,False,False,True,5,4
LYSGLNPHEt,False,False,True,5,4
LYSGLUGLUt,False,False,True,5,4
LYSLYSLYSt,False,False,True,5,4
LYSPHEILEt,False,False,True,5,4
LYSTRPARGt,False,False,True,5,4
LYSTYRILEt,False,False,True,5,4
LYSVALPHEt,False,False,True,5,4
LYSVALTRPt,False,False,True,5,4
METARGLEUt,False,False,True,5,4
METASNTYRt,False,False,True,5,4
METGLNTYRt,False,False,True,5,4
METGLYARGt,False,False,True,5,4
METHISLYSt,False,False,True,5,4
METMETILEt,False,False,True,5,4
METPHEARGt,False,False,True,5,4
METTRPPHEt,False,False,True,5,4
PHEASNMETt,False,False,True,5,4
PHEASPt,False,False,True,5,4
PHEGLNPHEt,False,False,True,5,4
PHELEUt,False,False,True,5,4
PHELEUASPt,False,False,True,5,4
PHELEUHISt,False,False,True,5,4
PHELYSALAt,False,False,True,5,4
PHELYSPROt,False,False,True,5,4
PHEPHEt,False,False,True,5,4
PHEPHEASNt,False,False,True,5,4
PHEPHETHRt,False,False,True,5,4
PHEPROARGt,False,False,True,5,4
PHESERTRPt,False,False,True,5,4
PHETHRLYSt,False,False,True,5,4
PHETRPLEUt,False,False,True,5,4
PHETYRt,False,False,True,5,4
PHETYRGLNt,False,False,True,5,4
PHETYRLYSt,False,False,True,5,4
PROARGASPt,False,False,True,5,4
PROARGCYSt,False,False,True,5,4
PROASNCYSt,False,False,True,5,4
PROCYSt,False,False,True,5,4
PROGLNPROt,False,False,True,5,4
PROGLULYSt,False,False,True,5,4
PROHISt,False,False,True,5,4
PROHISTYRt,False,False,True,5,4
PROLEUARGt,False,False,True,5,4
PROLYSPROt,False,False,True,5,4
PROPHEt,False,False,True,5,4
PROPROARGt,False,False,True,5,4
PROPROPROt,False,False,True,5,4
PROTRPLYSt,False,False,True,5,4
PROTRPTHRt,False,False,True,5,4
PROVALGLNt,False,False,True,5,4
SERARGALAt,False,False,True,5,4
SERARGTRPt,False,False,True,5,4
SERCYSARGt,False,False,True,5,4
SERGLYGLUt,False,False,True,5,4
SERLYSHISt,False,False,True,5,4
SERPHELYSt,False,False,True,5,4
SERTRPHISt,False,False,True,5,4
THRARGTYRt,False,False,True,5,4
THRASNTYRt,False,False,True,5,4
THRGLNGLUt,False,False,True,5,4
THRGLNTYRt,False,False,True,5,4
THRHISHISt,False,False,True,5,4
THRILEARGt,False,False,True,5,4
THRMETARGt,False,False,True,5,4
THRPHEARGt,False,False,True,5,4
THRSERARGt,False,False,True,5,4
THRTHRARGt,False,False,True,5,4
THRTYRMETt,False,False,True,5,4
TRPALAPROt,False,False,True,5,4
TRPARGALAt,False,False,True,5,4
TRPASPASPt,False,False,True,5,4
TRPGLNGLNt,False,False,True,5,4
TRPGLUGLYt,False,False,True,5,4
TRPGLULEUt,False,False,True,5,4
TRPGLUPROt,False,False,True,5,4
TRPGLUTYRt,False,False,True,5,4
TRPGLYLEUt,False,False,True,5,4
TRPGLYPHEt,False,False,True,5,4
TRPGLYVALt,False,False,True,5,4
TRPHISMETt,False,False,True,5,4
TRPILELYSt,False,False,True,5,4
TRPILETRPt,False,False,True,5,4
TRPLEUVALt,False,False,True,5,4
TRPLYSt,False,False,True,5,4
TRPMETARGt,False,False,True,5,4
TRPMETVALt,False,False,True,5,4
TRPPHEt,False,False,True,5,4
TRPPROGLYt,False,False,True,5,4
TRPPROLEUt,False,False,True,5,4
TRPPROVALt,False,False,True,5,4
TRPSERTYRt,False,False,True,5,4
TRPTHRGLUt,False,False,True,5,4
TRPTHRILEt,False,False,True,5,4
TRPTHRTYRt,False,False,True,5,4
TRPTYRGLNt,False,False,True,5,4
TRPTYRTYRt,False,False,True,5,4
TRPVALASPt,False,False,True,5,4
TYRALAt,False,False,True,5,4
TYRALAPHEt,False,False,True,5,4
TYRARGGLUt,False,False,True,5,4
TYRARGSERt,False,False,True,5,4
TYRASPARGt,False,False,True,5,4
TYRCYSGLYt,False,False,True,5,4
TYRCYSTHRt,False,False,True,5,4
TYRGLUt,False,False,True,5,4
TYRLEUARGt,False,False,True,5,4
TYRPHETYRt,False,False,True,5,4
TYRTHRt,False,False,True,5,4
TYRTRPPHEt,False,False,True,5,4
TYRTYRt,False,False,True,5,4
TYRVALMETt,False,False,True,5,4
VALARGGLYt,False,False,True,5,4
VALHISASNt,False,False,True,5,4
VALLEUPHEt,False,False,True,5,4
VALLYSTYRt,False,False,True,5,4
VALPHEARGt,False,False,True,5,4
VALPROTRPt,False,False,True,5,4
VALSERARGt,False,False,True,5,4
VALTRPPHEt,False,False,True,5,4
VALTRPVALt,False,False,True,5,4
VALVALt,False,False,True,5,4
TRPGLYASPt,False,False,True,5,4
ALAARGCYSr,False,False,True,5,4
ALAARGGLYr,False,False,True,5,4
ALAASNLEUr,False,False,True,5,4
ALAGLYLYSr,False,False,True,5,4
ALAHISALAr,False,False,True,5,4
ALALYSTHRr,False,False,True,5,4
ARGALAALAr,False,False,True,5,4
ARGALAPHEr,False,False,True,5,4
ARGALATHRr,False,False,True,5,4
ARGARGr,False,False,True,5,4
ARGARGLYSr,False,False,True,5,4
ARGARGMETr,False,False,True,5,4
ARGCYSGLYr,False,False,True,5,4
ARGCYSSERr,False,False,True,5,4
ARGGLUGLUr,False,False,True,5,4
ARGGLUPROr,False,False,True,5,4
ARGGLYGLYr,False,False,True,5,4
ARGHISTHRr,False,False,True,5,4
ARGLEUPHEr,False,False,True,5,4
ARGLYSASPr,False,False,True,5,4
ARGPHEARGr,False,False,True,5,4
ARGPROMETr,False,False,True,5,4
ARGPROTHRr,False,False,True,5,4
ARGSERSERr,False,False,True,5,4
ARGTYRVALr,False,False,True,5,4
ARGVALCYSr,False,False,True,5,4
ARGVALTRPr,False,False,True,5,4
ASNASNARGr,False,False,True,5,4
ASNCYSCYSr,False,False,True,5,4
ASNMETPROr,False,False,True,5,4
ASNPHEASPr,False,False,True,5,4
ASNPHECYSr,False,False,True,5,4
ASNTYRGLYr,False,False,True,5,4
ASNTYRPHEr,False,False,True,5,4
ASNTYRTHRr,False,False,True,5,4
ASPALAARGr,False,False,True,5,4
ASPASNGLUr,False,False,True,5,4
ASPGLUr,False,False,True,5,4
ASPGLUPROr,False,False,True,5,4
ASPGLUTRPr,False,False,True,5,4
ASPHISCYSr,False,False,True,5,4
ASPHISPROr,False,False,True,5,4
ASPLYSGLUr,False,False,True,5,4
ASPLYSHISr,False,False,True,5,4
ASPMETASPr,False,False,True,5,4
ASPPROLYSr,False,False,True,5,4
ASPVALASNr,False,False,True,5,4
CYSASNMETr,False,False,True,5,4
CYSASPPHEr,False,False,True,5,4
CYSCYSr,False,False,True,5,4
CYSGLNMETr,False,False,True,5,4
CYSGLUHISr,False,False,True,5,4
CYSGLUTRPr,False,False,True,5,4
CYSLEUTHRr,False,False,True,5,4
CYSSERMETr,False,False,True,5,4
CYSTYRASNr,False,False,True,5,4
GLNASNGLNr,False,False,True,5,4
GLNHISHISr,False,False,True,5,4
GLNHISLYSr,False,False,True,5,4
GLNLYSLYSr,False,False,True,5,4
GLNLYSTRPr,False,False,True,5,4
GLNPROGLUr,False,False,True,5,4
GLNTRPGLUr,False,False,True,5,4
GLNTYRLEUr,False,False,True,5,4
GLUARGLEUr,False,False,True,5,4
GLUASNLEUr,False,False,True,5,4
GLUGLUr,False,False,True,5,4
GLUILELYSr,False,False,True,5,4
GLULEUr,False,False,True,5,4
GLUMETr,False,False,True,5,4
GLUMETHISr,False,False,True,5,4
GLUTHRr,False,False,True,5,4
GLUTHRLYSr,False,False,True,5,4
GLUTRPALAr,False,False,True,5,4
GLYHISASNr,False,False,True,5,4
GLYHISLYSr,False,False,True,5,4
GLYLYSCYSr,False,False,True,5,4
GLYLYSPHEr,False,False,True,5,4
GLYTYRLYSr,False,False,True,5,4
GLYVALHISr,False,False,True,5,4
HISARGCYSr,False,False,True,5,4
HISARGSERr,False,False,True,5,4
HISASPr,False,False,True,5,4
HISCYSCYSr,False,False,True,5,4
HISGLNALAr,False,False,True,5,4
HISGLUr,False,False,True,5,4
HISGLUGLNr,False,False,True,5,4
HISGLYLYSr,False,False,True,5,4
HISHISLYSr,False,False,True,5,4
HISLYSALAr,False,False,True,5,4
HISLYSGLUr,False,False,True,5,4
HISLYSILEr,False,False,True,5,4
HISLYSTHRr,False,False,True,5,4
HISLYSVALr,False,False,True,5,4
HISMETr,False,False,True,5,4
HISMETGLNr,False,False,True,5,4
HISPHEARGr,False,False,True,5,4
HISPROLYSr,False,False,True,5,4
HISTRPHISr,False,False,True,5,4
ILEARGILEr,False,False,True,5,4
ILEASNHISr,False,False,True,5,4
ILEASPr,False,False,True,5,4
ILEGLNGLUr,False,False,True,5,4
ILEGLYARGr,False,False,True,5,4
ILEPROLYSr,False,False,True,5,4
ILESERARGr,False,False,True,5,4
ILETRPTYRr,False,False,True,5,4
LEUALAARGr,False,False,True,5,4
LEUASNASPr,False,False,True,5,4
LEUASPLYSr,False,False,True,5,4
LEULEUTRPr,False,False,True,5,4
LEUPROr,False,False,True,5,4
LEUPROARGr,False,False,True,5,4
LEUSERTRPr,False,False,True,5,4
LEUTRPr,False,False,True,5,4
LEUTRPARGr,False,False,True,5,4
LEUTYRTYRr,False,False,True,5,4
LEUVALr,False,False,True,5,4
LYSARGLEUr,False,False,True,5,4
LYSCYSHISr,False,False,True,5,4
LYSGLNPHEr,False,False,True,5,4
LYSGLUGLUr,False,False,True,5,4
LYSLYSLYSr,False,False,True,5,4
LYSPHEILEr,False,False,True,5,4
LYSTRPARGr,False,False,True,5,4
LYSTYRILEr,False,False,True,5,4
LYSVALPHEr,False,False,True,5,4
LYSVALTRPr,False,False,True,5,4
METARGLEUr,False,False,True,5,4
METASNTYRr,False,False,True,5,4
METGLNTYRr,False,False,True,5,4
METGLYARGr,False,False,True,5,4
METHISLYSr,False,False,True,5,4
METMETILEr,False,False,True,5,4
METPHEARGr,False,False,True,5,4
METTRPPHEr,False,False,True,5,4
PHEASNMETr,False,False,True,5,4
PHEASPr,False,False,True,5,4
PHEGLNPHEr,False,False,True,5,4
PHELEUr,False,False,True,5,4
PHELEUASPr,False,False,True,5,4
PHELEUHISr,False,False,True,5,4
PHELYSALAr,False,False,True,5,4
PHELYSPROr,False,False,True,5,4
PHEPHEr,False,False,True,5,4
PHEPHEASNr,False,False,True,5,4
PHEPHETHRr,False,False,True,5,4
PHEPROARGr,False,False,True,5,4
PHESERTRPr,False,False,True,5,4
PHETHRLYSr,False,False,True,5,4
PHETRPLEUr,False,False,True,5,4
PHETYRr,False,False,True,5,4
PHETYRGLNr,False,False,True,5,4
PHETYRLYSr,False,False,True,5,4
PROARGASPr,False,False,True,5,4
PROARGCYSr,False,False,True,5,4
PROASNCYSr,False,False,True,5,4
PROCYSr,False,False,True,5,4
PROGLNPROr,False,False,True,5,4
PROGLULYSr,False,False,True,5,4
PROHISr,False,False,True,5,4
PROHISTYRr,False,False,True,5,4
PROLEUARGr,False,False,True,5,4
PROLYSPROr,False,False,True,5,4
PROPHEr,False,False,True,5,4
PROPROARGr,False,False,True,5,4
PROPROPROr,False,False,True,5,4
PROTRPLYSr,False,False,True,5,4
PROTRPTHRr,False,False,True,5,4
PROVALGLNr,False,False,True,5,4
SERARGALAr,False,False,True,5,4
SERARGTRPr,False,False,True,5,4
SERCYSARGr,False,False,True,5,4
SERGLYGLUr,False,False,True,5,4
SERLYSHISr,False,False,True,5,4
SERPHELYSr,False,False,True,5,4
SERTRPHISr,False,False,True,5,4
THRARGTYRr,False,False,True,5,4
THRASNTYRr,False,False,True,5,4
THRGLNGLUr,False,False,True,5,4
THRGLNTYRr,False,False,True,5,4
THRHISHISr,False,False,True,5,4
THRILEARGr,False,False,True,5,4
THRMETARGr,False,False,True,5,4
THRPHEARGr,False,False,True,5,4
THRSERARGr,False,False,True,5,4
THRTHRARGr,False,False,True,5,4
THRTYRMETr,False,False,True,5,4
TRPALAPROr,False,False,True,5,4
TRPARGALAr,False,False,True,5,4
TRPASPASPr,False,False,True,5,4
TRPGLNGLNr,False,False,True,5,4
TRPGLUGLYr,False,False,True,5,4
TRPGLULEUr,False,False,True,5,4
TRPGLUPROr,False,False,True,5,4
TRPGLUTYRr,False,False,True,5,4
TRPGLYLEUr,False,False,True,5,4
TRPGLYPHEr,False,False,True,5,4
TRPGLYVALr,False,False,True,5,4
TRPHISMETr,False,False,True,5,4
TRPILELYSr,False,False,True,5,4
TRPILETRPr,False,False,True,5,4
TRPLEUVALr,False,False,True,5,4
TRPLYSr,False,False,True,5,4
TRPMETARGr,False,False,True,5,4
TRPMETVALr,False,False,True,5,4
TRPPHEr,False,False,True,5,4
TRPPROGLYr,False,False,True,5,4
TRPPROLEUr,False,False,True,5,4
TRPPROVALr,False,False,True,5,4
TRPSERTYRr,False,False,True,5,4
TRPTHRGLUr,False,False,True,5,4
TRPTHRILEr,False,False,True,5,4
TRPTHRTYRr,False,False,True,5,4
TRPTYRGLNr,False,False,True,5,4
TRPTYRTYRr,False,False,True,5,4
TRPVALASPr,False,False,True,5,4
TYRALAr,False,False,True,5,4
TYRALAPHEr,False,False,True,5,4
TYRARGGLUr,False,False,True,5,4
TYRARGSERr,False,False,True,5,4
TYRASPARGr,False,False,True,5,4
TYRCYSGLYr,False,False,True,5,4
TYRCYSTHRr,False,False,True,5,4
TYRGLUr,False,False,True,5,4
TYRLEUARGr,False,False,True,5,4
TYRPHETYRr,False,False,True,5,4
TYRTHRr,False,False,True,5,4
TYRTRPPHEr,False,False,True,5,4
TYRTYRr,False,False,True,5,4
TYRVALMETr,False,False,True,5,4
VALARGGLYr,False,False,True,5,4
VALHISASNr,False,False,True,5,4
VALLEUPHEr,False,False,True,5,4
VALLYSTYRr,False,False,True,5,4
VALPHEARGr,False,False,True,5,4
VALPROTRPr,False,False,True,5,4
VALSERARGr,False,False,True,5,4
VALTRPPHEr,False,False,True,5,4
VALTRPVALr,False,False,True,5,4
VALVALr,False,False,True,5,4
TRPGLYASPr,False,False,True,5,4
HOMOVALte,False,False,True,5,4
TYMc,False,False,True,2,4
DOPAc,False,False,False,0,0
3BCRNtr,False,False,True,1,2
3DDCRNtr,False,False,True,1,2
3DECCRNtr,False,False,True,2,2
3HDECECRNtr,False,True,False,0,1
3HEXDCRNtr,False,True,False,0,1
3IVCRNtr,False,False,True,1,2
3OCTDEC2CRNtr,False,False,True,1,3
3OCTDECCRNtr,False,False,True,2,2
3OCTDECE1CRNtr,False,False,True,5,4
3TDCRNtr,False,False,True,3,3
3TETD7ECOACRNtr,False,False,True,2,2
3THEXDDCOACRNtr,False,False,True,1,2
3TTETDDCOACRNtr,False,False,True,1,1
ACRNtr,False,False,True,5,4
C101CRNtr,False,False,True,5,4
C10CRNtr,False,True,False,0,2
C10DCtr,False,False,True,4,4
C12DCtr,False,False,True,1,3
C16DCtr,False,True,False,0,2
C3DCtr,False,False,True,1,3
C4CRNtr,False,False,True,4,3
C4DCtr,False,False,True,4,1
C51CRNtr,False,False,True,3,3
C5DCtr,False,False,True,2,1
C6CRNtr,False,False,True,4,3
C6DCtr,False,False,True,3,1
C81CRNtr,False,False,True,5,4
C8CRNtr,False,False,True,2,2
C8DCtr,False,False,True,4,2
DDECCRNtr,False,False,True,2,2
DDECE1CRNtr,False,False,True,5,4
DECDICRNtr,False,False,True,5,4
ELAIDCRNtr,False,False,True,5,4
HDCECRNtr,False,False,True,3,4
IVCRNtr,False,False,True,2,1
LNELDCCRNtr,False,False,True,1,4
LNLCCRNtr,False,False,True,3,3
ODECRNtr,False,False,True,2,4
PCRNtr,False,False,True,2,3
PMTCRNtr,False,False,True,3,3
STCRNtr,False,False,True,4,3
TETDEC2CRntr,False,False,True,5,4
TETDECE1CRNtr,False,False,True,5,4
TTDCRNtr,False,False,True,4,3
EX_sphmyln_hs[e],False,False,False,0,0
PHEACGLYtm,True,False,False,1,0
HXAt1,False,False,True,4,4
HXAt2,False,False,True,5,4
HXAt3,False,False,True,5,4
EX_hxa[e],False,False,False,0,0
TTDCEAc,False,False,True,5,3
PACCOALm,True,False,False,1,0
PACALDtm,False,False,True,5,4
GNCORE1te,False,False,False,0,0
LHCYSTIN,False,False,True,5,4
LHCYSTINt,False,False,True,5,4
EX_Lhcystin[e],False,False,False,0,0
r2514e,False,False,True,4,4
r2514m,False,False,True,5,4
FAS180,False,False,False,0,0
3MOXTYRESSte,False,False,False,0,0
5AOPt2,False,True,False,0,3
ACNAMt2,False,False,True,5,4
C181CPT2rbc,False,False,True,5,4
CA2t,False,False,True,3,4
DKMPPD2,False,False,False,0,0
DKMPPD3,False,False,True,5,4
GTHOXti2,False,False,False,0,0
HCYSte,False,False,True,5,4
NORMETEVESSte,False,False,False,0,0
OROte,False,True,False,0,1
PPPGOc,False,False,True,2,4
SPRMt2r,False,False,True,5,4
The,False,False,True,5,4
THMMPtrbc,False,False,True,4,3
THMtrbc,False,False,True,4,4
UGT1A10c,False,False,True,5,4
ACGALtr,False,False,True,5,4
ACNAMtr,False,False,True,3,2
CORE4t,False,False,False,0,0
CORE5t,False,False,False,0,0
CORE7t,False,False,False,0,0
CORE8t,False,True,False,0,1
DST_ANTIGENt,False,False,False,0,0
S2L2N2M2Mt,False,False,False,0,0
STN_ANTIGENt,False,False,False,0,0
EX_core4[e],False,False,False,0,0
EX_f1a[e],False,False,False,0,0
EX_gncore1[e],False,False,False,0,0
EX_s2l2n2m2m[e],False,False,False,0,0
EX_acgal[e],False,False,True,2,2
EX_acnam[e],False,True,False,0,3
EX_pcreat[e],False,False,False,0,0
EX_HC00342[e],True,False,False,2,0
EX_C08261[e],False,False,False,0,0
F1Ate,False,False,True,5,4
F1Ate2,False,False,True,5,4
GNCORE1t,False,False,True,3,2
34HPLtm,False,False,True,4,3
3HMPtm,False,False,True,5,4
3HPPtm,False,False,True,5,4
ACGLUtm,False,False,True,5,3
PGP_hs_tm,False,False,True,2,4
C02592tx,False,False,True,1,1
PROSTGE2t2r,False,False,True,5,4
PROSTGE2t2m,False,False,True,4,4
ESTRr,False,False,False,0,0
ESTR2r,False,False,True,1,1
LTHSTRLtr,False,False,True,5,4
PGLYCtm,False,False,True,5,4
DXTRNt,False,True,False,0,1
EX_dxtrn[e],False,False,False,0,0
DHCHOLESTANATEATP,False,False,True,3,2
DHCHOLESTANATEt,False,False,True,3,2
EX_dhcholestanate[e],False,False,False,0,0
THCHOLSTOICATP,False,False,True,3,2
THCHOLSTOICt,False,False,True,3,2
EX_thcholstoic[e],False,False,False,0,0
XOL7AH3ATP,False,False,True,3,2
XOL7AH3t,False,False,True,3,2
EX_xol7ah3[e],False,False,False,0,0
XOL7AONEATP,False,False,True,3,2
XOL7AONEt,False,False,True,3,2
EX_xol7aone[e],False,False,False,0,0
XOLDIOLONEATP,False,False,False,0,0
EX_xoldiolone[e],False,False,False,0,0
7KILTCHOLATP,False,False,True,3,2
7KILTCHOLt,False,False,True,3,2
EX_2obut[e],False,False,False,0,0
EX_glcn[e],False,False,True,2,2
ACCOAL,False,False,True,3,4
ADNCNT3tc,False,False,True,5,4
BUTt2r,False,False,True,4,4
CYTDt2r,False,False,True,5,4
DUTPDP,False,False,False,0,0
EX_fum[e],False,False,True,3,3
EX_glypro[e],False,False,True,2,3
EX_mal_L[e],False,False,True,3,1
EX_ppi[e],False,False,False,0,0
FCLTc,False,False,True,1,3
FT,False,True,False,0,2
GALt2_2,False,False,True,5,4
GLYLEUHYDROc,False,False,True,5,4
GLYPHEHYc,False,False,True,5,4
GLYPROPRO1c,False,False,True,5,4
INSt2,False,False,True,5,4
PPNCL3,False,False,True,5,4
THMDt2r,False,False,True,3,4
URIt2r,False,False,True,5,4
EX_ind3ac[e],False,False,False,0,0
EX_nh4[e],False,False,True,5,4
CITL,True,False,False,4,0
EX_galt[e],False,True,False,0,1
EX_glcr[e],False,False,True,1,2
EX_glcur[e],False,False,True,2,3
EX_ptrc[e],False,False,True,3,1
EX_spmd[e],False,False,False,0,0
EX_xan[e],False,False,True,3,4
OAADC,False,False,False,0,0
EX_4hbz[e],False,False,False,0,0
EX_34dhpha[e],False,False,False,0,0
THMt3,False,False,True,5,4
EX_phpyr[e],False,False,False,0,0
EX_tym[e],False,False,False,0,0
EX_2hyoxplac[e],False,False,False,0,0
EX_lanost[e],False,False,False,0,0
PHPYRte,False,False,True,5,4
PHPYRtm,False,False,True,5,4
3MOX4HOXMte,False,False,True,3,2
EX_3mox4hoxm[e],False,False,False,0,0
GLXte,False,False,True,5,4
EX_glx[e],False,True,False,0,1
CE4970tm,False,False,True,2,2
CE4970te,False,False,True,3,4
EX_CE4970[e],False,False,False,0,0
CE2026tm,False,False,True,2,1
CE2026te,False,False,True,4,3
EX_CE2026[e],False,False,False,0,0
CE4968tm,False,False,True,2,2
CE4968te,False,False,True,5,2
EX_CE4968[e],False,False,False,0,0
ACTYRm,False,False,True,5,4
ACTYRtc,False,False,True,5,4
ACTYRte,False,False,True,5,4
EX_actyr[e],False,False,False,0,0
SUCACETATc,False,False,False,0,0
SUCACETATALTc,False,False,False,0,0
SUCACETOc,False,False,False,0,0
SUCACETOte,False,False,False,0,0
EX_sucaceto[e],False,False,False,0,0
VANILPYRc,False,False,True,4,4
VANILLACc,False,False,True,5,4
CE2176tm,False,False,True,5,4
NACVANALAm,False,False,True,5,4
NACVANALAtm,False,False,True,5,4
NACVANALAte,False,False,True,5,4
VANILLACte,False,False,True,4,4
EX_vanillac[e],False,False,False,0,0
EX_nacvanala[e],False,False,False,0,0
2H3MVc,False,False,True,5,4
2H3MVte,False,False,True,4,4
EX_2h3mv[e],False,False,False,0,0
2HIVc,False,False,True,5,4
2HIVte,False,False,True,5,4
EX_2hiv[e],False,False,True,1,1
2M3HBUc,False,False,True,5,4
2M3HBUtm,False,False,True,5,4
2M3HBUte,False,False,True,5,4
EX_2m3hbu[e],False,False,False,0,0
2M3OVCOAm,False,False,True,5,4
2M3OVACm,False,False,True,5,4
2M3OVACtm,False,False,True,5,4
2M3HVACc,False,False,True,5,4
2M3HVACte,False,False,True,5,4
EX_2m3hvac[e],False,False,False,0,0
3H3MGLTc,False,False,True,5,4
3H3MGLTte,False,False,True,5,4
EX_3h3mglt[e],False,False,False,0,0
3MGLUTACc,False,False,True,5,4
3MGLUTACtm,False,False,True,5,4
3MGLUTACte,False,False,True,5,4
EX_3mglutac[e],False,False,False,0,0
3MGLUTRc,False,False,True,5,4
3MGLUTRte,False,False,True,5,4
EX_3mglutr[e],False,False,False,0,0
PPIOGLYc,False,False,True,2,1
PPIOGLYtm,False,False,True,2,1
PPIOGLYte,False,False,True,2,1
EX_ppiogly[e],False,False,False,0,0
MVLACc,False,False,True,5,4
MVLACte,False,False,True,5,4
EX_mvlac[e],False,False,False,0,0
TIGGLYc,False,False,True,2,1
TIGGLYtm,False,False,True,2,1
TIGGLYte,False,False,True,2,1
EX_tiggly[e],False,False,False,0,0
TD2GLTRCOAm,False,False,True,5,4
3HGLUTCOAm,False,False,True,5,4
3OHGLUTACm,False,False,True,5,4
3OHGLUTACtm,False,False,True,5,4
3OHGLUTACte,False,False,True,1,2
3OHGLUTACOAT3t,False,False,True,5,3
EX_3ohglutac[e],False,False,False,0,0
GLUTACOAm,False,False,True,5,4
GLUTCONm,False,False,True,5,4
GLUTCONtm,False,False,True,5,4
GLUTCONte,False,False,True,5,4
EX_glutcon[e],False,False,False,0,0
3HIVAcm,False,False,True,5,4
3HIVActm,False,False,True,5,4
3HIVActe,False,False,True,5,4
EX_3hivac[e],False,False,False,0,0
3HADICOAx,False,False,True,4,3
3HADPACx,False,False,True,4,3
3HADPACtxc,False,False,True,3,2
3HADPACte,False,False,False,0,0
EX_3hadpac[e],False,False,False,0,0
3OHSEBCOAx,False,False,True,5,4
3OHSEBACx,False,False,True,5,4
3OHSEBACtxc,False,False,True,5,3
3OHSEBACte,False,False,False,0,0
EX_3ohsebac[e],False,False,False,0,0
3OHSUBCOAx,False,False,True,5,4
3OHSUBACx,False,False,True,5,4
3OHSUBACtxc,False,False,True,4,3
3OHSUBACte,False,True,False,0,1
EX_3ohsubac[e],False,False,False,0,0
CAPROICc,False,False,True,1,2
5OHHEXAc,False,False,True,2,2
5OHHEXAte,False,False,True,2,1
EX_5ohhexa[e],False,False,False,0,0
7OHOCTAc,False,False,True,3,3
7OHOCTAte,False,False,True,3,3
EX_7ohocata[e],False,False,False,0,0
ETHMALCOAc,False,False,True,5,4
ETHMALACc,False,False,True,5,4
ETHMALACte,False,False,True,5,4
EX_ethmalac[e],False,False,False,0,0
HEXGLYc,True,False,False,2,0
HEXGLYte,True,False,False,2,0
EX_hexgly[e],False,False,False,0,0
METHSUCCOAc,False,False,True,5,4
METHSUCC,False,False,True,5,4
METHSUCCte,False,False,True,5,4
EX_methsucc[e],False,False,False,0,0
SUBGLYc,True,False,False,2,0
SUBGLYte,True,False,False,2,0
EX_subgly[e],False,False,False,0,0
4OHBUTm,False,False,True,5,4
4OHBUTtmc,False,False,True,5,4
4OHBUTtce,False,False,True,5,4
EX_4ohbut[e],False,False,False,0,0
12HPETUPKt,False,True,False,0,1
15HPETUPKt,False,False,False,0,0
3AIBSYMPt,False,False,True,5,3
AK2LGCHOLABCt,False,False,True,4,4
APRGSTRNABCt,False,False,False,0,0
C14770UPKt,False,False,False,0,0
C14771UPKt,False,False,False,0,0
CE1243UPKt,False,False,False,0,0
CE2510ABCt,False,False,False,0,0
CE2537ABCt,False,False,False,0,0
CE7082UPKt,False,False,False,0,0
CE7172UPKt,False,False,False,0,0
NRVNCABCt,False,False,False,0,0
PAFABCt,False,False,True,4,4
PAIL_hs_SECt,False,False,False,0,0
PAILPALM_HSSECt,False,False,True,5,4
PAILR_HSSECt,False,False,True,5,4
PAILSTE_HSSECt,False,False,True,5,4
PCHLN225_HSABCt,False,False,True,4,4
PCHOL2LINL_HSABCt,False,False,True,4,4
PCHOL2OLE_HSABCt,False,False,True,4,4
PCHOL2STE_HSABCt,False,False,True,4,4
PCHOLAR_HSABCt,False,False,True,4,4
PCHOLDOC_HSABCt,False,False,True,4,4
PCHOLEIC_HSABCt,False,False,True,4,4
PCHOLET_HSABCt,False,False,True,4,4
PCHOLHEP_HSABCt,False,False,True,4,4
PCHOLLINL_HSABCt,False,False,True,4,4
PCHOLMYR_HsABCt,False,False,True,4,4
PCHOLN15_HSABCt,False,False,True,4,4
PCHOLN183_HSABCt,False,False,True,4,4
PCHOLN1836_HSABCt,False,False,True,4,4
PCHOLN19_HSABCt,False,False,True,4,4
PCHOLN201_HSABCt,False,False,True,4,4
PCHOLN203_HSABCt,False,False,True,4,4
PCHOLN204_HSABCt,False,False,True,4,4
PCHOLN205_HSABCt,False,False,True,4,4
PCHOLN224_HSABCt,False,False,True,4,4
PCHOLN225_HSABCt,False,False,True,4,4
PCHOLN2254_HSABCt,False,False,True,4,4
PCHOLN264_HSABCt,False,False,True,4,4
PCHOLOLE_HSABCt,False,False,True,4,4
PCHOLPALME-HSABCt,False,False,True,4,4
PCHOLSTE_HSABCt,False,False,True,4,4
PE12_HSABCt,False,False,True,4,4
Pe13_HSABCt,False,False,True,4,4
PE14_HSABCt,False,False,True,4,4
PE15_HSABCt,False,False,True,4,4
PE161_HSABCt,False,False,True,4,4
PE17_HSABCt,False,False,True,4,4
PE203_HSABCt,False,False,True,4,4
PE226_HSABCt,False,False,True,4,4
PE2LINL_HSABCt,False,False,True,4,4
PEAR_HSABCt,False,False,True,4,4
PEDH203_HSABCt,False,False,True,4,4
PELINL_HSABCt,False,False,True,4,4
PELPALM_HSABCt,False,False,True,4,4
PEOLE_HSABCt,False,False,True,4,4
PEPALM_HSASBCt,False,False,True,4,4
PESTE_HSABCt,False,False,True,4,4
SPHMYLN_HsSECt,False,False,False,0,0
SPHMYLN180241_hs_SECt,False,False,False,0,0
SPHMYLN18114_hs_SECt,False,True,False,0,1
SPHMYLN18115_hs_SECt,False,False,False,0,0
SPHMYLN18116_hs_SECt,False,False,False,0,0
SPHMYLN181161_hs_SECt,False,False,False,0,0
SPHMYLN18117_hs_SECt,False,False,False,0,0
SPHMYLN18118_hs_SECt,False,False,False,0,0
SPHMYLN181181_hs_SECt,False,False,False,0,0
SPHMYLN18120_hs_SECt,False,False,False,0,0
SPHMYLN181201_hs_SECt,False,True,False,0,1
SPHMYLN18121_hs_SECt,False,True,False,0,1
SPHMYLN18122_hs_SECt,False,False,False,0,0
SPHMYLN181221_hs_SECt,False,False,False,0,0
SPHMYLN18123_hs_SECt,False,False,False,0,0
SPHMYLN1824_hs_SECt,False,False,False,0,0
SPHMYLN1825_hs_SECt,False,False,False,0,0
3AIBt1,False,False,True,5,4
APRGSTRNt1e,False,False,True,5,4
DIGALSGALSIDEATPte,False,False,True,2,4
PAIL_hs_t1e,False,False,False,0,0
PAILR_HSt1e,False,False,True,5,4
PAILPALM_HSt1e,False,False,True,5,4
PAILSTE_HSt1e,False,False,True,5,4
PCHOL2LINL_HSt1e,False,False,True,4,4
PCHOL2OLE_HSt1e,False,False,True,4,4
PCHOL2STE_HSt1e,False,False,True,4,4
PCHOLAR_HSt1e,False,False,True,4,4
PCHOLDOC_HSt1e,False,False,True,4,4
PCHOLEIC_HSt1e,False,False,True,4,4
PCHOLET_HSt1e,False,False,True,4,4
PCHOLHEP_HSt1e,False,False,True,4,4
PCHOLLINL_HSt1e,False,False,True,4,4
PCHOLMYR_Hst1e,False,False,True,4,4
PCHOLN15_HSt1e,False,False,True,4,4
PCHOLN183_HSt1e,False,False,True,4,4
PCHOLN1836_HSt1e,False,False,True,4,4
PCHOLN19_HSt1e,False,False,True,4,4
PCHOLN201_HSt1e,False,False,True,4,4
PCHOLN203_HSt1e,False,False,True,4,4
PCHOLN204_HSt1e,False,False,True,4,4
PCHOLN205_HSt1e,False,False,True,4,4
PCHOLN224_HSt1e,False,False,True,4,4
PCHOLN225_HSt1e,False,False,True,4,4
PCHOLN2254_HSt1e,False,False,True,4,4
PCHLN225_HSt1e,False,False,True,4,4
PCHOLN264_HSt1e,False,False,True,4,4
PCHOLOLE_HSt1e,False,False,True,4,4
PEPALM_HSt1e,False,False,True,4,4
PCHOLPALME-HSt1e,False,False,True,4,4
PCHOLSTE_HSt1e,False,False,True,4,4
PE12_HSt1e,False,False,True,4,4
Pe13_HSt1e,False,False,True,4,4
PE14_HSt1e,False,False,True,4,4
PE15_HSt1e,False,False,True,4,4
PE161_HSt1e,False,False,True,4,4
PE17_HSt1e,False,False,True,4,4
PE203_HSt1e,False,False,True,4,4
PE226_HSt1e,False,False,True,4,4
PE2LINL_HSt1e,False,False,True,4,4
PEAR_HSt1e,False,False,True,4,4
PEDH203_HSt1e,False,False,True,4,4
PELINL_HSt1e,False,False,True,4,4
PEOLE_HSt1e,False,False,True,4,4
PELPALM_HSt1e,False,False,True,4,4
PESTE_HSt1e,False,False,True,4,4
SPHMYLN_HsATPte,False,False,True,2,4
SPHMYLN180241_hs_ATPt,False,False,True,2,4
SPHMYLN180241_hs_t1,False,False,True,2,4
SPHMYLN18114_hs_ATPt,False,False,True,2,4
SPHMYLN18114_hs_t1,False,False,True,2,4
SPHMYLN18115_hs_ATPt,False,False,True,2,4
SPHMYLN18115_hs_t1,False,False,True,2,4
SPHMYLN18116_hs_ATPt,False,False,True,2,4
SPHMYLN18116_hs_t1,False,False,True,2,4
SPHMYLN181161_hs_ATPt,False,False,True,2,4
SPHMYLN181161_hs_t1,False,False,True,2,4
SPHMYLN18117_hs_ATPt,False,False,True,2,4
SPHMYLN18117_hs_t1,False,False,True,2,4
SPHMYLN18118_hs_ATPt,False,False,True,2,4
SPHMYLN18118_hs_t1,False,False,True,2,4
SPHMYLN181181_hs_ATPt,False,False,True,2,4
SPHMYLN181181_hs_t1,False,False,True,2,4
SPHMYLN18120_hs_ATPt,False,False,True,2,4
SPHMYLN18120_hs_t1,False,False,True,2,4
SPHMYLN181201_hs_ATPt,False,False,True,2,4
SPHMYLN181201_hs_t1,False,False,True,2,4
SPHMYLN18121_hs_ATPt,False,False,True,2,4
SPHMYLN18121_hs_t1,False,False,True,2,4
SPHMYLN18122_hs_ATPt,False,False,True,2,4
SPHMYLN18122_hs_t1,False,False,True,2,4
SPHMYLN181221_hs_ATPt,False,False,True,2,4
SPHMYLN181221_hs_t1,False,False,True,2,4
SPHMYLN18123_hs_ATPt,False,False,True,2,4
SPHMYLN18123_hs_t1,False,False,True,2,4
SPHMYLN1824_hs_ATPt,False,False,True,2,4
SPHMYLN1824_hs_t1,False,False,True,2,4
SPHMYLN1825_hs_ATPt,False,False,True,2,4
SPHMYLN1825_hs_t1,False,False,True,2,4
2HXIC_Lt1e,False,False,True,5,4
2HXIC_Lt2e,False,False,True,5,4
2HYDOGOAT3t,True,False,False,2,0
2HYDOGte,True,False,False,2,0
GLUTAROAT3t,True,False,False,1,0
GLUTARte,True,False,False,1,0
THEXDDm,False,False,True,5,4
THEXDDtm,False,False,False,0,0
THEXDDte,False,False,False,0,0
EX_thexdd[e],False,False,False,0,0
HEXDTRm,False,False,True,5,4
HEXDTRtm,False,False,True,5,4
HEXDTRte,False,False,True,3,4
EX_hexdtr[e],False,False,False,0,0
HPDECECOAm,False,False,True,4,2
HPDECEm,False,False,True,4,2
HPDECEtm,False,False,False,0,0
HPDECEte,False,False,False,0,0
EX_hpdece[e],False,False,False,0,0
EIC21114TRc,False,False,True,5,4
EIC21114TRte,False,False,True,3,3
EX_eic21114tr[e],False,False,False,0,0
5EIPENCm,False,False,True,5,4
5EIPENCtm,False,False,False,0,0
5EIPENCte,False,False,False,0,0
EX_5eipenc[e],False,False,False,0,0
T4HCINNMte,False,False,True,5,4
ANDRSTNDNte,False,False,False,0,0
EANDRSTRNte,False,False,False,0,0
AHANDROSTANte,False,False,True,1,2
ANDRSTANDRte,False,False,False,0,0
CE2209te,False,False,False,0,0
C05301te,False,False,True,1,1
C05299te,False,False,False,0,0
C05302te,False,True,False,0,1
CE5072te,False,False,False,0,0
11DOCRTSLte,False,False,False,0,0
11DOCRTSTRNte,False,False,False,0,0
PRGNLONEte,False,False,False,0,0
CE2211te,False,False,False,0,0
17AHPRGSTRNte,False,False,False,0,0
17AHPRGNLONEte,False,False,False,0,0
C03681te,False,False,False,0,0
PRGNLONESte,False,False,False,0,0
CE1352te,False,False,False,0,0
MMAt2e,False,False,False,0,0
C05769te,False,False,True,2,1
SAMHISTAe,False,False,True,5,4
CE2006te,False,False,True,1,4
GLCRt1,False,False,True,5,4
2HYOXPLCte,False,False,True,3,3
N8ASPMDte,False,True,False,0,2
MHISTAte,False,False,True,2,2
CE4890te2,False,False,True,5,4
C09642te,False,False,True,5,4
2OBUTt,False,False,True,5,4
PPP9ABCte,True,False,False,1,0
MLTHFte,False,True,False,0,1
TYMte2,False,False,True,5,4
TRYPTAte,False,False,True,5,4
CE4890te,False,False,True,5,4
SELMETHte,True,False,False,1,0
CE7090te,False,False,True,1,3
CE7085te,False,False,True,1,2
CE7096te,False,False,True,1,2
CE4877te,False,False,True,1,3
CE1447te,False,False,True,1,3
C05769te3,True,False,False,1,0
C05770te4,False,True,False,0,2
C05770te,False,False,True,3,1
MLTHFte3,False,False,True,4,3
CE2705t,False,False,False,0,0
SPHS1Pt2e,False,False,True,3,4
MMAte,True,False,False,1,0
PTRCARGte,False,False,True,2,3
MLTHFte2,False,False,True,4,3
TYMte,False,False,True,5,4
13DAMPPte,False,False,True,3,4
HDD2CRNte2,False,False,False,0,0
MLTHFte1,False,False,True,5,4
ARGN1ASPMDte,False,False,False,0,0
CE1918te,False,False,True,1,3
34DHPHAte,False,False,True,3,4
34DHOXMANDte,False,False,True,5,4
CE6205te,False,False,True,1,1
1A25DHVITD3te,False,False,True,4,3
ISOBUTtm,False,False,True,2,2
ISOBUTte,False,False,True,2,2
EX_CE4969[e],False,False,False,0,0
NACCYStm,False,False,True,5,4
NACCYSte,False,False,True,5,3
EX_CE1310[e],False,True,False,0,1
T4HCINNMtm,False,False,True,5,4
EX_T4hcinnm[e],False,True,False,0,1
4HBZte,False,False,True,5,4
SUCSALtm,False,False,True,5,4
SUCSALte,False,False,True,5,4
EX_sucsal[e],False,False,False,0,0
CE7081tr,True,False,False,2,0
CE7081tm,False,False,False,0,0
EX_CE7081[e],False,False,False,0,0
12HARACHDtr,False,False,False,0,0
12HARACHDte,False,False,False,0,0
EX_12harachd[e],False,False,False,0,0
18HARACHDtr,False,False,False,0,0
18HARACHDte,False,False,False,0,0
EX_18harachd[e],False,False,False,0,0
SQLtr,False,False,False,0,0
SQLte,False,False,False,0,0
EX_sql[e],False,False,False,0,0
ORN_Dtx,False,False,True,5,4
ORN_Dte,False,False,True,5,4
EX_andrstndn[e],False,False,False,0,0
DHEAte,False,False,False,0,0
EX_dhea[e],False,False,False,0,0
EANDRSTRNtr,False,False,False,0,0
EX_eandrstrn[e],False,False,False,0,0
AHANDROSTANtr,False,False,False,0,0
ANDRSTANDRtr,False,False,True,5,2
EX_andrstandn[e],False,False,False,0,0
EX_CE2209[e],False,False,False,0,0
ESTRONEte,False,False,False,0,0
EX_estrone[e],False,False,False,0,0
C05298te,False,False,False,0,0
EX_C05298[e],False,False,False,0,0
EX_C05301[e],False,False,False,0,0
EX_C05299[e],False,False,False,0,0
EX_C05302[e],False,False,False,0,0
EX_CE5072[e],False,False,False,0,0
EX_11docrtsl[e],False,False,False,0,0
EX_11docrtstrn[e],False,False,False,0,0
EX_prgnlone[e],False,False,False,0,0
EX_CE2211[e],False,False,False,0,0
EX_17ahprgstrn[e],False,False,False,0,0
EX_17ahprgnlone[e],False,False,False,0,0
EX_C03681[e],False,False,False,0,0
HC02020tr,False,False,False,0,0
HC02020te,False,False,False,0,0
EX_HC02020[e],False,False,False,0,0
EX_prgnlones[e],False,False,False,0,0
EX_CE1352[e],False,False,False,0,0
XOL24OHtr,True,False,False,1,0
XOL24OHte,False,False,False,0,0
EX_xol24oh[e],False,False,False,0,0
XOL27OHte,False,False,False,0,0
EX_xol27oh[e],False,False,False,0,0
XOL25OHtr,False,False,False,0,0
XOL25OHte,False,False,False,0,0
EX_xol25oh[e],False,False,False,0,0
DSMSTEROLtr,False,False,True,4,1
DSMSTEROLte,False,False,False,0,0
EX_dsmsterol[e],False,False,False,0,0
CHSTEROLSte,False,False,False,0,0
EX_chsterols[e],False,False,False,0,0
13_CIS_RETNte,False,False,True,5,4
EX_13_cis_retn[e],False,False,True,1,1
CE1617te,False,False,True,5,4
EX_CE1617[e],False,False,False,0,0
HC00460te,False,False,True,5,3
EX_HC00460[e],False,False,False,0,0
EX_34dhoxmand[e],False,False,False,0,0
FNA5MOXAMte,False,False,False,0,0
EX_fna5moxam[e],False,False,False,0,0
EX_CE7090[e],False,False,False,0,0
EX_CE7085[e],False,False,False,0,0
EX_CE7096[e],False,False,False,0,0
EX_CE4877[e],False,False,False,0,0
EX_CE1447[e],False,False,False,0,0
EX_CE2006[e],False,False,False,0,0
CE1401te,False,False,True,5,4
EX_CE1401[e],False,False,False,0,0
GLUCYSte,False,False,True,5,4
EX_glucys[e],False,False,False,0,0
EX_n8aspmd[e],False,False,False,0,0
EX_CE6205[e],False,False,False,0,0
MELATNte,False,False,False,0,0
EX_melatn[e],False,False,False,0,0
6HOXMELATNte,False,False,False,0,0
EX_6hoxmelatn[e],False,False,False,0,0
EX_trypta[e],False,False,False,0,0
C10164te,False,False,False,0,0
EX_C10164[e],False,False,False,0,0
EX_CE4890[e],False,False,False,0,0
EX_C09642[e],False,False,False,0,0
C05767te,False,False,True,5,4
EX_C05767[e],False,False,True,2,1
EX_mhista[e],False,False,False,0,0
PPBNGte,False,False,True,5,4
EX_ppbng[e],False,False,True,1,1
EX_13dampp[e],False,False,False,0,0
EX_mma[e],False,False,False,0,0
12PPDRte,False,False,True,5,4
EX_12ppd_R[e],False,False,False,0,0
AMETAMte,False,True,False,0,1
EX_ametam[e],False,False,False,0,0
XYLULte,False,False,True,5,4
EX_xylu_L[e],False,False,False,0,0
XYLUDte,False,False,True,5,4
EX_xylu_D[e],False,False,True,1,2
GLCNte,False,False,True,5,4
CE0737te,False,False,True,2,1
EX_CE0737[e],False,False,False,0,0
EX_sphings[e],False,False,False,0,0
HDD2CRNte,False,True,False,0,1
EX_hdd2crn[e],False,False,False,0,0
IM4ACte,False,False,True,5,4
EX_im4ac[e],False,False,False,0,0
EX_CE1918[e],False,False,False,0,0
EX_mlthf[e],False,False,False,0,0
EX_ppp9[e],False,False,False,0,0
AACTte,False,False,True,5,4
EX_aact[e],False,False,False,0,0
EX_CE2705[e],False,False,False,0,0
SPHGNte,False,False,True,1,1
EX_sphgn[e],False,False,False,0,0
SELMETHt2e,True,False,False,1,0
EX_N1aspmd[e],False,False,False,0,0
C13856te,False,False,False,0,0
1A25DHVITD3t2e,False,False,True,4,3
EX_1a25dhvitd3[e],False,False,False,0,0
CE2049te,False,True,False,0,1
EX_CE2049[e],False,False,False,0,0
CE2047te,False,True,False,0,1
EX_CE2047[e],False,False,False,0,0
LANOSTte,False,False,False,0,0
FDPte,False,False,True,5,4
EX_fdp[e],False,False,False,0,0
LANOSTtr,False,False,True,1,1
HC00005te,False,False,True,3,3
EX_HC00005[e],False,False,False,0,0
HC00005t1e,False,False,True,3,3
HC00006te,True,False,False,1,0
EX_HC00006[e],False,False,False,0,0
HC00006t1e,False,False,False,0,0
HC00007te,False,True,False,0,1
EX_HC00007[e],False,False,False,0,0
HC00007t1e,False,True,False,0,1
HC00008te,False,False,False,0,0
EX_HC00008[e],False,False,False,0,0
HC00008t1e,False,False,False,0,0
HC00009te,False,False,True,1,2
EX_HC00009[e],False,False,False,0,0
HC00009t1e,False,False,True,1,2
DOPASULT4,False,False,True,1,2
UDPG4DOPA,False,False,True,4,4
UDPG3DOPA,False,False,True,4,4
TYRDOPOX,False,True,False,0,1
34DHPEAR,False,False,True,5,4
DOPA4SFt,False,False,True,1,2
EX_dopa4sf[e],False,False,False,0,0
DOPA4GLCURt,False,False,True,1,4
EX_dopa4glcur[e],False,False,False,0,0
DOPA3GLCURt,False,False,True,1,4
EX_dopa3glcur[e],False,False,False,0,0
DOPACHRMDC,False,False,True,5,4
CE5026t,False,False,True,5,4
GGTe_1,False,False,True,5,3
CYSGLYPTASEe_1,False,False,False,0,0
CE1261t,False,False,True,5,4
DOPAOQCYS,False,False,True,3,4
LACROX,False,False,False,0,0
NADPQNOXR,False,False,True,4,4
NADQNOXR,False,False,True,4,4
DACT,False,False,True,5,4
DACGST,False,False,True,5,1
4GLU56DIHDINDt,False,False,False,0,0
EX_4glu56dihdind[e],False,False,False,0,0
5CYSDOPAt,False,False,True,3,4
EX_5cysdopa[e],False,False,False,0,0
CE5025t,False,False,True,5,4
EX_CE5025[e],False,False,False,0,0
CE2172t,False,False,True,5,4
EX_CE2172[e],False,False,False,0,0
CE5629t,True,False,False,3,0
EX_CE5629[e],False,False,False,0,0
BGAL1l,False,False,True,5,4
BGAL2l,False,False,True,4,4
BGAL3l,False,False,True,5,4
CRMte,False,False,True,5,3
EX_gluside_hs[e],False,False,False,0,0
GA1tl,False,False,True,4,4
GBA2e,False,False,True,5,3
GLA2l,False,False,True,3,1
GLUSIDEte,False,False,True,1,2
GLUSIDEtg,False,False,False,0,0
GLUSIDEtl,True,False,False,3,0
GM1tl,False,False,True,5,4
HEXA1l,False,False,True,3,2
HEXA2l,False,False,True,5,3
HEXAHBl,False,False,True,3,4
NEU11l,False,False,True,2,1
NEU21,False,False,False,0,0
NEU22,False,False,False,0,0
NEU24,False,False,False,0,0
NEU310e,False,False,True,4,4
NEU33e,False,False,True,5,4
NEU34e,False,False,True,5,4
NEU36e,False,False,True,5,4
NEU39e,False,False,True,4,4
SMS21e,False,False,False,0,0
SMSn,False,False,False,0,0
SPHMYLNte,False,False,False,0,0
SPHMYLNtl2,False,False,True,2,4
SPMD3n,False,False,False,0,0
RE3477C1,False,False,True,3,2
NO2te,False,False,True,5,4
WHTSTSTERONEtr,False,False,True,4,2
UDPGALt2n,False,False,True,1,1
UDPGALt2r,False,False,True,3,1
TETTET6COAtm,True,False,False,5,0
TETPENT6COAtm,False,False,True,5,1
TETPENT3COAtm,True,False,False,5,0
PCHOL_HStn,False,False,False,0,0
CHOLPtn,False,False,True,5,4
LCYSTtm,False,False,True,5,4
34DHPEt,False,False,True,5,4
EX_34dhpe[c],False,False,False,0,0
GALSIDEter,False,False,True,1,2
GALSIDEtn,False,False,True,1,2
CERT1tn,False,False,True,1,1
GD1Atg,False,False,False,0,0
ATPtg,False,False,True,5,4
GD1Btl,False,False,True,5,4
GD3tlc,False,False,True,4,2
PAPtl,True,False,False,1,0
CATr,False,False,True,2,1
S2L2N2M2Mtl,False,False,True,3,1
EX_pail_hs[e],False,False,False,0,0
EX_CE1243[e],False,False,False,0,0
EX_CE5026[e],False,False,False,0,0
EX_5cysgly34dhphe[e],False,False,False,0,0
EX_CE1261[e],False,False,False,0,0
EX_ga1_hs[e],False,False,False,0,0
EX_gm1_hs[e],False,False,False,0,0
EX_gm1b_hs[e],False,False,False,0,0
EX_gd1b_hs[e],False,False,False,0,0
EX_gt1b_hs[e],False,False,False,0,0
EX_nadh[e],False,False,False,0,0
12DHCHOLabc,False,False,True,3,3
12DHCHOLt,False,True,False,0,2
12DHCHOLt2,False,False,True,3,1
3DHCAS,False,False,False,0,0
3DHCDCHOLabc,False,False,True,3,3
3DHCDCHOLt,False,False,True,2,2
3DHCDCHOLt2,False,False,True,1,2
3DHCHOLabc,False,False,True,3,3
3DHCHOLt,False,False,True,2,2
3DHCHOLt2,False,False,True,1,4
3DHDCAabc,False,False,True,3,2
3DHDCAS,True,False,False,1,0
3DHDCAt,False,False,True,2,1
3DHDCAt2,False,True,False,0,2
3DHLCAabc,False,False,True,3,2
3DHLCAt,False,False,True,3,1
3DHLCAt2,False,True,False,0,1
7DHCDCHOLabc,False,False,True,3,3
7DHCDCHOLt,False,False,True,2,2
7DHCDCHOLt2,False,False,True,1,1
7DHCHOLabc,False,False,True,3,3
7DHCHOLt,False,False,True,3,1
7DHCHOLt2,False,True,False,0,2
CA24GSc,True,False,False,1,0
CA24GSr,False,False,False,0,0
CA24Gte,True,False,False,1,0
CA24Gtr,False,False,False,0,0
CA3Sabc,False,False,True,3,3
CA3St,False,False,True,3,3
CASULT,False,False,False,0,0
HC02220t,False,False,True,5,4
COPROSTabc,False,False,True,3,3
COPROSTt,False,False,True,2,1
COPROSTt2,False,False,True,1,2
DCA24GSc,True,False,False,1,0
DCA24GSr,False,False,False,0,0
DCA24Gte,True,False,False,1,0
DCA24Gtr,True,False,False,1,0
DCA3GSc,False,False,False,0,0
DCA3GSr,True,False,False,1,0
DCA3Gte,True,False,False,1,0
DCA3Gtr,True,False,False,1,0
DCA3Sabc,False,False,True,3,3
DCA3St,False,False,True,3,3
DCASULT,False,False,False,0,0
EX_3dhchol[e],False,False,False,0,0
EX_3dhdchol[e],False,False,False,0,0
EX_ca24g[e],False,False,False,0,0
EX_ca3s[e],False,False,False,0,0
EX_dca24g[e],False,False,False,0,0
EX_dca3g[e],False,False,False,0,0
EX_dca3s[e],False,False,False,0,0
EX_gca3s[e],False,False,False,0,0
EX_gcdca3s[e],False,False,False,0,0
EX_gdca3s[e],False,False,False,0,0
EX_tca3s[e],False,False,False,0,0
EX_tcdca3s[e],False,False,False,0,0
EX_tdca3s[e],False,False,False,0,0
EX_thyochol[e],False,False,False,0,0
GCA3Sabc,False,False,True,3,3
GCA3St,False,False,True,3,3
GCASULT,False,False,False,0,0
GCDCA3Sabc,False,False,True,3,3
GCDCA3St,False,False,True,3,3
GCDCASULT,False,False,False,0,0
GDCA3Sabc,False,False,True,3,3
GDCA3St,False,False,True,3,3
GDCASULT,False,False,False,0,0
GUDCA3Sabc,False,False,True,3,3
GUDCA3St,False,False,True,3,3
HYOCHOLabc,False,False,True,3,2
HYOCHOLt,False,False,True,2,1
HYOCHOLt2,False,False,True,1,1
ICDCHOLabc,False,False,True,3,3
ICDCHOLt,False,False,True,1,2
ICDCHOLt2,False,False,True,2,1
ISOCHOLabc,False,False,True,3,3
ISOCHOLt,False,False,True,2,3
ISOCHOLt2,True,False,False,1,0
LCA3Sabc,False,False,True,3,3
LCA3St,False,False,True,3,3
TCA3Sabc,False,False,True,3,3
TCA3St,False,False,True,3,3
TCASULT,False,False,False,0,0
TCDCA3Sabc,False,False,True,3,3
TCDCA3St,False,False,True,3,3
TCDCA6AH,True,False,False,1,0
TCDCASULT,False,False,False,0,0
TDCA3Sabc,False,False,True,3,3
TDCA3St,False,False,True,3,3
TDCASULT,False,False,False,0,0
THYOCHOLabc,False,False,True,3,2
THYOCHOLt,False,False,True,2,1
THYOCHOLt2,False,True,False,0,1
TUDCA3Sabc,False,False,True,3,3
TUDCA3St,False,False,True,3,3
UCHOLabc,False,False,True,3,3
UCHOLt,False,False,True,1,1
UCHOLt2,False,False,True,2,3
UDCA3Sabc,False,False,True,3,3
UDCA3St,False,False,True,3,3
UDCHOLt,False,False,True,4,4
UDCHOLt2,False,False,False,0,0
12HTACRtu,False,False,False,0,0
12HTACRtep,False,False,False,0,0
13DMTtu,False,False,False,0,0
13DMTtep,False,False,False,0,0
1513TACRtu,False,False,False,0,0
1513TACRtep,False,False,False,0,0
15DMTtu,False,False,False,0,0
15DMTtep,False,False,False,0,0
2HATVLAChc,False,False,True,2,1
2HATVACIDhc,False,False,True,2,1
2HATVACIDteb,False,False,True,3,2
2HATVACIDtep,False,False,True,5,4
2HATVACIDthc,False,False,True,5,4
2HATVLACteb,False,False,True,3,2
2HATVLACtep,False,False,True,5,4
2HATVLACthc,False,False,True,5,4
31DMTtu,False,False,False,0,0
31DMTtep,False,False,False,0,0
35DHPVStep,False,False,True,5,4
35DHPVSthc,False,False,True,5,4
3HPVSTETteb,False,False,True,3,1
3HPVSTETtev,False,False,True,3,1
3HPVSteb,False,False,True,3,1
3HPVStep,False,False,True,5,4
3HPVSthc,False,False,True,4,4
3ISPVSteb,False,False,True,3,1
3ISPVStep,False,False,True,5,4
3ISPVSthc,False,False,True,5,4
4BHGLZABCt,False,False,False,0,0
4BHGLZtev,False,False,False,0,0
4HATVACIDhc,False,False,True,2,1
4HATVACIDteb,False,False,True,3,2
4HATVACIDtep,False,False,True,5,4
4HATVACIDthc,False,False,True,5,4
4HATVLAChc,False,False,True,2,1
4HATVLACteb,False,False,True,3,2
4HATVLACtep,False,False,True,5,4
4HATVLACthc,False,False,True,5,4
56DHPVSteb,False,False,True,3,1
56DHPVStev,False,False,True,3,1
56EPPVSteb,False,False,True,3,1
56EPPVStev,False,False,True,3,1
6AHGLZABCt,False,False,False,0,0
6AHGLZtev,False,False,False,0,0
6BHGLZABCt,False,False,False,0,0
6BHGLZGLCABCt,False,False,False,0,0
6BHGLZGLCtev,False,False,False,0,0
6BHGLZtev,False,True,False,0,1
6EPSteb,False,False,True,3,1
6EPVStep,False,False,True,5,4
6EPVSthc,False,False,True,5,4
7AHGLZABCt,False,False,False,0,0
7AHGLZtev,False,False,False,0,0
7BHGLZABCt,False,False,False,0,0
7BHGLZGLCABCt,False,False,False,0,0
7BHGLZGLCtev,False,False,False,0,0
7BHGLZtev,False,False,False,0,0
7HPVSteb,False,False,True,3,1
7HPVStev,False,False,True,3,1
ALLOP2tu,False,False,True,1,2
ACMPtu,False,False,True,1,2
ACMPGLUTdt,False,False,False,0,0
ACMPGLUTtep,False,False,True,3,2
ACMPGLUTthc,False,False,True,3,2
ACMPGLUtep,False,False,True,3,2
ACMPGLUthc,False,False,True,3,2
ACMPdt,False,False,True,2,2
ACMPthc,False,False,True,3,2
ALLOP1tu,False,False,False,0,0
ALLOPtepvb,False,False,True,1,2
AM19CSteb,False,False,False,0,0
AM1ACSteb,False,False,False,0,0
AM1ACStep,False,False,False,0,0
AM1ALCSteb,False,False,False,0,0
AM1ALCStep,False,False,False,0,0
AM1C9CSteb,False,False,False,0,0
AM1C9CStev,False,False,False,0,0
AM1CCSteb,False,False,False,0,0
AM1CCStev,False,False,False,0,0
AM1CSAtep,False,False,False,0,0
AM4N9CStev,False,True,False,0,1
AM4NC9CSteb,False,False,False,0,0
AM4NCSteb,False,False,False,0,0
AM4NCStep,False,False,False,0,0
AM9CSAteb,False,False,False,0,0
AM9CSAtep,False,False,False,0,0
ATVACIDMCTtu,False,False,True,3,3
ATVACIDOATPtu,False,False,True,5,4
ATVACIDhc,False,False,True,2,1
ATVACIDhr,False,False,False,0,0
ATVACIDtdu,False,False,True,2,2
ATVACIDtu,False,False,True,1,2
ATVACYLGLUChc,True,False,False,1,0
ATVETHGLUChc,False,False,False,0,0
ATVLACGLCURhc,False,False,False,0,0
ATVLACThc,False,False,True,5,4
ATVLACh2r,True,False,False,1,0
ATVLAChc,False,False,True,1,1
ATVLAChr,False,False,False,0,0
ATVLACtdhc,False,False,True,5,4
ATVLACtu,False,False,True,1,2
Am19CStev,False,False,False,0,0
Am1CSAteb,False,False,False,0,0
CRGLZABCt,False,False,False,0,0
CRGLZtev,False,False,False,0,0
CRVS1tev,True,False,False,1,0
CRVSATPthc,False,False,False,0,0
CRVSATPtu,False,False,True,1,2
CRVSM1hr,False,False,True,3,4
CRVSM1teb,True,False,False,1,0
CRVSM23hr,False,False,True,3,4
CRVSM23teb,True,False,False,1,0
CRVSM23tev,True,False,False,1,0
CRVSM24teb,True,False,False,1,0
CRVSM24tev,True,False,False,1,0
CRVStu,False,False,True,5,4
CRVSthc,False,False,True,5,4
CSASULPteb,False,False,False,0,0
CSASULPtev,False,False,False,0,0
CSAtd,False,False,True,1,2
CSAtu,False,False,True,1,2
CVM1GLUChc,False,False,True,3,4
CVM23GLUChc,False,False,True,3,4
DHGLZABCt,False,False,False,0,0
DHGLZtev,False,False,False,0,0
DSPVSteb,False,False,True,3,1
DSPVStev,False,False,True,3,1
FVSGLUChc,False,False,False,0,0
FVShc,False,False,False,0,0
FVSteb,False,False,False,0,0
FVStep,False,False,True,5,4
FVStu,False,False,True,5,4
GLZABCteb,False,False,False,0,0
GLZtd,False,False,False,0,0
IBUPGLUCtchep,False,False,False,0,0
IBUPGLUCtpvb,False,False,False,0,0
IBUP_Rtdhep,False,False,True,5,4
IBUP_Rtdu,False,False,True,4,4
IBUP_Stbc,False,False,False,0,0
IBUP_Stdhep,False,False,True,4,3
IBUP_Stdu,False,False,True,4,3
LST4EXPTDhc,False,False,True,5,4
LST4EXPthc,False,False,True,5,4
LSTNtu,False,False,True,1,2
LSTNM7TDhc,False,False,True,5,4
LSTNM7thc,False,False,True,5,4
LSTNRATt,False,False,True,4,4
LSTNtd,False,False,True,5,4
LVACLAChep,False,False,True,2,1
LVSTACIDhep,False,False,True,2,1
LVSTPGPtu,False,False,True,1,2
LVSTtu,False,False,True,1,2
MDZtd,False,False,True,1,2
MDZtu,False,False,True,1,2
MERACMPtep,False,False,True,3,2
MERACMPthc,False,False,True,3,2
MHGLZABCt,False,False,False,0,0
MHGLZtev,False,False,False,0,0
OXYPthc,False,False,True,5,4
OXYPtepv,False,False,True,5,4
PTVSTATPtu,True,False,False,1,0
PTVSTGLUChc,False,False,True,2,1
PTVSTLAChc,False,False,True,2,1
PTVSThc,False,False,True,2,1
PTVSTtep,False,False,True,5,4
PTVSTtu,False,False,True,5,4
PVSATPtu,False,False,True,3,1
PVSGLUCteb,False,False,True,3,1
PVSGLUCtev,False,False,True,3,1
PVSHtu,False,False,True,4,3
PVSOATPtu,False,False,True,5,4
PVStep,False,False,True,1,2
RSVATPtu,True,False,False,1,0
RSVGLUChc,False,False,True,2,1
RSVLAChv,False,False,True,2,1
RSVSPONhc,False,False,True,2,1
RSVhc,False,False,False,0,0
RSVtev,False,False,True,5,4
RSVtu,False,False,True,5,4
SMVACIDATPteb,False,False,True,1,2
SMVACIDhep,False,False,True,3,4
SMVACIDtev,False,False,True,1,2
SMVtu,False,False,True,1,2
SMVGLUCLAChep,False,False,False,0,0
SMVGLUChep,False,False,True,3,4
SMVHYDROhep,False,False,True,2,1
SMVLAChep,False,False,True,2,1
SMVtv,False,False,True,5,4
SMVthep,False,False,True,5,4
TACRDtsc,False,False,True,1,2
TACRtu,False,False,True,1,2
TLACFVShc,False,False,False,0,0
TMDOATPtsc,False,False,True,5,4
TMDOATtev,False,False,True,5,4
TMDOATthc,False,False,True,5,4
TMDtd,False,False,True,5,4
TRIPVSteb,False,False,True,3,1
TRIPVStev,False,False,True,3,1
RSVLACitr,False,False,True,2,1
H2O2itr,False,False,True,5,3
ATVACIDitr,False,False,True,1,1
ATVLACitr,False,False,True,1,1
SMVitr,True,False,False,1,0
RSVitr,False,False,True,2,1
SMVACIDitr,True,False,False,1,0
OHCLtm,False,False,True,4,4
EX_C13856[e],False,False,False,0,0
EX_M00003[e],False,False,False,0,0
EX_M00008[e],False,False,False,0,0
EX_M00010[e],False,False,False,0,0
EX_M00017[e],False,False,False,0,0
EX_M00019[e],False,False,False,0,0
EX_M00021[e],False,False,False,0,0
EX_M00115[e],False,False,False,0,0
EX_M00117[e],False,False,False,0,0
EX_M00260[e],False,False,False,0,0
EX_M00265[e],False,False,False,0,0
EX_M00315[e],False,False,False,0,0
EX_M00341[e],False,False,False,0,0
EX_M01197[e],False,False,False,0,0
EX_M01207[e],False,False,False,0,0
EX_M01235[e],False,False,False,0,0
EX_M01238[e],False,False,False,0,0
EX_M01582[e],False,False,False,0,0
EX_M02053[e],False,False,False,0,0
EX_M02457[e],False,False,False,0,0
EX_M02613[e],False,False,False,0,0
EX_M02745[e],False,False,False,0,0
EX_M03045[e],False,False,False,0,0
EX_M03051[e],False,False,False,0,0
EX_M03153[e],False,False,False,0,0
EX_HC02080[e],False,False,False,0,0
EX_h2co3[e],False,False,True,5,3
DCMPtm,False,False,True,4,3
CLCFTRtm,False,False,True,4,4
PROTEIN_BS,False,False,True,5,4
Htmi,False,False,False,0,0
CYOOm3i,False,False,True,5,4
HMR_10023,False,False,True,5,4
HMR_10024,False,False,True,5,4
HMR_10025,False,False,False,0,0
HMR_10026,False,False,False,0,0
HMR_10027,False,False,False,0,0
HMR_10031,False,False,False,0,0
HMR_10033,False,False,True,5,4
HMR_10035,False,False,True,5,4
HMR_10036,False,False,True,5,4
HMR_10037,False,False,True,4,3
HMR_10038,False,False,True,5,4
HMR_10039,False,False,True,5,4
HMR_10040,False,False,True,5,4
HMR_10041,False,False,True,5,4
HMR_10044,False,False,True,4,1
HMR_10045,False,False,False,0,0
HMR_10046,False,False,False,0,0
HMR_10047,False,False,False,0,0
HMR_10048,False,False,True,4,4
HMR_10049,False,False,True,5,4
HMR_10052,False,False,True,3,3
HMR_10053,False,False,True,3,4
HMR_10058,False,False,True,2,3
HMR_10061,False,False,True,5,4
HMR_10062,False,False,True,5,4
HMR_10063,False,False,True,5,4
HMR_10064,False,False,True,5,4
HMR_10065,False,False,True,5,4
biomass_human,False,False,True,5,4
HMR_10066,False,False,True,5,3
HMR_10067,False,True,False,0,2
HMR_10068,False,True,False,0,2
HMR_10069,False,False,False,0,0
HMR_10080,False,False,False,0,0
HMR_10082,False,False,True,3,2
HMR_10092,False,False,False,0,0
HMR_10094,False,False,False,0,0
HMR_10095,False,False,False,0,0
HMR_10097,False,False,False,0,0
HMR_10098,False,False,False,0,0
HMR_10103,False,False,True,3,2
HMR_10105,False,False,False,0,0
HMR_10106,False,False,False,0,0
HMR_10110,False,False,True,3,2
HMR_10111,False,False,False,0,0
HMR_10112,False,False,False,0,0
HMR_10118,False,False,True,3,2
HMR_10119,False,False,True,3,2
HMR_10120,False,False,True,3,2
HMR_10121,False,False,False,0,0
HMR_10122,False,False,False,0,0
HMR_10125,False,False,True,3,2
HMR_10127,False,False,True,3,2
HMR_10128,False,False,False,0,0
HMR_10129,False,False,False,0,0
VBOF,False,False,False,0,0
EX_VBOF,False,False,False,0,0
EX_m01368s,False,False,True,5,4
